"value_noRD","r_deploy","max_invest","max_invest_analytical","costDev_P1_index"
0.001,0.001,0,0,0.001
0.001,0.002,0,0,0.001
0.001,0.003,0,0,0.001
0.001,0.004,6,0,0.001
0.001,0.005,10,3.64641068109979,0.001
0.001,0.006,12,6.30001255912357,0.001
0.001,0.007,15,8.3715055150695,0.001
0.001,0.008,16,10.0708919534433,0.001
0.001,0.009,18,11.5117164589062,0.001
0.001,0.01,19,12.7623678704755,0.001
0.001,0.02,27,20.3937644289799,0.001
0.001,0.03,31,24.568550735991,0.001
0.001,0.04,34,27.4581028978434,0.001
0.001,0.05,36,29.6702019325139,0.001
0.001,0.06,38,31.4629369582191,0.001
0.001,0.07,40,32.9702525622293,0.001
0.001,0.08,41,34.2706718211397,0.001
0.001,0.09,42,35.4141976984027,0.001
0.001,0.1,43,36.4346448076248,0.001
0.001,0.2,50,43.1049290478385,0.001
0.001,0.3,54,46.9835836313705,0.001
0.001,0.4,56,49.7291494395496,0.001
0.001,0.5,58,51.8561097023558,0.001
0.001,0.6,60,53.5925961159707,0.001
0.001,0.7,62,55.0599806856129,0.001
0.001,0.8,63,56.3305851722156,0.001
0.001,0.9,64,57.451000320698,0.001
0.001,0.95,65,57.9652210504348,0.001
0.002,0.001,0,0,0.001
0.002,0.002,0,0,0.001
0.002,0.003,0,0,0.001
0.002,0.004,0,0,0.001
0.002,0.005,6,0,0.001
0.002,0.006,10,3.64641068109979,0.001
0.002,0.007,12,6.30001255912357,0.001
0.002,0.008,15,8.3715055150695,0.001
0.002,0.009,16,10.0708919534433,0.001
0.002,0.01,18,11.5117164589062,0.001
0.002,0.02,26,19.8543453267828,0.001
0.002,0.03,31,24.224628269137,0.001
0.002,0.04,34,27.2056619112631,0.001
0.002,0.05,36,29.470799187015,0.001
0.002,0.06,38,31.2981546667933,0.001
0.002,0.07,39,32.8298473156768,0.001
0.002,0.08,41,34.1483605720357,0.001
0.002,0.09,42,35.3058492434582,0.001
0.002,0.1,43,36.3373978341256,0.001
0.002,0.2,50,43.0568964474452,0.001
0.002,0.3,54,46.9516910557269,0.001
0.002,0.4,56,49.7052781453237,0.001
0.002,0.5,58,51.8370356975822,0.001
0.002,0.6,60,53.5767138807034,0.001
0.002,0.7,62,55.0463751477599,0.001
0.002,0.8,63,56.3186854445021,0.001
0.002,0.9,64,57.4404263205167,0.001
0.002,0.95,65,57.9552049862074,0.001
0.003,0.001,0,0,0.001
0.003,0.002,0,0,0.001
0.003,0.003,0,0,0.001
0.003,0.004,0,0,0.001
0.003,0.005,0,0,0.001
0.003,0.006,6,0,0.001
0.003,0.007,10,3.6464106810998,0.001
0.003,0.008,12,6.30001255912357,0.001
0.003,0.009,15,8.3715055150695,0.001
0.003,0.01,16,10.0708919534433,0.001
0.003,0.02,26,19.2824119877899,0.001
0.003,0.03,30,23.8677733949723,0.001
0.003,0.04,33,26.9463227830902,0.001
0.003,0.05,36,29.2671170876462,0.001
0.003,0.06,38,31.130460877303,0.001
0.003,0.07,39,32.687333803606,0.001
0.003,0.08,41,34.0244525252676,0.001
0.003,0.09,42,35.1962496239739,0.001
0.003,0.1,43,36.2391441452898,0.001
0.003,0.2,50,43.0086195296206,0.001
0.003,0.3,54,46.9196909526526,0.001
0.003,0.4,56,49.6813466611847,0.001
0.003,0.5,58,51.8179232835905,0.001
0.003,0.6,60,53.5608050241777,0.001
0.003,0.7,62,55.0327500785509,0.001
0.003,0.8,63,56.3067707786379,0.001
0.003,0.9,64,57.4298405268909,0.001
0.003,0.95,65,57.9451783408834,0.001
0.004,0.001,0,0,0.001
0.004,0.002,0,0,0.001
0.004,0.003,0,0,0.001
0.004,0.004,0,0,0.001
0.004,0.005,0,0,0.001
0.004,0.006,0,0,0.001
0.004,0.007,6,0,0.001
0.004,0.008,10,3.64641068109979,0.001
0.004,0.009,12,6.30001255912357,0.001
0.004,0.01,15,8.3715055150695,0.001
0.004,0.02,25,18.6737918821538,0.001
0.004,0.03,30,23.4969753977625,0.001
0.004,0.04,33,26.6796979028718,0.001
0.004,0.05,36,29.0589679213571,0.001
0.004,0.06,38,30.9597508512796,0.001
0.004,0.07,39,32.5426477459501,0.001
0.004,0.08,40,33.898905435687,0.001
0.004,0.09,42,35.0853696061473,0.001
0.004,0.1,43,36.1398626795567,0.001
0.004,0.2,50,42.9600957962152,0.001
0.004,0.3,53,46.8875825946256,0.001
0.004,0.4,56,49.6573546828355,0.001
0.004,0.5,58,51.7987723053799,0.001
0.004,0.6,60,53.5448694570007,0.001
0.004,0.7,62,55.0191054218291,0.001
0.004,0.8,63,56.294841137071,0.001
0.004,0.9,64,57.4192429134841,0.001
0.004,0.95,65,57.935141092083,0.001
0.005,0.001,0,0,0.001
0.005,0.002,0,0,0.001
0.005,0.003,0,0,0.001
0.005,0.004,0,0,0.001
0.005,0.005,0,0,0.001
0.005,0.006,0,0,0.001
0.005,0.007,0,0,0.001
0.005,0.008,6,0,0.001
0.005,0.009,10,3.64641068109979,0.001
0.005,0.01,12,6.30001255912357,0.001
0.005,0.02,24,18.0234538878023,0.001
0.005,0.03,30,23.111100239623,0.001
0.005,0.04,33,26.4053660433333,0.001
0.005,0.05,35,28.8461513466105,0.001
0.005,0.06,37,30.7859140947672,0.001
0.005,0.07,39,32.3957218772673,0.001
0.005,0.08,40,33.7716753591791,0.001
0.005,0.09,42,34.9731789194691,0.001
0.005,0.1,43,36.0395317074272,0.001
0.005,0.2,49,42.9113227105671,0.001
0.005,0.3,53,46.8553652467154,0.001
0.005,0.4,56,49.6333019036652,0.001
0.005,0.5,58,51.779582607009,0.001
0.005,0.6,60,53.528907089328,0.001
0.005,0.7,62,55.0054411211951,0.001
0.005,0.8,63,56.2828964821079,0.001
0.005,0.9,64,57.4086334538716,0.001
0.005,0.95,65,57.9250932173557,0.001
0.006,0.001,0,0,0.001
0.006,0.002,0,0,0.001
0.006,0.003,0,0,0.001
0.006,0.004,0,0,0.001
0.006,0.005,0,0,0.001
0.006,0.006,0,0,0.001
0.006,0.007,0,0,0.001
0.006,0.008,0,0,0.001
0.006,0.009,6,0,0.001
0.006,0.01,10,3.64641068109979,0.001
0.006,0.02,24,17.3252552626558,0.001
0.006,0.03,29,22.7088696439936,0.001
0.006,0.04,33,26.1228683569788,0.001
0.006,0.05,35,28.6284532345626,0.001
0.006,0.06,37,30.6088339287481,0.001
0.006,0.07,39,32.2464857589616,0.001
0.006,0.08,40,33.642716560321,0.001
0.006,0.09,41,34.8596462071165,0.001
0.006,0.1,43,35.9381288029178,0.001
0.006,0.2,49,42.8622976967064,0.001
0.006,0.3,53,46.823038166482,0.001
0.006,0.4,56,49.6091880147261,0.001
0.006,0.5,58,51.760354031589,0.001
0.006,0.6,60,53.5129178308616,0.001
0.006,0.7,62,54.9917571200055,0.001
0.006,0.8,63,56.2709367759122,0.001
0.006,0.9,64,57.39801212154,0.001
0.006,0.95,65,57.9150346941792,0.001
0.007,0.001,0,0,0.001
0.007,0.002,0,0,0.001
0.007,0.003,0,0,0.001
0.007,0.004,0,0,0.001
0.007,0.005,0,0,0.001
0.007,0.006,0,0,0.001
0.007,0.007,0,0,0.001
0.007,0.008,0,0,0.001
0.007,0.009,0,0,0.001
0.007,0.01,6,0,0.001
0.007,0.02,23,16.5715879413768,0.001
0.007,0.03,29,22.2888355474658,0.001
0.007,0.04,32,25.8317037584049,0.001
0.007,0.05,35,28.4056443741959,0.001
0.007,0.06,37,30.4283870187281,0.001
0.007,0.07,39,32.0948655765053,0.001
0.007,0.08,40,33.5119814136787,0.001
0.007,0.09,41,34.7447389733446,0.001
0.007,0.1,42,35.8356308134733,0.001
0.007,0.2,49,42.8130181385385,0.001
0.007,0.3,53,46.7906006038732,0.001
0.007,0.4,56,49.5850127047095,0.001
0.007,0.5,58,51.7410864212752,0.001
0.007,0.6,60,53.4969015908459,0.001
0.007,0.7,62,54.9780533613716,0.001
0.007,0.8,63,56.2589619805046,0.001
0.007,0.9,64,57.3873788898867,0.001
0.007,0.95,64,57.9049654999598,0.001
0.008,0.001,0,0,0.001
0.008,0.002,0,0,0.001
0.008,0.003,0,0,0.001
0.008,0.004,0,0,0.001
0.008,0.005,0,0,0.001
0.008,0.006,0,0,0.001
0.008,0.007,0,0,0.001
0.008,0.008,0,0,0.001
0.008,0.009,0,0,0.001
0.008,0.01,0,0,0.001
0.008,0.02,22,15.7528719001176,0.001
0.008,0.03,28,21.8493486319683,0.001
0.008,0.04,32,25.5313235756278,0.001
0.008,0.05,35,28.1774790217766,0.001
0.008,0.06,37,30.2444428587298,0.001
0.008,0.07,38,31.9407839201986,0.001
0.008,0.08,40,33.3794202982124,0.001
0.008,0.09,41,34.6284235276532,0.001
0.008,0.1,42,35.7320138282376,0.001
0.008,0.2,49,42.7634813790068,0.001
0.008,0.3,53,46.75805180112,0.001
0.008,0.4,56,49.5607756599222,0.001
0.008,0.5,58,51.7217796172601,0.001
0.008,0.6,60,53.4808582780654,0.001
0.008,0.7,62,54.9643297881578,0.001
0.008,0.8,63,56.2469720577618,0.001
0.008,0.9,64,57.3767337322196,0.001
0.008,0.95,64,57.8948856120316,0.001
0.009,0.001,0,0,0.001
0.009,0.002,0,0,0.001
0.009,0.003,0,0,0.001
0.009,0.004,0,0,0.001
0.009,0.005,0,0,0.001
0.009,0.006,0,0,0.001
0.009,0.007,0,0,0.001
0.009,0.008,0,0,0.001
0.009,0.009,0,0,0.001
0.009,0.01,0,0,0.001
0.009,0.02,21,14.8568086654075,0.001
0.009,0.03,28,21.3885192110619,0.001
0.009,0.04,32,25.2211253270116,0.001
0.009,0.05,34,27.9436932716227,0.001
0.009,0.06,37,30.0568632042887,0.001
0.009,0.07,38,31.784159547839,0.001
0.009,0.08,40,33.2449814842012,0.001
0.009,0.09,41,34.5106649254901,0.001
0.009,0.1,42,35.6272531445725,0.001
0.009,0.2,49,42.7136847192326,0.001
0.009,0.3,53,46.7253909926308,0.001
0.009,0.4,56,49.5364765642612,0.001
0.009,0.5,58,51.7024334597649,0.001
0.009,0.6,60,53.4647878008413,0.001
0.009,0.7,62,54.9505863429805,0.001
0.009,0.8,63,56.2349669694157,0.001
0.009,0.9,64,57.3660766217568,0.001
0.009,0.95,64,57.8847950076568,0.001
0.01,0.001,0,0,0.001
0.01,0.002,0,0,0.001
0.01,0.003,0,0,0.001
0.01,0.004,0,0,0.001
0.01,0.005,0,0,0.001
0.01,0.006,0,0,0.001
0.01,0.007,0,0,0.001
0.01,0.008,0,0,0.001
0.01,0.009,0,0,0.001
0.01,0.01,0,0,0.001
0.01,0.02,20,13.8672443141564,0.001
0.01,0.03,27,20.9041681266559,0.001
0.01,0.04,31,24.900445446447,0.001
0.01,0.05,34,27.7040032210993,0.001
0.01,0.06,36,29.8655014482792,0.001
0.01,0.07,38,31.6249071274769,0.001
0.01,0.08,40,33.1086110120446,0.001
0.01,0.09,41,34.3914269052292,0.001
0.01,0.1,42,35.521323232709,0.001
0.01,0.2,49,42.6636254176333,0.001
0.01,0.3,53,46.6926174048831,0.001
0.01,0.4,56,49.5121150991898,0.001
0.01,0.5,58,51.6830477880316,0.001
0.01,0.6,60,53.4486900670281,0.001
0.01,0.7,62,54.9368229682064,0.001
0.01,0.8,63,56.2229466770529,0.001
0.01,0.9,64,57.3554075316258,0.001
0.01,0.95,64,57.8746936640244,0.001
0.02,0.001,0,0,0.001
0.02,0.002,0,0,0.001
0.02,0.003,0,0,0.001
0.02,0.004,0,0,0.001
0.02,0.005,0,0,0.001
0.02,0.006,0,0,0.001
0.02,0.007,0,0,0.001
0.02,0.008,0,0,0.001
0.02,0.009,0,0,0.001
0.02,0.01,0,0,0.001
0.02,0.02,0,0,0.001
0.02,0.03,20,13.8672443141565,0.001
0.02,0.04,27,20.9041681266559,0.001
0.02,0.05,31,24.900445446447,0.001
0.02,0.06,34,27.7040032210993,0.001
0.02,0.07,36,29.8655014482792,0.001
0.02,0.08,38,31.6249071274769,0.001
0.02,0.09,40,33.1086110120446,0.001
0.02,0.1,41,34.3914269052292,0.001
0.02,0.2,49,42.1479515310875,0.001
0.02,0.3,53,46.3585025966911,0.001
0.02,0.4,56,49.2649982612961,0.001
0.02,0.5,58,51.4869817045728,0.001
0.02,0.6,60,53.286193004547,0.001
0.02,0.7,61,54.7980802318773,0.001
0.02,0.8,63,56.1018989761135,0.001
0.02,0.9,64,57.2480517712697,0.001
0.02,0.95,64,57.773084497664,0.001
0.03,0.001,0,0,0.001
0.03,0.002,0,0,0.001
0.03,0.003,0,0,0.001
0.03,0.004,0,0,0.001
0.03,0.005,0,0,0.001
0.03,0.006,0,0,0.001
0.03,0.007,0,0,0.001
0.03,0.008,0,0,0.001
0.03,0.009,0,0,0.001
0.03,0.01,0,0,0.001
0.03,0.02,0,0,0.001
0.03,0.03,0,0,0.001
0.03,0.04,20,13.8672443141565,0.001
0.03,0.05,27,20.9041681266559,0.001
0.03,0.06,31,24.900445446447,0.001
0.03,0.07,34,27.7040032210993,0.001
0.03,0.08,36,29.8655014482792,0.001
0.03,0.09,38,31.6249071274769,0.001
0.03,0.1,40,33.1086110120446,0.001
0.03,0.2,48,41.6026423817974,0.001
0.03,0.3,53,46.0121956089016,0.001
0.03,0.4,56,49.0112750109927,0.001
0.03,0.5,58,51.2867797748179,0.001
0.03,0.6,60,53.1208653339874,0.001
0.03,0.7,61,54.657279228405,0.001
0.03,0.8,63,55.9792875102038,0.001
0.03,0.9,64,57.1394677980204,0.001
0.03,0.95,64,57.6703757626541,0.001
0.04,0.001,0,0,0.001
0.04,0.002,0,0,0.001
0.04,0.003,0,0,0.001
0.04,0.004,0,0,0.001
0.04,0.005,0,0,0.001
0.04,0.006,0,0,0.001
0.04,0.007,0,0,0.001
0.04,0.008,0,0,0.001
0.04,0.009,0,0,0.001
0.04,0.01,0,0,0.001
0.04,0.02,0,0,0.001
0.04,0.03,0,0,0.001
0.04,0.04,0,0,0.001
0.04,0.05,20,13.8672443141565,0.001
0.04,0.06,27,20.9041681266559,0.001
0.04,0.07,31,24.900445446447,0.001
0.04,0.08,34,27.7040032210993,0.001
0.04,0.09,36,29.8655014482792,0.001
0.04,0.1,38,31.6249071274769,0.001
0.04,0.2,48,41.0240829453691,0.001
0.04,0.3,52,45.6527728220221,0.001
0.04,0.4,55,48.7505823916332,0.001
0.04,0.5,58,51.0822637476829,0.001
0.04,0.6,60,52.9526066892209,0.001
0.04,0.7,61,54.5143579676644,0.001
0.04,0.8,62,55.8550713466954,0.001
0.04,0.9,64,57.0296271833732,0.001
0.04,0.95,64,57.5665434003318,0.001
0.05,0.001,0,0,0.001
0.05,0.002,0,0,0.001
0.05,0.003,0,0,0.001
0.05,0.004,0,0,0.001
0.05,0.005,0,0,0.001
0.05,0.006,0,0,0.001
0.05,0.007,0,0,0.001
0.05,0.008,0,0,0.001
0.05,0.009,0,0,0.001
0.05,0.01,0,0,0.001
0.05,0.02,0,0,0.001
0.05,0.03,0,0,0.001
0.05,0.04,0,0,0.001
0.05,0.05,0,0,0.001
0.05,0.06,20,13.8672443141565,0.001
0.05,0.07,27,20.9041681266559,0.001
0.05,0.08,31,24.900445446447,0.001
0.05,0.09,34,27.7040032210993,0.001
0.05,0.1,36,29.8655014482792,0.001
0.05,0.2,47,40.4079535237566,0.001
0.05,0.3,52,45.2792015173053,0.001
0.05,0.4,55,48.4825266883679,0.001
0.05,0.5,57,50.8732435941274,0.001
0.05,0.6,59,52.7813112695365,0.001
0.05,0.7,61,54.3692516161645,0.001
0.05,0.8,62,55.7292079244628,0.001
0.05,0.9,64,56.9185005002359,0.001
0.05,0.95,64,57.4615625536832,0.001
0.06,0.001,0,0,0.001
0.06,0.002,0,0,0.001
0.06,0.003,0,0,0.001
0.06,0.004,0,0,0.001
0.06,0.005,0,0,0.001
0.06,0.006,0,0,0.001
0.06,0.007,0,0,0.001
0.06,0.008,0,0,0.001
0.06,0.009,0,0,0.001
0.06,0.01,0,0,0.001
0.06,0.02,0,0,0.001
0.06,0.03,0,0,0.001
0.06,0.04,0,0,0.001
0.06,0.05,0,0,0.001
0.06,0.06,0,0,0.001
0.06,0.07,20,13.8672443141564,0.001
0.06,0.08,27,20.9041681266559,0.001
0.06,0.09,31,24.900445446447,0.001
0.06,0.1,34,27.7040032210993,0.001
0.06,0.2,46,39.7490337908012,0.001
0.06,0.3,51,44.8903219873595,0.001
0.06,0.4,55,48.2066798514581,0.001
0.06,0.5,57,50.6595164461021,0.001
0.06,0.6,59,52.6068674400578,0.001
0.06,0.7,61,54.2218923204526,0.001
0.06,0.8,62,55.6016529663355,0.001
0.06,0.9,63,56.8060572756054,0.001
0.06,0.95,64,57.3554075316258,0.001
0.07,0.001,0,0,0.001
0.07,0.002,0,0,0.001
0.07,0.003,0,0,0.001
0.07,0.004,0,0,0.001
0.07,0.005,0,0,0.001
0.07,0.006,0,0,0.001
0.07,0.007,0,0,0.001
0.07,0.008,0,0,0.001
0.07,0.009,0,0,0.001
0.07,0.01,0,0,0.001
0.07,0.02,0,0,0.001
0.07,0.03,0,0,0.001
0.07,0.04,0,0,0.001
0.07,0.05,0,0,0.001
0.07,0.06,0,0,0.001
0.07,0.07,0,0,0.001
0.07,0.08,20,13.8672443141565,0.001
0.07,0.09,27,20.9041681266559,0.001
0.07,0.1,31,24.900445446447,0.001
0.07,0.2,46,39.0409336015511,0.001
0.07,0.3,51,44.4848258227092,0.001
0.07,0.4,55,47.9225753840928,0.001
0.07,0.5,57,50.4408654132521,0.001
0.07,0.6,59,52.4291572947473,0.001
0.07,0.7,61,54.0722090165907,0.001
0.07,0.8,62,55.4723603855864,0.001
0.07,0.9,63,56.6922659404075,0.001
0.07,0.95,64,57.2480517712697,0.001
0.08,0.001,0,0,0.001
0.08,0.002,0,0,0.001
0.08,0.003,0,0,0.001
0.08,0.004,0,0,0.001
0.08,0.005,0,0,0.001
0.08,0.006,0,0,0.001
0.08,0.007,0,0,0.001
0.08,0.008,0,0,0.001
0.08,0.009,0,0,0.001
0.08,0.01,0,0,0.001
0.08,0.02,0,0,0.001
0.08,0.03,0,0,0.001
0.08,0.04,0,0,0.001
0.08,0.05,0,0,0.001
0.08,0.06,0,0,0.001
0.08,0.07,0,0,0.001
0.08,0.08,0,0,0.001
0.08,0.09,20,13.8672443141565,0.001
0.08,0.1,27,20.9041681266559,0.001
0.08,0.2,45,38.2757150470673,0.001
0.08,0.3,51,44.0612293494063,0.001
0.08,0.4,54,47.6297035955254,0.001
0.08,0.5,57,50.2170582600769,0.001
0.08,0.6,59,52.2480561777134,0.001
0.08,0.7,61,53.9201272243676,0.001
0.08,0.8,62,55.341282185962,0.001
0.08,0.9,63,56.5770937762922,0.001
0.08,0.95,64,57.1394677980204,0.001
0.09,0.001,0,0,0.001
0.09,0.002,0,0,0.001
0.09,0.003,0,0,0.001
0.09,0.004,0,0,0.001
0.09,0.005,0,0,0.001
0.09,0.006,0,0,0.001
0.09,0.007,0,0,0.001
0.09,0.008,0,0,0.001
0.09,0.009,0,0,0.001
0.09,0.01,0,0,0.001
0.09,0.02,0,0,0.001
0.09,0.03,0,0,0.001
0.09,0.04,0,0,0.001
0.09,0.05,0,0,0.001
0.09,0.06,0,0,0.001
0.09,0.07,0,0,0.001
0.09,0.08,0,0,0.001
0.09,0.09,0,0,0.001
0.09,0.1,20,13.8672443141565,0.001
0.09,0.2,44,37.4433483585154,0.001
0.09,0.3,50,43.6178408572833,0.001
0.09,0.4,54,47.3275060982245,0.001
0.09,0.5,57,49.9878459233216,0.001
0.09,0.6,59,52.0634321579519,0.001
0.09,0.7,60,53.765568824752,0.001
0.09,0.8,62,55.2083683547125,0.001
0.09,0.9,63,56.4605068591623,0.001
0.09,0.95,64,57.0296271833732,0.001
0.1,0.001,0,0,0.001
0.1,0.002,0,0,0.001
0.1,0.003,0,0,0.001
0.1,0.004,0,0,0.001
0.1,0.005,0,0,0.001
0.1,0.006,0,0,0.001
0.1,0.007,0,0,0.001
0.1,0.008,0,0,0.001
0.1,0.009,0,0,0.001
0.1,0.01,0,0,0.001
0.1,0.02,0,0,0.001
0.1,0.03,0,0,0.001
0.1,0.04,0,0,0.001
0.1,0.05,0,0,0.001
0.1,0.06,0,0,0.001
0.1,0.07,0,0,0.001
0.1,0.08,0,0,0.001
0.1,0.09,0,0,0.001
0.1,0.1,0,0,0.001
0.1,0.2,43,36.5309054865073,0.001
0.1,0.3,50,43.1527197912134,0.001
0.1,0.4,54,47.0153693997959,0.001
0.1,0.5,56,49.7529608458697,0.001
0.1,0.6,58,51.8751454519799,0.001
0.1,0.7,60,53.6084518189249,0.001
0.1,0.8,62,55.0735667480258,0.001
0.1,0.9,63,56.3424699991893,0.001
0.1,0.95,64,56.9185005002359,0.001
0.2,0.001,0,0,0.001
0.2,0.002,0,0,0.001
0.2,0.003,0,0,0.001
0.2,0.004,0,0,0.001
0.2,0.005,0,0,0.001
0.2,0.006,0,0,0.001
0.2,0.007,0,0,0.001
0.2,0.008,0,0,0.001
0.2,0.009,0,0,0.001
0.2,0.01,0,0,0.001
0.2,0.02,0,0,0.001
0.2,0.03,0,0,0.001
0.2,0.04,0,0,0.001
0.2,0.05,0,0,0.001
0.2,0.06,0,0,0.001
0.2,0.07,0,0,0.001
0.2,0.08,0,0,0.001
0.2,0.09,0,0,0.001
0.2,0.1,0,0,0.001
0.2,0.2,0,0,0.001
0.2,0.3,43,36.5309054865073,0.001
0.2,0.4,50,43.1527197912134,0.001
0.2,0.5,54,47.0153693997959,0.001
0.2,0.6,56,49.7529608458697,0.001
0.2,0.7,58,51.8751454519799,0.001
0.2,0.8,60,53.6084518189249,0.001
0.2,0.9,62,55.0735667480258,0.001
0.2,0.95,62,55.7292079244628,0.001
0.3,0.001,0,0,0.001
0.3,0.002,0,0,0.001
0.3,0.003,0,0,0.001
0.3,0.004,0,0,0.001
0.3,0.005,0,0,0.001
0.3,0.006,0,0,0.001
0.3,0.007,0,0,0.001
0.3,0.008,0,0,0.001
0.3,0.009,0,0,0.001
0.3,0.01,0,0,0.001
0.3,0.02,0,0,0.001
0.3,0.03,0,0,0.001
0.3,0.04,0,0,0.001
0.3,0.05,0,0,0.001
0.3,0.06,0,0,0.001
0.3,0.07,0,0,0.001
0.3,0.08,0,0,0.001
0.3,0.09,0,0,0.001
0.3,0.1,0,0,0.001
0.3,0.2,0,0,0.001
0.3,0.3,0,0,0.001
0.3,0.4,43,36.5309054865073,0.001
0.3,0.5,50,43.1527197912134,0.001
0.3,0.6,54,47.0153693997959,0.001
0.3,0.7,56,49.7529608458697,0.001
0.3,0.8,58,51.8751454519799,0.001
0.3,0.9,60,53.6084518189249,0.001
0.3,0.95,61,54.3692516161646,0.001
0.4,0.001,0,0,0.001
0.4,0.002,0,0,0.001
0.4,0.003,0,0,0.001
0.4,0.004,0,0,0.001
0.4,0.005,0,0,0.001
0.4,0.006,0,0,0.001
0.4,0.007,0,0,0.001
0.4,0.008,0,0,0.001
0.4,0.009,0,0,0.001
0.4,0.01,0,0,0.001
0.4,0.02,0,0,0.001
0.4,0.03,0,0,0.001
0.4,0.04,0,0,0.001
0.4,0.05,0,0,0.001
0.4,0.06,0,0,0.001
0.4,0.07,0,0,0.001
0.4,0.08,0,0,0.001
0.4,0.09,0,0,0.001
0.4,0.1,0,0,0.001
0.4,0.2,0,0,0.001
0.4,0.3,0,0,0.001
0.4,0.4,0,0,0.001
0.4,0.5,43,36.5309054865073,0.001
0.4,0.6,50,43.1527197912134,0.001
0.4,0.7,54,47.0153693997959,0.001
0.4,0.8,56,49.7529608458697,0.001
0.4,0.9,58,51.8751454519799,0.001
0.4,0.95,59,52.7813112695365,0.001
0.5,0.001,0,0,0.001
0.5,0.002,0,0,0.001
0.5,0.003,0,0,0.001
0.5,0.004,0,0,0.001
0.5,0.005,0,0,0.001
0.5,0.006,0,0,0.001
0.5,0.007,0,0,0.001
0.5,0.008,0,0,0.001
0.5,0.009,0,0,0.001
0.5,0.01,0,0,0.001
0.5,0.02,0,0,0.001
0.5,0.03,0,0,0.001
0.5,0.04,0,0,0.001
0.5,0.05,0,0,0.001
0.5,0.06,0,0,0.001
0.5,0.07,0,0,0.001
0.5,0.08,0,0,0.001
0.5,0.09,0,0,0.001
0.5,0.1,0,0,0.001
0.5,0.2,0,0,0.001
0.5,0.3,0,0,0.001
0.5,0.4,0,0,0.001
0.5,0.5,0,0,0.001
0.5,0.6,43,36.5309054865073,0.001
0.5,0.7,50,43.1527197912134,0.001
0.5,0.8,54,47.0153693997959,0.001
0.5,0.9,56,49.7529608458697,0.001
0.5,0.95,57,50.8732435941274,0.001
0.6,0.001,0,0,0.001
0.6,0.002,0,0,0.001
0.6,0.003,0,0,0.001
0.6,0.004,0,0,0.001
0.6,0.005,0,0,0.001
0.6,0.006,0,0,0.001
0.6,0.007,0,0,0.001
0.6,0.008,0,0,0.001
0.6,0.009,0,0,0.001
0.6,0.01,0,0,0.001
0.6,0.02,0,0,0.001
0.6,0.03,0,0,0.001
0.6,0.04,0,0,0.001
0.6,0.05,0,0,0.001
0.6,0.06,0,0,0.001
0.6,0.07,0,0,0.001
0.6,0.08,0,0,0.001
0.6,0.09,0,0,0.001
0.6,0.1,0,0,0.001
0.6,0.2,0,0,0.001
0.6,0.3,0,0,0.001
0.6,0.4,0,0,0.001
0.6,0.5,0,0,0.001
0.6,0.6,0,0,0.001
0.6,0.7,43,36.5309054865072,0.001
0.6,0.8,50,43.1527197912134,0.001
0.6,0.9,54,47.0153693997959,0.001
0.6,0.95,55,48.4825266883679,0.001
0.7,0.001,0,0,0.001
0.7,0.002,0,0,0.001
0.7,0.003,0,0,0.001
0.7,0.004,0,0,0.001
0.7,0.005,0,0,0.001
0.7,0.006,0,0,0.001
0.7,0.007,0,0,0.001
0.7,0.008,0,0,0.001
0.7,0.009,0,0,0.001
0.7,0.01,0,0,0.001
0.7,0.02,0,0,0.001
0.7,0.03,0,0,0.001
0.7,0.04,0,0,0.001
0.7,0.05,0,0,0.001
0.7,0.06,0,0,0.001
0.7,0.07,0,0,0.001
0.7,0.08,0,0,0.001
0.7,0.09,0,0,0.001
0.7,0.1,0,0,0.001
0.7,0.2,0,0,0.001
0.7,0.3,0,0,0.001
0.7,0.4,0,0,0.001
0.7,0.5,0,0,0.001
0.7,0.6,0,0,0.001
0.7,0.7,0,0,0.001
0.7,0.8,43,36.5309054865073,0.001
0.7,0.9,50,43.1527197912134,0.001
0.7,0.95,52,45.2792015173053,0.001
0.8,0.001,0,0,0.001
0.8,0.002,0,0,0.001
0.8,0.003,0,0,0.001
0.8,0.004,0,0,0.001
0.8,0.005,0,0,0.001
0.8,0.006,0,0,0.001
0.8,0.007,0,0,0.001
0.8,0.008,0,0,0.001
0.8,0.009,0,0,0.001
0.8,0.01,0,0,0.001
0.8,0.02,0,0,0.001
0.8,0.03,0,0,0.001
0.8,0.04,0,0,0.001
0.8,0.05,0,0,0.001
0.8,0.06,0,0,0.001
0.8,0.07,0,0,0.001
0.8,0.08,0,0,0.001
0.8,0.09,0,0,0.001
0.8,0.1,0,0,0.001
0.8,0.2,0,0,0.001
0.8,0.3,0,0,0.001
0.8,0.4,0,0,0.001
0.8,0.5,0,0,0.001
0.8,0.6,0,0,0.001
0.8,0.7,0,0,0.001
0.8,0.8,0,0,0.001
0.8,0.9,43,36.5309054865073,0.001
0.8,0.95,47,40.4079535237566,0.001
0.9,0.001,0,0,0.001
0.9,0.002,0,0,0.001
0.9,0.003,0,0,0.001
0.9,0.004,0,0,0.001
0.9,0.005,0,0,0.001
0.9,0.006,0,0,0.001
0.9,0.007,0,0,0.001
0.9,0.008,0,0,0.001
0.9,0.009,0,0,0.001
0.9,0.01,0,0,0.001
0.9,0.02,0,0,0.001
0.9,0.03,0,0,0.001
0.9,0.04,0,0,0.001
0.9,0.05,0,0,0.001
0.9,0.06,0,0,0.001
0.9,0.07,0,0,0.001
0.9,0.08,0,0,0.001
0.9,0.09,0,0,0.001
0.9,0.1,0,0,0.001
0.9,0.2,0,0,0.001
0.9,0.3,0,0,0.001
0.9,0.4,0,0,0.001
0.9,0.5,0,0,0.001
0.9,0.6,0,0,0.001
0.9,0.7,0,0,0.001
0.9,0.8,0,0,0.001
0.9,0.9,0,0,0.001
0.9,0.95,36,29.8655014482792,0.001
0.95,0.001,0,0,0.001
0.95,0.002,0,0,0.001
0.95,0.003,0,0,0.001
0.95,0.004,0,0,0.001
0.95,0.005,0,0,0.001
0.95,0.006,0,0,0.001
0.95,0.007,0,0,0.001
0.95,0.008,0,0,0.001
0.95,0.009,0,0,0.001
0.95,0.01,0,0,0.001
0.95,0.02,0,0,0.001
0.95,0.03,0,0,0.001
0.95,0.04,0,0,0.001
0.95,0.05,0,0,0.001
0.95,0.06,0,0,0.001
0.95,0.07,0,0,0.001
0.95,0.08,0,0,0.001
0.95,0.09,0,0,0.001
0.95,0.1,0,0,0.001
0.95,0.2,0,0,0.001
0.95,0.3,0,0,0.001
0.95,0.4,0,0,0.001
0.95,0.5,0,0,0.001
0.95,0.6,0,0,0.001
0.95,0.7,0,0,0.001
0.95,0.8,0,0,0.001
0.95,0.9,0,0,0.001
0.95,0.95,0,0,0.001
0.001,0.001,0,0,0.01
0.001,0.002,0,0,0.01
0.001,0.003,0,0,0.01
0.001,0.004,0,0,0.01
0.001,0.005,0,0,0.01
0.001,0.006,0,0,0.01
0.001,0.007,0,0,0.01
0.001,0.008,0,0,0.01
0.001,0.009,0,0,0.01
0.001,0.01,0,0,0.01
0.001,0.02,0,0,0.01
0.001,0.03,5,0,0.01
0.001,0.04,9,3.33519520708407,0.01
0.001,0.05,12,6.06564950161383,0.01
0.001,0.06,14,8.18355439151491,0.01
0.001,0.07,16,9.91400868604466,0.01
0.001,0.08,18,11.3770869451516,0.01
0.001,0.09,19,12.6444629805744,0.01
0.001,0.1,20,13.7623678704755,0.01
0.001,0.2,27,20.8543453267828,0.01
0.001,0.3,31,24.8677733949723,0.01
0.001,0.4,34,27.6796979028718,0.01
0.001,0.5,36,29.8461513466105,0.01
0.001,0.6,38,31.6088339287481,0.01
0.001,0.7,40,33.0948655765053,0.01
0.001,0.8,41,34.3794202982124,0.01
0.001,0.9,42,35.5106649254901,0.01
0.001,0.95,43,36.0294400301543,0.01
0.002,0.001,0,0,0.01
0.002,0.002,0,0,0.01
0.002,0.003,0,0,0.01
0.002,0.004,0,0,0.01
0.002,0.005,0,0,0.01
0.002,0.006,0,0,0.01
0.002,0.007,0,0,0.01
0.002,0.008,0,0,0.01
0.002,0.009,0,0,0.01
0.002,0.01,0,0,0.01
0.002,0.02,0,0,0.01
0.002,0.03,4,0,0.01
0.002,0.04,9,3.01342806818945,0.01
0.002,0.05,12,5.82535257608896,0.01
0.002,0.06,14,7.99180601982764,0.01
0.002,0.07,16,9.7544886019653,0.01
0.002,0.08,18,11.2405202497224,0.01
0.002,0.09,19,12.5250749714296,0.01
0.002,0.1,20,13.6563195987072,0.01
0.002,0.2,27,20.804259608543,0.01
0.002,0.3,31,24.8349884864463,0.01
0.002,0.4,34,27.6553301832454,0.01
0.002,0.5,36,29.8267617145738,0.01
0.002,0.6,38,31.59273346419,0.01
0.002,0.7,40,33.081100205592,0.01
0.002,0.8,41,34.3673984833296,0.01
0.002,0.9,42,35.4999946359109,0.01
0.002,0.95,43,36.0193376113388,0.01
0.003,0.001,0,0,0.01
0.003,0.002,0,0,0.01
0.003,0.003,0,0,0.01
0.003,0.004,0,0,0.01
0.003,0.005,0,0,0.01
0.003,0.006,0,0,0.01
0.003,0.007,0,0,0.01
0.003,0.008,0,0,0.01
0.003,0.009,0,0,0.01
0.003,0.01,0,0,0.01
0.003,0.02,0,0,0.01
0.003,0.03,4,0,0.01
0.003,0.04,9,2.68036857628989,0.01
0.003,0.05,12,5.57881347896058,0.01
0.003,0.06,14,7.79610379614358,0.01
0.003,0.07,16,9.59224154715003,0.01
0.003,0.08,17,11.1019598095992,0.01
0.003,0.09,19,12.4041660550495,0.01
0.003,0.1,20,13.5490730160251,0.01
0.003,0.2,27,20.753908182332,0.01
0.003,0.3,31,24.8020899384956,0.01
0.003,0.4,34,27.6308997409767,0.01
0.003,0.5,36,29.8073323903251,0.01
0.003,0.6,38,31.5766056411402,0.01
0.003,0.7,40,33.0673148413951,0.01
0.003,0.8,41,34.3553614220066,0.01
0.003,0.9,42,35.4893123369993,0.01
0.003,0.95,43,36.00922442809,0.01
0.004,0.001,0,0,0.01
0.004,0.002,0,0,0.01
0.004,0.003,0,0,0.01
0.004,0.004,0,0,0.01
0.004,0.005,0,0,0.01
0.004,0.006,0,0,0.01
0.004,0.007,0,0,0.01
0.004,0.008,0,0,0.01
0.004,0.009,0,0,0.01
0.004,0.01,0,0,0.01
0.004,0.02,0,0,0.01
0.004,0.03,3,0,0.01
0.004,0.04,8,2.33519520708407,0.01
0.004,0.05,11,5.32569923672613,0.01
0.004,0.06,14,7.59628122441086,0.01
0.004,0.07,16,9.42717266339142,0.01
0.004,0.08,17,10.9613465476705,0.01
0.004,0.09,19,12.2816969806022,0.01
0.004,0.1,20,13.4406007315809,0.01
0.004,0.2,27,20.7032882139116,0.01
0.004,0.3,31,24.7690769605825,0.01
0.004,0.4,34,27.6064062523356,0.01
0.004,0.5,36,29.7878632110244,0.01
0.004,0.6,38,31.5604503664635,0.01
0.004,0.7,40,33.0535094257523,0.01
0.004,0.8,41,34.3433090755223,0.01
0.004,0.9,42,35.4786180016921,0.01
0.004,0.95,43,35.9991004574437,0.01
0.005,0.001,0,0,0.01
0.005,0.002,0,0,0.01
0.005,0.003,0,0,0.01
0.005,0.004,0,0,0.01
0.005,0.005,0,0,0.01
0.005,0.006,0,0,0.01
0.005,0.007,0,0,0.01
0.005,0.008,0,0,0.01
0.005,0.009,0,0,0.01
0.005,0.01,0,0,0.01
0.005,0.02,0,0,0.01
0.005,0.03,3,0,0.01
0.005,0.04,8,1.97699339165813,0.01
0.005,0.05,11,5.06564950161382,0.01
0.005,0.06,14,7.39216106529159,0.01
0.005,0.07,15,9.25918205525048,0.01
0.005,0.08,17,10.8186187214953,0.01
0.005,0.09,18,12.1576269579212,0.01
0.005,0.1,20,13.3308744045133,0.01
0.005,0.2,27,20.6523968234518,0.01
0.005,0.3,31,24.7359487538916,0.01
0.005,0.4,34,27.5818493910788,0.01
0.005,0.5,36,29.7683540128275,0.01
0.005,0.6,38,31.5442675465481,0.01
0.005,0.7,40,33.0396839002471,0.01
0.005,0.8,41,34.3312414050078,0.01
0.005,0.9,42,35.4679116028342,0.01
0.005,0.95,43,35.9889656763621,0.01
0.006,0.001,0,0,0.01
0.006,0.002,0,0,0.01
0.006,0.003,0,0,0.01
0.006,0.004,0,0,0.01
0.006,0.005,0,0,0.01
0.006,0.006,0,0,0.01
0.006,0.007,0,0,0.01
0.006,0.008,0,0,0.01
0.006,0.009,0,0,0.01
0.006,0.01,0,0,0.01
0.006,0.02,0,0,0.01
0.006,0.03,2,0,0.01
0.006,0.04,7,1.60474091255432,0.01
0.006,0.05,11,4.79827346619098,0.01
0.006,0.06,13,7.18355439151491,0.01
0.006,0.07,15,9.08816442696555,0.01
0.006,0.08,17,10.6737117605198,0.01
0.006,0.09,18,12.0319135759457,0.01
0.006,0.1,20,13.2198646995003,0.01
0.006,0.2,27,20.6012310845484,0.01
0.006,0.3,31,24.7027045112137,0.01
0.006,0.4,34,27.5572288284245,0.01
0.006,0.5,36,29.7488046308778,0.01
0.006,0.6,38,31.5280570873026,0.01
0.006,0.7,40,33.0258382062075,0.01
0.006,0.8,41,34.3191583714459,0.01
0.006,0.9,42,35.457193113179,0.01
0.006,0.95,43,35.9788200617338,0.01
0.007,0.001,0,0,0.01
0.007,0.002,0,0,0.01
0.007,0.003,0,0,0.01
0.007,0.004,0,0,0.01
0.007,0.005,0,0,0.01
0.007,0.006,0,0,0.01
0.007,0.007,0,0,0.01
0.007,0.008,0,0,0.01
0.007,0.009,0,0,0.01
0.007,0.01,0,0,0.01
0.007,0.02,0,0,0.01
0.007,0.03,1,0,0.01
0.007,0.04,7,1.21729031718299,0.01
0.007,0.05,11,4.52314633063866,0.01
0.007,0.06,13,6.97025953706448,0.01
0.007,0.07,15,8.91400868604465,0.01
0.007,0.08,17,10.5265580906733,0.01
0.007,0.09,18,11.9045127156867,0.01
0.007,0.1,19,13.1075412396813,0.01
0.007,0.2,27,20.5497880232128,0.01
0.007,0.3,31,24.6693434168274,0.01
0.007,0.4,34,27.5325442330253,0.01
0.007,0.5,36,29.729214899298,0.01
0.007,0.6,38,31.5118188941527,0.01
0.007,0.7,40,33.011972284704,0.01
0.007,0.8,41,34.30705993567,0.01
0.007,0.9,42,35.446462505387,0.01
0.007,0.95,43,35.968663590373,0.01
0.008,0.001,0,0,0.01
0.008,0.002,0,0,0.01
0.008,0.003,0,0,0.01
0.008,0.004,0,0,0.01
0.008,0.005,0,0,0.01
0.008,0.006,0,0,0.01
0.008,0.007,0,0,0.01
0.008,0.008,0,0,0.01
0.008,0.009,0,0,0.01
0.008,0.01,0,0,0.01
0.008,0.02,0,0,0.01
0.008,0.03,0,0,0.01
0.008,0.04,6,0,0.01
0.008,0.05,10,4.23980524253472,0.01
0.008,0.06,13,6.75206092555273,0.01
0.008,0.07,15,8.73659750980423,0.01
0.008,0.08,17,10.3770869451516,0.01
0.008,0.09,18,11.7753784572709,0.01
0.008,0.1,19,12.9938725567602,0.01
0.008,0.2,27,20.4980646168348,0.01
0.008,0.3,31,24.6358646463796,0.01
0.008,0.4,34,27.5077952709421,0.01
0.008,0.5,36,29.7095846511813,0.01
0.008,0.6,38,31.4955528720377,0.01
0.008,0.7,40,32.9980860765488,0.01
0.008,0.8,41,34.2949460583637,0.01
0.008,0.9,42,35.4357197520261,0.01
0.008,0.95,43,35.9584962390193,0.01
0.009,0.001,0,0,0.01
0.009,0.002,0,0,0.01
0.009,0.003,0,0,0.01
0.009,0.004,0,0,0.01
0.009,0.005,0,0,0.01
0.009,0.006,0,0,0.01
0.009,0.007,0,0,0.01
0.009,0.008,0,0,0.01
0.009,0.009,0,0,0.01
0.009,0.01,0,0,0.01
0.009,0.02,0,0,0.01
0.009,0.03,0,0,0.01
0.009,0.04,6,0,0.01
0.009,0.05,10,3.94774461171274,0.01
0.009,0.06,13,6.52872776072073,0.01
0.009,0.07,15,8.55580687061871,0.01
0.009,0.08,16,10.2252241600604,0.01
0.009,0.09,18,11.6444629805744,0.01
0.009,0.1,19,12.8788260380842,0.01
0.009,0.2,27,20.446057793117,0.01
0.009,0.3,31,24.6022673667629,0.01
0.009,0.4,34,27.4829816056165,0.01
0.009,0.5,36,29.6899137185836,0.01
0.009,0.6,38,31.4792589254076,0.01
0.009,0.7,40,32.9841795222939,0.01
0.009,0.8,41,34.2828167000599,0.01
0.009,0.9,42,35.4249648255711,0.01
0.009,0.95,43,35.9483179843376,0.01
0.01,0.001,0,0,0.01
0.01,0.002,0,0,0.01
0.01,0.003,0,0,0.01
0.01,0.004,0,0,0.01
0.01,0.005,0,0,0.01
0.01,0.006,0,0,0.01
0.01,0.007,0,0,0.01
0.01,0.008,0,0,0.01
0.01,0.009,0,0,0.01
0.01,0.01,0,0,0.01
0.01,0.02,0,0,0.01
0.01,0.03,0,0,0.01
0.01,0.04,6,0,0.01
0.01,0.05,10,3.64641068109979,0.01
0.01,0.06,12,6.30001255912357,0.01
0.01,0.07,15,8.3715055150695,0.01
0.01,0.08,16,10.0708919534433,0.01
0.01,0.09,18,11.5117164589062,0.01
0.01,0.1,19,12.7623678704755,0.01
0.01,0.2,27,20.3937644289799,0.01
0.01,0.3,31,24.568550735991,0.01
0.01,0.4,34,27.4581028978434,0.01
0.01,0.5,36,29.6702019325139,0.01
0.01,0.6,38,31.4629369582191,0.01
0.01,0.7,40,32.9702525622293,0.01
0.01,0.8,41,34.2706718211397,0.01
0.01,0.9,42,35.4141976984027,0.01
0.01,0.95,43,35.9381288029178,0.01
0.02,0.001,0,0,0.01
0.02,0.002,0,0,0.01
0.02,0.003,0,0,0.01
0.02,0.004,0,0,0.01
0.02,0.005,0,0,0.01
0.02,0.006,0,0,0.01
0.02,0.007,0,0,0.01
0.02,0.008,0,0,0.01
0.02,0.009,0,0,0.01
0.02,0.01,0,0,0.01
0.02,0.02,0,0,0.01
0.02,0.03,0,0,0.01
0.02,0.04,0,0,0.01
0.02,0.05,6,0,0.01
0.02,0.06,10,3.64641068109979,0.01
0.02,0.07,12,6.30001255912357,0.01
0.02,0.08,15,8.3715055150695,0.01
0.02,0.09,16,10.0708919534433,0.01
0.02,0.1,18,11.5117164589062,0.01
0.02,0.2,26,19.8543453267828,0.01
0.02,0.3,31,24.224628269137,0.01
0.02,0.4,34,27.2056619112631,0.01
0.02,0.5,36,29.470799187015,0.01
0.02,0.6,38,31.2981546667933,0.01
0.02,0.7,39,32.8298473156768,0.01
0.02,0.8,41,34.1483605720357,0.01
0.02,0.9,42,35.3058492434582,0.01
0.02,0.95,42,35.8356308134733,0.01
0.03,0.001,0,0,0.01
0.03,0.002,0,0,0.01
0.03,0.003,0,0,0.01
0.03,0.004,0,0,0.01
0.03,0.005,0,0,0.01
0.03,0.006,0,0,0.01
0.03,0.007,0,0,0.01
0.03,0.008,0,0,0.01
0.03,0.009,0,0,0.01
0.03,0.01,0,0,0.01
0.03,0.02,0,0,0.01
0.03,0.03,0,0,0.01
0.03,0.04,0,0,0.01
0.03,0.05,0,0,0.01
0.03,0.06,6,0,0.01
0.03,0.07,10,3.64641068109979,0.01
0.03,0.08,12,6.30001255912357,0.01
0.03,0.09,15,8.3715055150695,0.01
0.03,0.1,16,10.0708919534433,0.01
0.03,0.2,26,19.2824119877899,0.01
0.03,0.3,30,23.8677733949723,0.01
0.03,0.4,33,26.9463227830902,0.01
0.03,0.5,36,29.2671170876462,0.01
0.03,0.6,38,31.130460877303,0.01
0.03,0.7,39,32.687333803606,0.01
0.03,0.8,41,34.0244525252676,0.01
0.03,0.9,42,35.1962496239739,0.01
0.03,0.95,42,35.7320138282376,0.01
0.04,0.001,0,0,0.01
0.04,0.002,0,0,0.01
0.04,0.003,0,0,0.01
0.04,0.004,0,0,0.01
0.04,0.005,0,0,0.01
0.04,0.006,0,0,0.01
0.04,0.007,0,0,0.01
0.04,0.008,0,0,0.01
0.04,0.009,0,0,0.01
0.04,0.01,0,0,0.01
0.04,0.02,0,0,0.01
0.04,0.03,0,0,0.01
0.04,0.04,0,0,0.01
0.04,0.05,0,0,0.01
0.04,0.06,0,0,0.01
0.04,0.07,6,0,0.01
0.04,0.08,10,3.64641068109979,0.01
0.04,0.09,12,6.30001255912357,0.01
0.04,0.1,15,8.3715055150695,0.01
0.04,0.2,25,18.6737918821538,0.01
0.04,0.3,30,23.4969753977625,0.01
0.04,0.4,33,26.6796979028718,0.01
0.04,0.5,36,29.0589679213571,0.01
0.04,0.6,38,30.9597508512796,0.01
0.04,0.7,39,32.5426477459501,0.01
0.04,0.8,40,33.898905435687,0.01
0.04,0.9,42,35.0853696061473,0.01
0.04,0.95,42,35.6272531445725,0.01
0.05,0.001,0,0,0.01
0.05,0.002,0,0,0.01
0.05,0.003,0,0,0.01
0.05,0.004,0,0,0.01
0.05,0.005,0,0,0.01
0.05,0.006,0,0,0.01
0.05,0.007,0,0,0.01
0.05,0.008,0,0,0.01
0.05,0.009,0,0,0.01
0.05,0.01,0,0,0.01
0.05,0.02,0,0,0.01
0.05,0.03,0,0,0.01
0.05,0.04,0,0,0.01
0.05,0.05,0,0,0.01
0.05,0.06,0,0,0.01
0.05,0.07,0,0,0.01
0.05,0.08,6,0,0.01
0.05,0.09,10,3.64641068109979,0.01
0.05,0.1,12,6.30001255912357,0.01
0.05,0.2,24,18.0234538878023,0.01
0.05,0.3,30,23.111100239623,0.01
0.05,0.4,33,26.4053660433333,0.01
0.05,0.5,35,28.8461513466105,0.01
0.05,0.6,37,30.7859140947672,0.01
0.05,0.7,39,32.3957218772673,0.01
0.05,0.8,40,33.7716753591791,0.01
0.05,0.9,42,34.9731789194691,0.01
0.05,0.95,42,35.521323232709,0.01
0.06,0.001,0,0,0.01
0.06,0.002,0,0,0.01
0.06,0.003,0,0,0.01
0.06,0.004,0,0,0.01
0.06,0.005,0,0,0.01
0.06,0.006,0,0,0.01
0.06,0.007,0,0,0.01
0.06,0.008,0,0,0.01
0.06,0.009,0,0,0.01
0.06,0.01,0,0,0.01
0.06,0.02,0,0,0.01
0.06,0.03,0,0,0.01
0.06,0.04,0,0,0.01
0.06,0.05,0,0,0.01
0.06,0.06,0,0,0.01
0.06,0.07,0,0,0.01
0.06,0.08,0,0,0.01
0.06,0.09,6,0,0.01
0.06,0.1,10,3.64641068109979,0.01
0.06,0.2,24,17.3252552626558,0.01
0.06,0.3,29,22.7088696439936,0.01
0.06,0.4,33,26.1228683569788,0.01
0.06,0.5,35,28.6284532345626,0.01
0.06,0.6,37,30.6088339287481,0.01
0.06,0.7,39,32.2464857589616,0.01
0.06,0.8,40,33.642716560321,0.01
0.06,0.9,41,34.8596462071165,0.01
0.06,0.95,42,35.4141976984027,0.01
0.07,0.001,0,0,0.01
0.07,0.002,0,0,0.01
0.07,0.003,0,0,0.01
0.07,0.004,0,0,0.01
0.07,0.005,0,0,0.01
0.07,0.006,0,0,0.01
0.07,0.007,0,0,0.01
0.07,0.008,0,0,0.01
0.07,0.009,0,0,0.01
0.07,0.01,0,0,0.01
0.07,0.02,0,0,0.01
0.07,0.03,0,0,0.01
0.07,0.04,0,0,0.01
0.07,0.05,0,0,0.01
0.07,0.06,0,0,0.01
0.07,0.07,0,0,0.01
0.07,0.08,0,0,0.01
0.07,0.09,0,0,0.01
0.07,0.1,6,0,0.01
0.07,0.2,23,16.5715879413768,0.01
0.07,0.3,29,22.2888355474658,0.01
0.07,0.4,32,25.8317037584049,0.01
0.07,0.5,35,28.4056443741959,0.01
0.07,0.6,37,30.4283870187281,0.01
0.07,0.7,39,32.0948655765053,0.01
0.07,0.8,40,33.5119814136787,0.01
0.07,0.9,41,34.7447389733446,0.01
0.07,0.95,42,35.3058492434582,0.01
0.08,0.001,0,0,0.01
0.08,0.002,0,0,0.01
0.08,0.003,0,0,0.01
0.08,0.004,0,0,0.01
0.08,0.005,0,0,0.01
0.08,0.006,0,0,0.01
0.08,0.007,0,0,0.01
0.08,0.008,0,0,0.01
0.08,0.009,0,0,0.01
0.08,0.01,0,0,0.01
0.08,0.02,0,0,0.01
0.08,0.03,0,0,0.01
0.08,0.04,0,0,0.01
0.08,0.05,0,0,0.01
0.08,0.06,0,0,0.01
0.08,0.07,0,0,0.01
0.08,0.08,0,0,0.01
0.08,0.09,0,0,0.01
0.08,0.1,0,0,0.01
0.08,0.2,22,15.7528719001176,0.01
0.08,0.3,28,21.8493486319683,0.01
0.08,0.4,32,25.5313235756278,0.01
0.08,0.5,35,28.1774790217766,0.01
0.08,0.6,37,30.2444428587298,0.01
0.08,0.7,38,31.9407839201986,0.01
0.08,0.8,40,33.3794202982124,0.01
0.08,0.9,41,34.6284235276532,0.01
0.08,0.95,42,35.1962496239739,0.01
0.09,0.001,0,0,0.01
0.09,0.002,0,0,0.01
0.09,0.003,0,0,0.01
0.09,0.004,0,0,0.01
0.09,0.005,0,0,0.01
0.09,0.006,0,0,0.01
0.09,0.007,0,0,0.01
0.09,0.008,0,0,0.01
0.09,0.009,0,0,0.01
0.09,0.01,0,0,0.01
0.09,0.02,0,0,0.01
0.09,0.03,0,0,0.01
0.09,0.04,0,0,0.01
0.09,0.05,0,0,0.01
0.09,0.06,0,0,0.01
0.09,0.07,0,0,0.01
0.09,0.08,0,0,0.01
0.09,0.09,0,0,0.01
0.09,0.1,0,0,0.01
0.09,0.2,21,14.8568086654075,0.01
0.09,0.3,28,21.3885192110619,0.01
0.09,0.4,32,25.2211253270116,0.01
0.09,0.5,34,27.9436932716227,0.01
0.09,0.6,37,30.0568632042887,0.01
0.09,0.7,38,31.784159547839,0.01
0.09,0.8,40,33.2449814842012,0.01
0.09,0.9,41,34.5106649254901,0.01
0.09,0.95,42,35.0853696061473,0.01
0.1,0.001,0,0,0.01
0.1,0.002,0,0,0.01
0.1,0.003,0,0,0.01
0.1,0.004,0,0,0.01
0.1,0.005,0,0,0.01
0.1,0.006,0,0,0.01
0.1,0.007,0,0,0.01
0.1,0.008,0,0,0.01
0.1,0.009,0,0,0.01
0.1,0.01,0,0,0.01
0.1,0.02,0,0,0.01
0.1,0.03,0,0,0.01
0.1,0.04,0,0,0.01
0.1,0.05,0,0,0.01
0.1,0.06,0,0,0.01
0.1,0.07,0,0,0.01
0.1,0.08,0,0,0.01
0.1,0.09,0,0,0.01
0.1,0.1,0,0,0.01
0.1,0.2,20,13.8672443141565,0.01
0.1,0.3,27,20.9041681266559,0.01
0.1,0.4,31,24.900445446447,0.01
0.1,0.5,34,27.7040032210993,0.01
0.1,0.6,36,29.8655014482792,0.01
0.1,0.7,38,31.6249071274769,0.01
0.1,0.8,40,33.1086110120446,0.01
0.1,0.9,41,34.3914269052292,0.01
0.1,0.95,42,34.9731789194691,0.01
0.2,0.001,0,0,0.01
0.2,0.002,0,0,0.01
0.2,0.003,0,0,0.01
0.2,0.004,0,0,0.01
0.2,0.005,0,0,0.01
0.2,0.006,0,0,0.01
0.2,0.007,0,0,0.01
0.2,0.008,0,0,0.01
0.2,0.009,0,0,0.01
0.2,0.01,0,0,0.01
0.2,0.02,0,0,0.01
0.2,0.03,0,0,0.01
0.2,0.04,0,0,0.01
0.2,0.05,0,0,0.01
0.2,0.06,0,0,0.01
0.2,0.07,0,0,0.01
0.2,0.08,0,0,0.01
0.2,0.09,0,0,0.01
0.2,0.1,0,0,0.01
0.2,0.2,0,0,0.01
0.2,0.3,20,13.8672443141565,0.01
0.2,0.4,27,20.9041681266559,0.01
0.2,0.5,31,24.900445446447,0.01
0.2,0.6,34,27.7040032210993,0.01
0.2,0.7,36,29.8655014482792,0.01
0.2,0.8,38,31.6249071274769,0.01
0.2,0.9,40,33.1086110120446,0.01
0.2,0.95,40,33.7716753591791,0.01
0.3,0.001,0,0,0.01
0.3,0.002,0,0,0.01
0.3,0.003,0,0,0.01
0.3,0.004,0,0,0.01
0.3,0.005,0,0,0.01
0.3,0.006,0,0,0.01
0.3,0.007,0,0,0.01
0.3,0.008,0,0,0.01
0.3,0.009,0,0,0.01
0.3,0.01,0,0,0.01
0.3,0.02,0,0,0.01
0.3,0.03,0,0,0.01
0.3,0.04,0,0,0.01
0.3,0.05,0,0,0.01
0.3,0.06,0,0,0.01
0.3,0.07,0,0,0.01
0.3,0.08,0,0,0.01
0.3,0.09,0,0,0.01
0.3,0.1,0,0,0.01
0.3,0.2,0,0,0.01
0.3,0.3,0,0,0.01
0.3,0.4,20,13.8672443141564,0.01
0.3,0.5,27,20.9041681266559,0.01
0.3,0.6,31,24.900445446447,0.01
0.3,0.7,34,27.7040032210993,0.01
0.3,0.8,36,29.8655014482792,0.01
0.3,0.9,38,31.6249071274769,0.01
0.3,0.95,39,32.3957218772673,0.01
0.4,0.001,0,0,0.01
0.4,0.002,0,0,0.01
0.4,0.003,0,0,0.01
0.4,0.004,0,0,0.01
0.4,0.005,0,0,0.01
0.4,0.006,0,0,0.01
0.4,0.007,0,0,0.01
0.4,0.008,0,0,0.01
0.4,0.009,0,0,0.01
0.4,0.01,0,0,0.01
0.4,0.02,0,0,0.01
0.4,0.03,0,0,0.01
0.4,0.04,0,0,0.01
0.4,0.05,0,0,0.01
0.4,0.06,0,0,0.01
0.4,0.07,0,0,0.01
0.4,0.08,0,0,0.01
0.4,0.09,0,0,0.01
0.4,0.1,0,0,0.01
0.4,0.2,0,0,0.01
0.4,0.3,0,0,0.01
0.4,0.4,0,0,0.01
0.4,0.5,20,13.8672443141564,0.01
0.4,0.6,27,20.9041681266559,0.01
0.4,0.7,31,24.900445446447,0.01
0.4,0.8,34,27.7040032210993,0.01
0.4,0.9,36,29.8655014482792,0.01
0.4,0.95,37,30.7859140947672,0.01
0.5,0.001,0,0,0.01
0.5,0.002,0,0,0.01
0.5,0.003,0,0,0.01
0.5,0.004,0,0,0.01
0.5,0.005,0,0,0.01
0.5,0.006,0,0,0.01
0.5,0.007,0,0,0.01
0.5,0.008,0,0,0.01
0.5,0.009,0,0,0.01
0.5,0.01,0,0,0.01
0.5,0.02,0,0,0.01
0.5,0.03,0,0,0.01
0.5,0.04,0,0,0.01
0.5,0.05,0,0,0.01
0.5,0.06,0,0,0.01
0.5,0.07,0,0,0.01
0.5,0.08,0,0,0.01
0.5,0.09,0,0,0.01
0.5,0.1,0,0,0.01
0.5,0.2,0,0,0.01
0.5,0.3,0,0,0.01
0.5,0.4,0,0,0.01
0.5,0.5,0,0,0.01
0.5,0.6,20,13.8672443141565,0.01
0.5,0.7,27,20.9041681266559,0.01
0.5,0.8,31,24.900445446447,0.01
0.5,0.9,34,27.7040032210993,0.01
0.5,0.95,35,28.8461513466105,0.01
0.6,0.001,0,0,0.01
0.6,0.002,0,0,0.01
0.6,0.003,0,0,0.01
0.6,0.004,0,0,0.01
0.6,0.005,0,0,0.01
0.6,0.006,0,0,0.01
0.6,0.007,0,0,0.01
0.6,0.008,0,0,0.01
0.6,0.009,0,0,0.01
0.6,0.01,0,0,0.01
0.6,0.02,0,0,0.01
0.6,0.03,0,0,0.01
0.6,0.04,0,0,0.01
0.6,0.05,0,0,0.01
0.6,0.06,0,0,0.01
0.6,0.07,0,0,0.01
0.6,0.08,0,0,0.01
0.6,0.09,0,0,0.01
0.6,0.1,0,0,0.01
0.6,0.2,0,0,0.01
0.6,0.3,0,0,0.01
0.6,0.4,0,0,0.01
0.6,0.5,0,0,0.01
0.6,0.6,0,0,0.01
0.6,0.7,20,13.8672443141564,0.01
0.6,0.8,27,20.9041681266559,0.01
0.6,0.9,31,24.900445446447,0.01
0.6,0.95,33,26.4053660433333,0.01
0.7,0.001,0,0,0.01
0.7,0.002,0,0,0.01
0.7,0.003,0,0,0.01
0.7,0.004,0,0,0.01
0.7,0.005,0,0,0.01
0.7,0.006,0,0,0.01
0.7,0.007,0,0,0.01
0.7,0.008,0,0,0.01
0.7,0.009,0,0,0.01
0.7,0.01,0,0,0.01
0.7,0.02,0,0,0.01
0.7,0.03,0,0,0.01
0.7,0.04,0,0,0.01
0.7,0.05,0,0,0.01
0.7,0.06,0,0,0.01
0.7,0.07,0,0,0.01
0.7,0.08,0,0,0.01
0.7,0.09,0,0,0.01
0.7,0.1,0,0,0.01
0.7,0.2,0,0,0.01
0.7,0.3,0,0,0.01
0.7,0.4,0,0,0.01
0.7,0.5,0,0,0.01
0.7,0.6,0,0,0.01
0.7,0.7,0,0,0.01
0.7,0.8,20,13.8672443141565,0.01
0.7,0.9,27,20.9041681266559,0.01
0.7,0.95,30,23.111100239623,0.01
0.8,0.001,0,0,0.01
0.8,0.002,0,0,0.01
0.8,0.003,0,0,0.01
0.8,0.004,0,0,0.01
0.8,0.005,0,0,0.01
0.8,0.006,0,0,0.01
0.8,0.007,0,0,0.01
0.8,0.008,0,0,0.01
0.8,0.009,0,0,0.01
0.8,0.01,0,0,0.01
0.8,0.02,0,0,0.01
0.8,0.03,0,0,0.01
0.8,0.04,0,0,0.01
0.8,0.05,0,0,0.01
0.8,0.06,0,0,0.01
0.8,0.07,0,0,0.01
0.8,0.08,0,0,0.01
0.8,0.09,0,0,0.01
0.8,0.1,0,0,0.01
0.8,0.2,0,0,0.01
0.8,0.3,0,0,0.01
0.8,0.4,0,0,0.01
0.8,0.5,0,0,0.01
0.8,0.6,0,0,0.01
0.8,0.7,0,0,0.01
0.8,0.8,0,0,0.01
0.8,0.9,20,13.8672443141564,0.01
0.8,0.95,24,18.0234538878023,0.01
0.9,0.001,0,0,0.01
0.9,0.002,0,0,0.01
0.9,0.003,0,0,0.01
0.9,0.004,0,0,0.01
0.9,0.005,0,0,0.01
0.9,0.006,0,0,0.01
0.9,0.007,0,0,0.01
0.9,0.008,0,0,0.01
0.9,0.009,0,0,0.01
0.9,0.01,0,0,0.01
0.9,0.02,0,0,0.01
0.9,0.03,0,0,0.01
0.9,0.04,0,0,0.01
0.9,0.05,0,0,0.01
0.9,0.06,0,0,0.01
0.9,0.07,0,0,0.01
0.9,0.08,0,0,0.01
0.9,0.09,0,0,0.01
0.9,0.1,0,0,0.01
0.9,0.2,0,0,0.01
0.9,0.3,0,0,0.01
0.9,0.4,0,0,0.01
0.9,0.5,0,0,0.01
0.9,0.6,0,0,0.01
0.9,0.7,0,0,0.01
0.9,0.8,0,0,0.01
0.9,0.9,0,0,0.01
0.9,0.95,12,6.30001255912358,0.01
0.95,0.001,0,0,0.01
0.95,0.002,0,0,0.01
0.95,0.003,0,0,0.01
0.95,0.004,0,0,0.01
0.95,0.005,0,0,0.01
0.95,0.006,0,0,0.01
0.95,0.007,0,0,0.01
0.95,0.008,0,0,0.01
0.95,0.009,0,0,0.01
0.95,0.01,0,0,0.01
0.95,0.02,0,0,0.01
0.95,0.03,0,0,0.01
0.95,0.04,0,0,0.01
0.95,0.05,0,0,0.01
0.95,0.06,0,0,0.01
0.95,0.07,0,0,0.01
0.95,0.08,0,0,0.01
0.95,0.09,0,0,0.01
0.95,0.1,0,0,0.01
0.95,0.2,0,0,0.01
0.95,0.3,0,0,0.01
0.95,0.4,0,0,0.01
0.95,0.5,0,0,0.01
0.95,0.6,0,0,0.01
0.95,0.7,0,0,0.01
0.95,0.8,0,0,0.01
0.95,0.9,0,0,0.01
0.95,0.95,0,0,0.01
0.001,0.001,0,0,0.1
0.001,0.002,0,0,0.1
0.001,0.003,0,0,0.1
0.001,0.004,0,0,0.1
0.001,0.005,0,0,0.1
0.001,0.006,0,0,0.1
0.001,0.007,0,0,0.1
0.001,0.008,0,0,0.1
0.001,0.009,0,0,0.1
0.001,0.01,0,0,0.1
0.001,0.02,0,0,0.1
0.001,0.03,0,0,0.1
0.001,0.04,0,0,0.1
0.001,0.05,0,0,0.1
0.001,0.06,0,0,0.1
0.001,0.07,0,0,0.1
0.001,0.08,0,0,0.1
0.001,0.09,0,0,0.1
0.001,0.1,0,0,0.1
0.001,0.2,0,0,0.1
0.001,0.3,5,0,0.1
0.001,0.4,10,3.61574434882842,0.1
0.001,0.5,12,6.27683496132704,0.1
0.001,0.6,15,8.35287700745833,0.1
0.001,0.7,16,10.0553198062569,0.1
0.001,0.8,18,11.4983391183111,0.1
0.001,0.9,19,12.7506430739492,0.1
0.001,0.95,20,13.3198316789151,0.1
0.002,0.001,0,0,0.1
0.002,0.002,0,0,0.1
0.002,0.003,0,0,0.1
0.002,0.004,0,0,0.1
0.002,0.005,0,0,0.1
0.002,0.006,0,0,0.1
0.002,0.007,0,0,0.1
0.002,0.008,0,0,0.1
0.002,0.009,0,0,0.1
0.002,0.01,0,0,0.1
0.002,0.02,0,0,0.1
0.002,0.03,0,0,0.1
0.002,0.04,0,0,0.1
0.002,0.05,0,0,0.1
0.002,0.06,0,0,0.1
0.002,0.07,0,0,0.1
0.002,0.08,0,0,0.1
0.002,0.09,0,0,0.1
0.002,0.1,0,0,0.1
0.002,0.2,0,0,0.1
0.002,0.3,5,0,0.1
0.002,0.4,10,3.58497861174054,0.1
0.002,0.5,12,6.25360062516842,0.1
0.002,0.6,15,8.33421186559031,0.1
0.002,0.7,16,10.0397220680201,0.1
0.002,0.8,18,11.484942896495,0.1
0.002,0.9,19,12.7389037755064,0.1
0.002,0.95,20,13.3087760905002,0.1
0.003,0.001,0,0,0.1
0.003,0.002,0,0,0.1
0.003,0.003,0,0,0.1
0.003,0.004,0,0,0.1
0.003,0.005,0,0,0.1
0.003,0.006,0,0,0.1
0.003,0.007,0,0,0.1
0.003,0.008,0,0,0.1
0.003,0.009,0,0,0.1
0.003,0.01,0,0,0.1
0.003,0.02,0,0,0.1
0.003,0.03,0,0,0.1
0.003,0.04,0,0,0.1
0.003,0.05,0,0,0.1
0.003,0.06,0,0,0.1
0.003,0.07,0,0,0.1
0.003,0.08,0,0,0.1
0.003,0.09,0,0,0.1
0.003,0.1,0,0,0.1
0.003,0.2,0,0,0.1
0.003,0.3,5,0,0.1
0.003,0.4,9,3.55411282329908,0.1
0.003,0.5,12,6.23030927217679,0.1
0.003,0.6,15,8.31550994509385,0.1
0.003,0.7,16,10.0240986544824,0.1
0.003,0.8,18,11.4715277400835,0.1
0.003,0.9,19,12.727149939229,0.1
0.003,0.95,20,13.2977076092679,0.1
0.004,0.001,0,0,0.1
0.004,0.002,0,0,0.1
0.004,0.003,0,0,0.1
0.004,0.004,0,0,0.1
0.004,0.005,0,0,0.1
0.004,0.006,0,0,0.1
0.004,0.007,0,0,0.1
0.004,0.008,0,0,0.1
0.004,0.009,0,0,0.1
0.004,0.01,0,0,0.1
0.004,0.02,0,0,0.1
0.004,0.03,0,0,0.1
0.004,0.04,0,0,0.1
0.004,0.05,0,0,0.1
0.004,0.06,0,0,0.1
0.004,0.07,0,0,0.1
0.004,0.08,0,0,0.1
0.004,0.09,0,0,0.1
0.004,0.1,0,0,0.1
0.004,0.2,0,0,0.1
0.004,0.3,5,0,0.1
0.004,0.4,9,3.52314633063867,0.1
0.004,0.5,12,6.2069606218261,0.1
0.004,0.6,14,8.29677110074224,0.1
0.004,0.7,16,10.0084494809766,0.1
0.004,0.8,18,11.4580935954754,0.1
0.004,0.9,19,12.7153815290653,0.1
0.004,0.95,20,13.2866262051124,0.1
0.005,0.001,0,0,0.1
0.005,0.002,0,0,0.1
0.005,0.003,0,0,0.1
0.005,0.004,0,0,0.1
0.005,0.005,0,0,0.1
0.005,0.006,0,0,0.1
0.005,0.007,0,0,0.1
0.005,0.008,0,0,0.1
0.005,0.009,0,0,0.1
0.005,0.01,0,0,0.1
0.005,0.02,0,0,0.1
0.005,0.03,0,0,0.1
0.005,0.04,0,0,0.1
0.005,0.05,0,0,0.1
0.005,0.06,0,0,0.1
0.005,0.07,0,0,0.1
0.005,0.08,0,0,0.1
0.005,0.09,0,0,0.1
0.005,0.1,0,0,0.1
0.005,0.2,0,0,0.1
0.005,0.3,5,0,0.1
0.005,0.4,9,3.49207847448276,0.1
0.005,0.5,12,6.1835543915149,0.1
0.005,0.6,14,8.27799518644688,0.1
0.005,0.7,16,9.9927744624162,0.1
0.005,0.8,18,11.4446404088417,0.1
0.005,0.9,19,12.7035985088293,0.1
0.005,0.95,20,13.2755318478223,0.1
0.006,0.001,0,0,0.1
0.006,0.002,0,0,0.1
0.006,0.003,0,0,0.1
0.006,0.004,0,0,0.1
0.006,0.005,0,0,0.1
0.006,0.006,0,0,0.1
0.006,0.007,0,0,0.1
0.006,0.008,0,0,0.1
0.006,0.009,0,0,0.1
0.006,0.01,0,0,0.1
0.006,0.02,0,0,0.1
0.006,0.03,0,0,0.1
0.006,0.04,0,0,0.1
0.006,0.05,0,0,0.1
0.006,0.06,0,0,0.1
0.006,0.07,0,0,0.1
0.006,0.08,0,0,0.1
0.006,0.09,0,0,0.1
0.006,0.1,0,0,0.1
0.006,0.2,0,0,0.1
0.006,0.3,5,0,0.1
0.006,0.4,9,3.4609085890595,0.1
0.006,0.5,12,6.1600902965458,0.1
0.006,0.6,14,8.25918205525048,0.1
0.006,0.7,16,9.97707351329216,0.1
0.006,0.8,18,11.431168126124,0.1
0.006,0.9,19,12.6918008422003,0.1
0.006,0.95,20,13.26442450708,0.1
0.007,0.001,0,0,0.1
0.007,0.002,0,0,0.1
0.007,0.003,0,0,0.1
0.007,0.004,0,0,0.1
0.007,0.005,0,0,0.1
0.007,0.006,0,0,0.1
0.007,0.007,0,0,0.1
0.007,0.008,0,0,0.1
0.007,0.009,0,0,0.1
0.007,0.01,0,0,0.1
0.007,0.02,0,0,0.1
0.007,0.03,0,0,0.1
0.007,0.04,0,0,0.1
0.007,0.05,0,0,0.1
0.007,0.06,0,0,0.1
0.007,0.07,0,0,0.1
0.007,0.08,0,0,0.1
0.007,0.09,0,0,0.1
0.007,0.1,0,0,0.1
0.007,0.2,0,0,0.1
0.007,0.3,5,0,0.1
0.007,0.4,9,3.42963600201605,0.1
0.007,0.5,12,6.13656805010467,0.1
0.007,0.6,14,8.24033155932012,0.1
0.007,0.7,16,9.96134654767051,0.1
0.007,0.8,18,11.4176766930335,0.1
0.007,0.9,19,12.6799884927216,0.1
0.007,0.95,20,13.2533041524616,0.1
0.008,0.001,0,0,0.1
0.008,0.002,0,0,0.1
0.008,0.003,0,0,0.1
0.008,0.004,0,0,0.1
0.008,0.005,0,0,0.1
0.008,0.006,0,0,0.1
0.008,0.007,0,0,0.1
0.008,0.008,0,0,0.1
0.008,0.009,0,0,0.1
0.008,0.01,0,0,0.1
0.008,0.02,0,0,0.1
0.008,0.03,0,0,0.1
0.008,0.04,0,0,0.1
0.008,0.05,0,0,0.1
0.008,0.06,0,0,0.1
0.008,0.07,0,0,0.1
0.008,0.08,0,0,0.1
0.008,0.09,0,0,0.1
0.008,0.1,0,0,0.1
0.008,0.2,0,0,0.1
0.008,0.3,5,0,0.1
0.008,0.4,9,3.39826003433157,0.1
0.008,0.5,12,6.11298736323968,0.1
0.008,0.6,14,8.22144354994027,0.1
0.008,0.7,16,9.94559347918939,0.1
0.008,0.8,18,11.4041660550495,0.1
0.008,0.9,19,12.6681614238005,0.1
0.008,0.95,20,13.242170753436,0.1
0.009,0.001,0,0,0.1
0.009,0.002,0,0,0.1
0.009,0.003,0,0,0.1
0.009,0.004,0,0,0.1
0.009,0.005,0,0,0.1
0.009,0.006,0,0,0.1
0.009,0.007,0,0,0.1
0.009,0.008,0,0,0.1
0.009,0.009,0,0,0.1
0.009,0.01,0,0,0.1
0.009,0.02,0,0,0.1
0.009,0.03,0,0,0.1
0.009,0.04,0,0,0.1
0.009,0.05,0,0,0.1
0.009,0.06,0,0,0.1
0.009,0.07,0,0,0.1
0.009,0.08,0,0,0.1
0.009,0.09,0,0,0.1
0.009,0.1,0,0,0.1
0.009,0.2,0,0,0.1
0.009,0.3,5,0,0.1
0.009,0.4,9,3.3667800002288,0.1
0.009,0.5,12,6.0893479448399,0.1
0.009,0.6,14,8.20251787750582,0.1
0.009,0.7,16,9.92981422105617,0.1
0.009,0.8,18,11.3906361574183,0.1
0.009,0.9,19,12.6563195987072,0.1
0.009,0.95,20,13.2310242793645,0.1
0.01,0.001,0,0,0.1
0.01,0.002,0,0,0.1
0.01,0.003,0,0,0.1
0.01,0.004,0,0,0.1
0.01,0.005,0,0,0.1
0.01,0.006,0,0,0.1
0.01,0.007,0,0,0.1
0.01,0.008,0,0,0.1
0.01,0.009,0,0,0.1
0.01,0.01,0,0,0.1
0.01,0.02,0,0,0.1
0.01,0.03,0,0,0.1
0.01,0.04,0,0,0.1
0.01,0.05,0,0,0.1
0.01,0.06,0,0,0.1
0.01,0.07,0,0,0.1
0.01,0.08,0,0,0.1
0.01,0.09,0,0,0.1
0.01,0.1,0,0,0.1
0.01,0.2,0,0,0.1
0.01,0.3,5,0,0.1
0.01,0.4,9,3.33519520708407,0.1
0.01,0.5,12,6.06564950161382,0.1
0.01,0.6,14,8.18355439151491,0.1
0.01,0.7,16,9.91400868604466,0.1
0.01,0.8,18,11.3770869451516,0.1
0.01,0.9,19,12.6444629805744,0.1
0.01,0.95,20,13.2198646995003,0.1
0.02,0.001,0,0,0.1
0.02,0.002,0,0,0.1
0.02,0.003,0,0,0.1
0.02,0.004,0,0,0.1
0.02,0.005,0,0,0.1
0.02,0.006,0,0,0.1
0.02,0.007,0,0,0.1
0.02,0.008,0,0,0.1
0.02,0.009,0,0,0.1
0.02,0.01,0,0,0.1
0.02,0.02,0,0,0.1
0.02,0.03,0,0,0.1
0.02,0.04,0,0,0.1
0.02,0.05,0,0,0.1
0.02,0.06,0,0,0.1
0.02,0.07,0,0,0.1
0.02,0.08,0,0,0.1
0.02,0.09,0,0,0.1
0.02,0.1,0,0,0.1
0.02,0.2,0,0,0.1
0.02,0.3,4,0,0.1
0.02,0.4,9,3.01342806818945,0.1
0.02,0.5,12,5.82535257608896,0.1
0.02,0.6,14,7.99180601982764,0.1
0.02,0.7,16,9.7544886019653,0.1
0.02,0.8,18,11.2405202497224,0.1
0.02,0.9,19,12.5250749714296,0.1
0.02,0.95,19,13.1075412396813,0.1
0.03,0.001,0,0,0.1
0.03,0.002,0,0,0.1
0.03,0.003,0,0,0.1
0.03,0.004,0,0,0.1
0.03,0.005,0,0,0.1
0.03,0.006,0,0,0.1
0.03,0.007,0,0,0.1
0.03,0.008,0,0,0.1
0.03,0.009,0,0,0.1
0.03,0.01,0,0,0.1
0.03,0.02,0,0,0.1
0.03,0.03,0,0,0.1
0.03,0.04,0,0,0.1
0.03,0.05,0,0,0.1
0.03,0.06,0,0,0.1
0.03,0.07,0,0,0.1
0.03,0.08,0,0,0.1
0.03,0.09,0,0,0.1
0.03,0.1,0,0,0.1
0.03,0.2,0,0,0.1
0.03,0.3,4,0,0.1
0.03,0.4,9,2.6803685762899,0.1
0.03,0.5,12,5.57881347896058,0.1
0.03,0.6,14,7.79610379614358,0.1
0.03,0.7,16,9.59224154715003,0.1
0.03,0.8,17,11.1019598095992,0.1
0.03,0.9,19,12.4041660550495,0.1
0.03,0.95,19,12.9938725567602,0.1
0.04,0.001,0,0,0.1
0.04,0.002,0,0,0.1
0.04,0.003,0,0,0.1
0.04,0.004,0,0,0.1
0.04,0.005,0,0,0.1
0.04,0.006,0,0,0.1
0.04,0.007,0,0,0.1
0.04,0.008,0,0,0.1
0.04,0.009,0,0,0.1
0.04,0.01,0,0,0.1
0.04,0.02,0,0,0.1
0.04,0.03,0,0,0.1
0.04,0.04,0,0,0.1
0.04,0.05,0,0,0.1
0.04,0.06,0,0,0.1
0.04,0.07,0,0,0.1
0.04,0.08,0,0,0.1
0.04,0.09,0,0,0.1
0.04,0.1,0,0,0.1
0.04,0.2,0,0,0.1
0.04,0.3,3,0,0.1
0.04,0.4,8,2.33519520708407,0.1
0.04,0.5,11,5.32569923672613,0.1
0.04,0.6,14,7.59628122441086,0.1
0.04,0.7,16,9.42717266339142,0.1
0.04,0.8,17,10.9613465476705,0.1
0.04,0.9,19,12.2816969806022,0.1
0.04,0.95,19,12.8788260380842,0.1
0.05,0.001,0,0,0.1
0.05,0.002,0,0,0.1
0.05,0.003,0,0,0.1
0.05,0.004,0,0,0.1
0.05,0.005,0,0,0.1
0.05,0.006,0,0,0.1
0.05,0.007,0,0,0.1
0.05,0.008,0,0,0.1
0.05,0.009,0,0,0.1
0.05,0.01,0,0,0.1
0.05,0.02,0,0,0.1
0.05,0.03,0,0,0.1
0.05,0.04,0,0,0.1
0.05,0.05,0,0,0.1
0.05,0.06,0,0,0.1
0.05,0.07,0,0,0.1
0.05,0.08,0,0,0.1
0.05,0.09,0,0,0.1
0.05,0.1,0,0,0.1
0.05,0.2,0,0,0.1
0.05,0.3,3,0,0.1
0.05,0.4,8,1.97699339165813,0.1
0.05,0.5,11,5.06564950161382,0.1
0.05,0.6,14,7.39216106529159,0.1
0.05,0.7,15,9.25918205525048,0.1
0.05,0.8,17,10.8186187214953,0.1
0.05,0.9,18,12.1576269579212,0.1
0.05,0.95,19,12.7623678704755,0.1
0.06,0.001,0,0,0.1
0.06,0.002,0,0,0.1
0.06,0.003,0,0,0.1
0.06,0.004,0,0,0.1
0.06,0.005,0,0,0.1
0.06,0.006,0,0,0.1
0.06,0.007,0,0,0.1
0.06,0.008,0,0,0.1
0.06,0.009,0,0,0.1
0.06,0.01,0,0,0.1
0.06,0.02,0,0,0.1
0.06,0.03,0,0,0.1
0.06,0.04,0,0,0.1
0.06,0.05,0,0,0.1
0.06,0.06,0,0,0.1
0.06,0.07,0,0,0.1
0.06,0.08,0,0,0.1
0.06,0.09,0,0,0.1
0.06,0.1,0,0,0.1
0.06,0.2,0,0,0.1
0.06,0.3,2,0,0.1
0.06,0.4,7,1.60474091255432,0.1
0.06,0.5,11,4.79827346619098,0.1
0.06,0.6,13,7.18355439151491,0.1
0.06,0.7,15,9.08816442696555,0.1
0.06,0.8,17,10.6737117605198,0.1
0.06,0.9,18,12.0319135759457,0.1
0.06,0.95,19,12.6444629805744,0.1
0.07,0.001,0,0,0.1
0.07,0.002,0,0,0.1
0.07,0.003,0,0,0.1
0.07,0.004,0,0,0.1
0.07,0.005,0,0,0.1
0.07,0.006,0,0,0.1
0.07,0.007,0,0,0.1
0.07,0.008,0,0,0.1
0.07,0.009,0,0,0.1
0.07,0.01,0,0,0.1
0.07,0.02,0,0,0.1
0.07,0.03,0,0,0.1
0.07,0.04,0,0,0.1
0.07,0.05,0,0,0.1
0.07,0.06,0,0,0.1
0.07,0.07,0,0,0.1
0.07,0.08,0,0,0.1
0.07,0.09,0,0,0.1
0.07,0.1,0,0,0.1
0.07,0.2,0,0,0.1
0.07,0.3,1,0,0.1
0.07,0.4,7,1.21729031718299,0.1
0.07,0.5,11,4.52314633063866,0.1
0.07,0.6,13,6.97025953706448,0.1
0.07,0.7,15,8.91400868604465,0.1
0.07,0.8,17,10.5265580906733,0.1
0.07,0.9,18,11.9045127156867,0.1
0.07,0.95,19,12.5250749714296,0.1
0.08,0.001,0,0,0.1
0.08,0.002,0,0,0.1
0.08,0.003,0,0,0.1
0.08,0.004,0,0,0.1
0.08,0.005,0,0,0.1
0.08,0.006,0,0,0.1
0.08,0.007,0,0,0.1
0.08,0.008,0,0,0.1
0.08,0.009,0,0,0.1
0.08,0.01,0,0,0.1
0.08,0.02,0,0,0.1
0.08,0.03,0,0,0.1
0.08,0.04,0,0,0.1
0.08,0.05,0,0,0.1
0.08,0.06,0,0,0.1
0.08,0.07,0,0,0.1
0.08,0.08,0,0,0.1
0.08,0.09,0,0,0.1
0.08,0.1,0,0,0.1
0.08,0.2,0,0,0.1
0.08,0.3,0,0,0.1
0.08,0.4,6,0,0.1
0.08,0.5,10,4.23980524253472,0.1
0.08,0.6,13,6.75206092555273,0.1
0.08,0.7,15,8.73659750980423,0.1
0.08,0.8,17,10.3770869451516,0.1
0.08,0.9,18,11.7753784572709,0.1
0.08,0.95,19,12.4041660550495,0.1
0.09,0.001,0,0,0.1
0.09,0.002,0,0,0.1
0.09,0.003,0,0,0.1
0.09,0.004,0,0,0.1
0.09,0.005,0,0,0.1
0.09,0.006,0,0,0.1
0.09,0.007,0,0,0.1
0.09,0.008,0,0,0.1
0.09,0.009,0,0,0.1
0.09,0.01,0,0,0.1
0.09,0.02,0,0,0.1
0.09,0.03,0,0,0.1
0.09,0.04,0,0,0.1
0.09,0.05,0,0,0.1
0.09,0.06,0,0,0.1
0.09,0.07,0,0,0.1
0.09,0.08,0,0,0.1
0.09,0.09,0,0,0.1
0.09,0.1,0,0,0.1
0.09,0.2,0,0,0.1
0.09,0.3,0,0,0.1
0.09,0.4,6,0,0.1
0.09,0.5,10,3.94774461171274,0.1
0.09,0.6,13,6.52872776072073,0.1
0.09,0.7,15,8.55580687061871,0.1
0.09,0.8,16,10.2252241600604,0.1
0.09,0.9,18,11.6444629805744,0.1
0.09,0.95,19,12.2816969806022,0.1
0.1,0.001,0,0,0.1
0.1,0.002,0,0,0.1
0.1,0.003,0,0,0.1
0.1,0.004,0,0,0.1
0.1,0.005,0,0,0.1
0.1,0.006,0,0,0.1
0.1,0.007,0,0,0.1
0.1,0.008,0,0,0.1
0.1,0.009,0,0,0.1
0.1,0.01,0,0,0.1
0.1,0.02,0,0,0.1
0.1,0.03,0,0,0.1
0.1,0.04,0,0,0.1
0.1,0.05,0,0,0.1
0.1,0.06,0,0,0.1
0.1,0.07,0,0,0.1
0.1,0.08,0,0,0.1
0.1,0.09,0,0,0.1
0.1,0.1,0,0,0.1
0.1,0.2,0,0,0.1
0.1,0.3,0,0,0.1
0.1,0.4,6,0,0.1
0.1,0.5,10,3.64641068109979,0.1
0.1,0.6,12,6.30001255912357,0.1
0.1,0.7,15,8.37150551506949,0.1
0.1,0.8,16,10.0708919534433,0.1
0.1,0.9,18,11.5117164589062,0.1
0.1,0.95,18,12.1576269579212,0.1
0.2,0.001,0,0,0.1
0.2,0.002,0,0,0.1
0.2,0.003,0,0,0.1
0.2,0.004,0,0,0.1
0.2,0.005,0,0,0.1
0.2,0.006,0,0,0.1
0.2,0.007,0,0,0.1
0.2,0.008,0,0,0.1
0.2,0.009,0,0,0.1
0.2,0.01,0,0,0.1
0.2,0.02,0,0,0.1
0.2,0.03,0,0,0.1
0.2,0.04,0,0,0.1
0.2,0.05,0,0,0.1
0.2,0.06,0,0,0.1
0.2,0.07,0,0,0.1
0.2,0.08,0,0,0.1
0.2,0.09,0,0,0.1
0.2,0.1,0,0,0.1
0.2,0.2,0,0,0.1
0.2,0.3,0,0,0.1
0.2,0.4,0,0,0.1
0.2,0.5,6,0,0.1
0.2,0.6,10,3.64641068109979,0.1
0.2,0.7,12,6.30001255912357,0.1
0.2,0.8,15,8.3715055150695,0.1
0.2,0.9,16,10.0708919534433,0.1
0.2,0.95,17,10.8186187214953,0.1
0.3,0.001,0,0,0.1
0.3,0.002,0,0,0.1
0.3,0.003,0,0,0.1
0.3,0.004,0,0,0.1
0.3,0.005,0,0,0.1
0.3,0.006,0,0,0.1
0.3,0.007,0,0,0.1
0.3,0.008,0,0,0.1
0.3,0.009,0,0,0.1
0.3,0.01,0,0,0.1
0.3,0.02,0,0,0.1
0.3,0.03,0,0,0.1
0.3,0.04,0,0,0.1
0.3,0.05,0,0,0.1
0.3,0.06,0,0,0.1
0.3,0.07,0,0,0.1
0.3,0.08,0,0,0.1
0.3,0.09,0,0,0.1
0.3,0.1,0,0,0.1
0.3,0.2,0,0,0.1
0.3,0.3,0,0,0.1
0.3,0.4,0,0,0.1
0.3,0.5,0,0,0.1
0.3,0.6,6,0,0.1
0.3,0.7,10,3.64641068109979,0.1
0.3,0.8,12,6.30001255912357,0.1
0.3,0.9,15,8.37150551506949,0.1
0.3,0.95,15,9.25918205525048,0.1
0.4,0.001,0,0,0.1
0.4,0.002,0,0,0.1
0.4,0.003,0,0,0.1
0.4,0.004,0,0,0.1
0.4,0.005,0,0,0.1
0.4,0.006,0,0,0.1
0.4,0.007,0,0,0.1
0.4,0.008,0,0,0.1
0.4,0.009,0,0,0.1
0.4,0.01,0,0,0.1
0.4,0.02,0,0,0.1
0.4,0.03,0,0,0.1
0.4,0.04,0,0,0.1
0.4,0.05,0,0,0.1
0.4,0.06,0,0,0.1
0.4,0.07,0,0,0.1
0.4,0.08,0,0,0.1
0.4,0.09,0,0,0.1
0.4,0.1,0,0,0.1
0.4,0.2,0,0,0.1
0.4,0.3,0,0,0.1
0.4,0.4,0,0,0.1
0.4,0.5,0,0,0.1
0.4,0.6,0,0,0.1
0.4,0.7,6,0,0.1
0.4,0.8,10,3.64641068109979,0.1
0.4,0.9,12,6.30001255912357,0.1
0.4,0.95,14,7.39216106529159,0.1
0.5,0.001,0,0,0.1
0.5,0.002,0,0,0.1
0.5,0.003,0,0,0.1
0.5,0.004,0,0,0.1
0.5,0.005,0,0,0.1
0.5,0.006,0,0,0.1
0.5,0.007,0,0,0.1
0.5,0.008,0,0,0.1
0.5,0.009,0,0,0.1
0.5,0.01,0,0,0.1
0.5,0.02,0,0,0.1
0.5,0.03,0,0,0.1
0.5,0.04,0,0,0.1
0.5,0.05,0,0,0.1
0.5,0.06,0,0,0.1
0.5,0.07,0,0,0.1
0.5,0.08,0,0,0.1
0.5,0.09,0,0,0.1
0.5,0.1,0,0,0.1
0.5,0.2,0,0,0.1
0.5,0.3,0,0,0.1
0.5,0.4,0,0,0.1
0.5,0.5,0,0,0.1
0.5,0.6,0,0,0.1
0.5,0.7,0,0,0.1
0.5,0.8,6,0,0.1
0.5,0.9,10,3.64641068109979,0.1
0.5,0.95,11,5.06564950161382,0.1
0.6,0.001,0,0,0.1
0.6,0.002,0,0,0.1
0.6,0.003,0,0,0.1
0.6,0.004,0,0,0.1
0.6,0.005,0,0,0.1
0.6,0.006,0,0,0.1
0.6,0.007,0,0,0.1
0.6,0.008,0,0,0.1
0.6,0.009,0,0,0.1
0.6,0.01,0,0,0.1
0.6,0.02,0,0,0.1
0.6,0.03,0,0,0.1
0.6,0.04,0,0,0.1
0.6,0.05,0,0,0.1
0.6,0.06,0,0,0.1
0.6,0.07,0,0,0.1
0.6,0.08,0,0,0.1
0.6,0.09,0,0,0.1
0.6,0.1,0,0,0.1
0.6,0.2,0,0,0.1
0.6,0.3,0,0,0.1
0.6,0.4,0,0,0.1
0.6,0.5,0,0,0.1
0.6,0.6,0,0,0.1
0.6,0.7,0,0,0.1
0.6,0.8,0,0,0.1
0.6,0.9,6,0,0.1
0.6,0.95,8,1.97699339165813,0.1
0.7,0.001,0,0,0.1
0.7,0.002,0,0,0.1
0.7,0.003,0,0,0.1
0.7,0.004,0,0,0.1
0.7,0.005,0,0,0.1
0.7,0.006,0,0,0.1
0.7,0.007,0,0,0.1
0.7,0.008,0,0,0.1
0.7,0.009,0,0,0.1
0.7,0.01,0,0,0.1
0.7,0.02,0,0,0.1
0.7,0.03,0,0,0.1
0.7,0.04,0,0,0.1
0.7,0.05,0,0,0.1
0.7,0.06,0,0,0.1
0.7,0.07,0,0,0.1
0.7,0.08,0,0,0.1
0.7,0.09,0,0,0.1
0.7,0.1,0,0,0.1
0.7,0.2,0,0,0.1
0.7,0.3,0,0,0.1
0.7,0.4,0,0,0.1
0.7,0.5,0,0,0.1
0.7,0.6,0,0,0.1
0.7,0.7,0,0,0.1
0.7,0.8,0,0,0.1
0.7,0.9,0,0,0.1
0.7,0.95,3,0,0.1
0.8,0.001,0,0,0.1
0.8,0.002,0,0,0.1
0.8,0.003,0,0,0.1
0.8,0.004,0,0,0.1
0.8,0.005,0,0,0.1
0.8,0.006,0,0,0.1
0.8,0.007,0,0,0.1
0.8,0.008,0,0,0.1
0.8,0.009,0,0,0.1
0.8,0.01,0,0,0.1
0.8,0.02,0,0,0.1
0.8,0.03,0,0,0.1
0.8,0.04,0,0,0.1
0.8,0.05,0,0,0.1
0.8,0.06,0,0,0.1
0.8,0.07,0,0,0.1
0.8,0.08,0,0,0.1
0.8,0.09,0,0,0.1
0.8,0.1,0,0,0.1
0.8,0.2,0,0,0.1
0.8,0.3,0,0,0.1
0.8,0.4,0,0,0.1
0.8,0.5,0,0,0.1
0.8,0.6,0,0,0.1
0.8,0.7,0,0,0.1
0.8,0.8,0,0,0.1
0.8,0.9,0,0,0.1
0.8,0.95,0,0,0.1
0.9,0.001,0,0,0.1
0.9,0.002,0,0,0.1
0.9,0.003,0,0,0.1
0.9,0.004,0,0,0.1
0.9,0.005,0,0,0.1
0.9,0.006,0,0,0.1
0.9,0.007,0,0,0.1
0.9,0.008,0,0,0.1
0.9,0.009,0,0,0.1
0.9,0.01,0,0,0.1
0.9,0.02,0,0,0.1
0.9,0.03,0,0,0.1
0.9,0.04,0,0,0.1
0.9,0.05,0,0,0.1
0.9,0.06,0,0,0.1
0.9,0.07,0,0,0.1
0.9,0.08,0,0,0.1
0.9,0.09,0,0,0.1
0.9,0.1,0,0,0.1
0.9,0.2,0,0,0.1
0.9,0.3,0,0,0.1
0.9,0.4,0,0,0.1
0.9,0.5,0,0,0.1
0.9,0.6,0,0,0.1
0.9,0.7,0,0,0.1
0.9,0.8,0,0,0.1
0.9,0.9,0,0,0.1
0.9,0.95,0,0,0.1
0.95,0.001,0,0,0.1
0.95,0.002,0,0,0.1
0.95,0.003,0,0,0.1
0.95,0.004,0,0,0.1
0.95,0.005,0,0,0.1
0.95,0.006,0,0,0.1
0.95,0.007,0,0,0.1
0.95,0.008,0,0,0.1
0.95,0.009,0,0,0.1
0.95,0.01,0,0,0.1
0.95,0.02,0,0,0.1
0.95,0.03,0,0,0.1
0.95,0.04,0,0,0.1
0.95,0.05,0,0,0.1
0.95,0.06,0,0,0.1
0.95,0.07,0,0,0.1
0.95,0.08,0,0,0.1
0.95,0.09,0,0,0.1
0.95,0.1,0,0,0.1
0.95,0.2,0,0,0.1
0.95,0.3,0,0,0.1
0.95,0.4,0,0,0.1
0.95,0.5,0,0,0.1
0.95,0.6,0,0,0.1
0.95,0.7,0,0,0.1
0.95,0.8,0,0,0.1
0.95,0.9,0,0,0.1
0.95,0.95,0,0,0.1
0.001,0.001,0,0,1e-04
0.001,0.002,20,13.8672443141565,1e-04
0.001,0.003,27,20.9041681266559,1e-04
0.001,0.004,31,24.900445446447,1e-04
0.001,0.005,34,27.7040032210993,1e-04
0.001,0.006,36,29.8655014482792,1e-04
0.001,0.007,38,31.6249071274769,1e-04
0.001,0.008,40,33.1086110120446,1e-04
0.001,0.009,41,34.3914269052292,1e-04
0.001,0.01,42,35.521323232709,1e-04
0.001,0.02,49,42.6636254176333,1e-04
0.001,0.03,53,46.6926174048831,1e-04
0.001,0.04,56,49.5121150991898,1e-04
0.001,0.05,58,51.6830477880316,1e-04
0.001,0.06,60,53.4486900670281,1e-04
0.001,0.07,62,54.9368229682064,1e-04
0.001,0.08,63,56.2229466770529,1e-04
0.001,0.09,64,57.3554075316258,1e-04
0.001,0.1,65,58.3670362518654,1e-04
0.001,0.2,72,64.9980033746361,1e-04
0.001,0.3,75,68.8636836161924,1e-04
0.001,0.4,78,71.602786599879,1e-04
0.001,0.5,80,73.7258769229453,1e-04
0.001,0.6,82,75.459786599693,1e-04
0.001,0.7,84,76.9253322189972,1e-04
0.001,0.8,85,78.1945583537268,1e-04
0.001,0.9,86,79.3139019604688,1e-04
0.001,0.95,86,79.827671648089,1e-04
0.002,0.001,0,0,1e-04
0.002,0.002,0,0,1e-04
0.002,0.003,20,13.8672443141565,1e-04
0.002,0.004,27,20.9041681266559,1e-04
0.002,0.005,31,24.900445446447,1e-04
0.002,0.006,34,27.7040032210993,1e-04
0.002,0.007,36,29.8655014482792,1e-04
0.002,0.008,38,31.6249071274769,1e-04
0.002,0.009,40,33.1086110120446,1e-04
0.002,0.01,41,34.3914269052292,1e-04
0.002,0.02,49,42.1479515310875,1e-04
0.002,0.03,53,46.3585025966911,1e-04
0.002,0.04,56,49.2649982612961,1e-04
0.002,0.05,58,51.4869817045728,1e-04
0.002,0.06,60,53.286193004547,1e-04
0.002,0.07,61,54.7980802318773,1e-04
0.002,0.08,63,56.1018989761135,1e-04
0.002,0.09,64,57.2480517712697,1e-04
0.002,0.1,65,58.2705897194777,1e-04
0.002,0.2,72,64.9501668660293,1e-04
0.002,0.3,75,68.8318776094797,1e-04
0.002,0.4,78,71.5789638379908,1e-04
0.002,0.5,80,73.7068339166553,1e-04
0.002,0.6,82,75.443925862423,1e-04
0.002,0.7,84,76.9117424605422,1e-04
0.002,0.8,85,78.1826706984848,1e-04
0.002,0.9,86,79.3033374937321,1e-04
0.002,0.95,86,79.8176641381931,1e-04
0.003,0.001,0,0,1e-04
0.003,0.002,0,0,1e-04
0.003,0.003,0,0,1e-04
0.003,0.004,20,13.8672443141564,1e-04
0.003,0.005,27,20.9041681266559,1e-04
0.003,0.006,31,24.900445446447,1e-04
0.003,0.007,34,27.7040032210993,1e-04
0.003,0.008,36,29.8655014482792,1e-04
0.003,0.009,38,31.6249071274769,1e-04
0.003,0.01,40,33.1086110120446,1e-04
0.003,0.02,48,41.6026423817974,1e-04
0.003,0.03,53,46.0121956089016,1e-04
0.003,0.04,56,49.0112750109927,1e-04
0.003,0.05,58,51.2867797748179,1e-04
0.003,0.06,60,53.1208653339874,1e-04
0.003,0.07,61,54.657279228405,1e-04
0.003,0.08,63,55.9792875102038,1e-04
0.003,0.09,64,57.1394677980204,1e-04
0.003,0.1,65,58.1731530606362,1e-04
0.003,0.2,71,64.9020880357941,1e-04
0.003,0.3,75,68.7999646592664,1e-04
0.003,0.4,78,71.5550811309904,1e-04
0.003,0.5,80,73.6877526260142,1e-04
0.003,0.6,82,75.4280385759746,1e-04
0.003,0.7,83,76.8981332160416,1e-04
0.003,0.8,85,78.1707681354057,1e-04
0.003,0.9,86,79.2927612548188,1e-04
0.003,0.95,86,79.8076460652762,1e-04
0.004,0.001,0,0,1e-04
0.004,0.002,0,0,1e-04
0.004,0.003,0,0,1e-04
0.004,0.004,0,0,1e-04
0.004,0.005,20,13.8672443141564,1e-04
0.004,0.006,27,20.9041681266559,1e-04
0.004,0.007,31,24.900445446447,1e-04
0.004,0.008,34,27.7040032210993,1e-04
0.004,0.009,36,29.8655014482792,1e-04
0.004,0.01,38,31.6249071274769,1e-04
0.004,0.02,48,41.0240829453691,1e-04
0.004,0.03,52,45.6527728220221,1e-04
0.004,0.04,55,48.7505823916332,1e-04
0.004,0.05,58,51.0822637476829,1e-04
0.004,0.06,60,52.9526066892209,1e-04
0.004,0.07,61,54.5143579676644,1e-04
0.004,0.08,62,55.8550713466954,1e-04
0.004,0.09,64,57.0296271833732,1e-04
0.004,0.1,65,58.074705734882,1e-04
0.004,0.2,71,64.8537644164064,1e-04
0.004,0.3,75,68.7679440439586,1e-04
0.004,0.4,78,71.5311381764375,1e-04
0.004,0.5,80,73.6686328967769,1e-04
0.004,0.6,82,75.4121246513177,1e-04
0.004,0.7,83,76.8845044295338,1e-04
0.004,0.8,85,78.1588506270519,1e-04
0.004,0.9,86,79.2821732174639,1e-04
0.004,0.95,86,79.7976174070159,1e-04
0.005,0.001,0,0,1e-04
0.005,0.002,0,0,1e-04
0.005,0.003,0,0,1e-04
0.005,0.004,0,0,1e-04
0.005,0.005,0,0,1e-04
0.005,0.006,20,13.8672443141565,1e-04
0.005,0.007,27,20.9041681266559,1e-04
0.005,0.008,31,24.900445446447,1e-04
0.005,0.009,34,27.7040032210993,1e-04
0.005,0.01,36,29.8655014482792,1e-04
0.005,0.02,47,40.4079535237566,1e-04
0.005,0.03,52,45.2792015173053,1e-04
0.005,0.04,55,48.4825266883679,1e-04
0.005,0.05,57,50.8732435941274,1e-04
0.005,0.06,59,52.7813112695365,1e-04
0.005,0.07,61,54.3692516161645,1e-04
0.005,0.08,62,55.7292079244628,1e-04
0.005,0.09,64,56.9185005002359,1e-04
0.005,0.1,65,57.9752265558744,1e-04
0.005,0.2,71,64.8051935024598,1e-04
0.005,0.3,75,68.7358150346345,1e-04
0.005,0.4,78,71.5071346695969,1e-04
0.005,0.5,80,73.6494745737643,1e-04
0.005,0.6,82,75.3961839989738,1e-04
0.005,0.7,83,76.8708560448161,1e-04
0.005,0.8,85,78.1469181358446,1e-04
0.005,0.9,86,79.2715733553142,1e-04
0.005,0.95,86,79.7875781410192,1e-04
0.006,0.001,0,0,1e-04
0.006,0.002,0,0,1e-04
0.006,0.003,0,0,1e-04
0.006,0.004,0,0,1e-04
0.006,0.005,0,0,1e-04
0.006,0.006,0,0,1e-04
0.006,0.007,20,13.8672443141565,1e-04
0.006,0.008,27,20.9041681266559,1e-04
0.006,0.009,31,24.900445446447,1e-04
0.006,0.01,34,27.7040032210993,1e-04
0.006,0.02,46,39.7490337908012,1e-04
0.006,0.03,51,44.8903219873595,1e-04
0.006,0.04,55,48.2066798514581,1e-04
0.006,0.05,57,50.6595164461021,1e-04
0.006,0.06,59,52.6068674400578,1e-04
0.006,0.07,61,54.2218923204526,1e-04
0.006,0.08,62,55.6016529663355,1e-04
0.006,0.09,63,56.8060572756054,1e-04
0.006,0.1,64,57.8746936640244,1e-04
0.006,0.2,71,64.7563727498855,1e-04
0.006,0.3,75,68.7035768949446,1e-04
0.006,0.4,78,71.4830703034158,1e-04
0.006,0.5,80,73.6302775008557,1e-04
0.006,0.6,82,75.3802165290127,1e-04
0.006,0.7,83,76.8571880054427,1e-04
0.006,0.8,85,78.1349706240632,1e-04
0.006,0.9,86,79.260961641928,1e-04
0.006,0.95,86,79.7775282448218,1e-04
0.007,0.001,0,0,1e-04
0.007,0.002,0,0,1e-04
0.007,0.003,0,0,1e-04
0.007,0.004,0,0,1e-04
0.007,0.005,0,0,1e-04
0.007,0.006,0,0,1e-04
0.007,0.007,0,0,1e-04
0.007,0.008,20,13.8672443141565,1e-04
0.007,0.009,27,20.9041681266559,1e-04
0.007,0.01,31,24.900445446447,1e-04
0.007,0.02,46,39.0409336015511,1e-04
0.007,0.03,51,44.4848258227092,1e-04
0.007,0.04,55,47.9225753840928,1e-04
0.007,0.05,57,50.4408654132521,1e-04
0.007,0.06,59,52.4291572947473,1e-04
0.007,0.07,61,54.0722090165907,1e-04
0.007,0.08,62,55.4723603855864,1e-04
0.007,0.09,63,56.6922659404075,1e-04
0.007,0.1,64,57.773084497664,1e-04
0.007,0.2,71,64.7072995751536,1e-04
0.007,0.3,75,68.6712288810105,1e-04
0.007,0.4,78,71.4589447684996,1e-04
0.007,0.5,80,73.6110415209813,1e-04
0.007,0.6,82,75.3642221510495,1e-04
0.007,0.7,83,76.8435002547238,1e-04
0.007,0.8,85,78.1230080538441,1e-04
0.007,0.9,86,79.250338050775,1e-04
0.007,0.95,86,79.7674676958879,1e-04
0.008,0.001,0,0,1e-04
0.008,0.002,0,0,1e-04
0.008,0.003,0,0,1e-04
0.008,0.004,0,0,1e-04
0.008,0.005,0,0,1e-04
0.008,0.006,0,0,1e-04
0.008,0.007,0,0,1e-04
0.008,0.008,0,0,1e-04
0.008,0.009,20,13.8672443141564,1e-04
0.008,0.01,27,20.9041681266559,1e-04
0.008,0.02,45,38.2757150470673,1e-04
0.008,0.03,51,44.0612293494063,1e-04
0.008,0.04,54,47.6297035955254,1e-04
0.008,0.05,57,50.2170582600769,1e-04
0.008,0.06,59,52.2480561777134,1e-04
0.008,0.07,61,53.9201272243676,1e-04
0.008,0.08,62,55.341282185962,1e-04
0.008,0.09,63,56.5770937762922,1e-04
0.008,0.1,64,57.6703757626541,1e-04
0.008,0.2,71,64.6579713544516,1e-04
0.008,0.3,75,68.6387702413219,1e-04
0.008,0.4,78,71.4347577530885,1e-04
0.008,0.5,80,73.5917664761141,1e-04
0.008,0.6,82,75.3482007742416,1e-04
0.008,0.7,83,76.8297927357238,1e-04
0.008,0.8,85,78.1110303871809,1e-04
0.008,0.9,86,79.2397025552358,1e-04
0.008,0.95,86,79.7573964716102,1e-04
0.009,0.001,0,0,1e-04
0.009,0.002,0,0,1e-04
0.009,0.003,0,0,1e-04
0.009,0.004,0,0,1e-04
0.009,0.005,0,0,1e-04
0.009,0.006,0,0,1e-04
0.009,0.007,0,0,1e-04
0.009,0.008,0,0,1e-04
0.009,0.009,0,0,1e-04
0.009,0.01,20,13.8672443141565,1e-04
0.009,0.02,44,37.4433483585154,1e-04
0.009,0.03,50,43.6178408572833,1e-04
0.009,0.04,54,47.3275060982245,1e-04
0.009,0.05,57,49.9878459233216,1e-04
0.009,0.06,59,52.0634321579519,1e-04
0.009,0.07,60,53.765568824752,1e-04
0.009,0.08,62,55.2083683547125,1e-04
0.009,0.09,63,56.4605068591623,1e-04
0.009,0.1,64,57.5665434003318,1e-04
0.009,0.2,71,64.6083854228436,1e-04
0.009,0.3,75,68.6062002166317,1e-04
0.009,0.4,78,71.4105089430333,1e-04
0.009,0.5,80,73.5724522072625,1e-04
0.009,0.6,82,75.3321523072858,1e-04
0.009,0.7,83,76.8160653912603,1e-04
0.009,0.8,85,78.0990375859225,1e-04
0.009,0.9,86,79.2290551286011,1e-04
0.009,0.95,86,79.7473145493091,1e-04
0.01,0.001,0,0,1e-04
0.01,0.002,0,0,1e-04
0.01,0.003,0,0,1e-04
0.01,0.004,0,0,1e-04
0.01,0.005,0,0,1e-04
0.01,0.006,0,0,1e-04
0.01,0.007,0,0,1e-04
0.01,0.008,0,0,1e-04
0.01,0.009,0,0,1e-04
0.01,0.01,0,0,1e-04
0.01,0.02,43,36.5309054865073,1e-04
0.01,0.03,50,43.1527197912134,1e-04
0.01,0.04,54,47.0153693997959,1e-04
0.01,0.05,56,49.7529608458697,1e-04
0.01,0.06,58,51.8751454519799,1e-04
0.01,0.07,60,53.6084518189249,1e-04
0.01,0.08,62,55.0735667480258,1e-04
0.01,0.09,63,56.3424699991893,1e-04
0.01,0.1,64,57.4615625536832,1e-04
0.01,0.2,71,64.558539073406,1e-04
0.01,0.3,75,68.5735180398499,1e-04
0.01,0.4,78,71.3861980217704,1e-04
0.01,0.5,80,73.5530985544624,1e-04
0.01,0.6,82,75.3160766584146,1e-04
0.01,0.7,83,76.8023181639021,1e-04
0.01,0.8,85,78.0870296117736,1e-04
0.01,0.9,86,79.2183957440719,1e-04
0.01,0.95,86,79.7372219062328,1e-04
0.02,0.001,0,0,1e-04
0.02,0.002,0,0,1e-04
0.02,0.003,0,0,1e-04
0.02,0.004,0,0,1e-04
0.02,0.005,0,0,1e-04
0.02,0.006,0,0,1e-04
0.02,0.007,0,0,1e-04
0.02,0.008,0,0,1e-04
0.02,0.009,0,0,1e-04
0.02,0.01,0,0,1e-04
0.02,0.02,0,0,1e-04
0.02,0.03,43,36.5309054865073,1e-04
0.02,0.04,50,43.1527197912134,1e-04
0.02,0.05,54,47.0153693997959,1e-04
0.02,0.06,56,49.7529608458697,1e-04
0.02,0.07,58,51.8751454519799,1e-04
0.02,0.08,60,53.6084518189249,1e-04
0.02,0.09,62,55.0735667480258,1e-04
0.02,0.1,63,56.3424699991893,1e-04
0.02,0.2,71,64.0451252054129,1e-04
0.02,0.3,75,68.2403533164403,1e-04
0.02,0.4,78,71.1396012721651,1e-04
0.02,0.5,80,73.3573600055869,1e-04
0.02,0.6,82,75.1538046374571,1e-04
0.02,0.7,83,76.6637395157185,1e-04
0.02,0.8,85,77.9661068312603,1e-04
0.02,0.9,86,79.1111382536162,1e-04
0.02,0.95,86,79.6357007750787,1e-04
0.03,0.001,0,0,1e-04
0.03,0.002,0,0,1e-04
0.03,0.003,0,0,1e-04
0.03,0.004,0,0,1e-04
0.03,0.005,0,0,1e-04
0.03,0.006,0,0,1e-04
0.03,0.007,0,0,1e-04
0.03,0.008,0,0,1e-04
0.03,0.009,0,0,1e-04
0.03,0.01,0,0,1e-04
0.03,0.02,0,0,1e-04
0.03,0.03,0,0,1e-04
0.03,0.04,43,36.5309054865073,1e-04
0.03,0.05,50,43.1527197912134,1e-04
0.03,0.06,54,47.0153693997959,1e-04
0.03,0.07,56,49.7529608458697,1e-04
0.03,0.08,58,51.8751454519799,1e-04
0.03,0.09,60,53.6084518189249,1e-04
0.03,0.1,62,55.0735667480258,1e-04
0.03,0.2,70,63.5023427371058,1e-04
0.03,0.3,74,67.8950669194983,1e-04
0.03,0.4,77,70.8864262607245,1e-04
0.03,0.5,80,73.1574995627619,1e-04
0.03,0.6,82,74.988709911482,1e-04
0.03,0.7,83,76.5231075021687,1e-04
0.03,0.8,84,77.8436235325513,1e-04
0.03,0.9,86,79.0026548106321,1e-04
0.03,0.95,86,79.5330819901148,1e-04
0.04,0.001,0,0,1e-04
0.04,0.002,0,0,1e-04
0.04,0.003,0,0,1e-04
0.04,0.004,0,0,1e-04
0.04,0.005,0,0,1e-04
0.04,0.006,0,0,1e-04
0.04,0.007,0,0,1e-04
0.04,0.008,0,0,1e-04
0.04,0.009,0,0,1e-04
0.04,0.01,0,0,1e-04
0.04,0.02,0,0,1e-04
0.04,0.03,0,0,1e-04
0.04,0.04,0,0,1e-04
0.04,0.05,43,36.5309054865073,1e-04
0.04,0.06,50,43.1527197912134,1e-04
0.04,0.07,54,47.0153693997959,1e-04
0.04,0.08,56,49.7529608458697,1e-04
0.04,0.09,58,51.8751454519799,1e-04
0.04,0.1,60,53.6084518189249,1e-04
0.04,0.2,70,62.9266267988571,1e-04
0.04,0.3,74,67.5367433803895,1e-04
0.04,0.4,77,70.626312379917,1e-04
0.04,0.5,80,72.9533398858201,1e-04
0.04,0.6,81,74.8206925381141,1e-04
0.04,0.7,83,76.3803603561027,1e-04
0.04,0.8,84,77.7195389112637,1e-04
0.04,0.9,85,78.8929170655101,1e-04
0.04,0.95,86,79.4293415558388,1e-04
0.05,0.001,0,0,1e-04
0.05,0.002,0,0,1e-04
0.05,0.003,0,0,1e-04
0.05,0.004,0,0,1e-04
0.05,0.005,0,0,1e-04
0.05,0.006,0,0,1e-04
0.05,0.007,0,0,1e-04
0.05,0.008,0,0,1e-04
0.05,0.009,0,0,1e-04
0.05,0.01,0,0,1e-04
0.05,0.02,0,0,1e-04
0.05,0.03,0,0,1e-04
0.05,0.04,0,0,1e-04
0.05,0.05,0,0,1e-04
0.05,0.06,43,36.5309054865073,1e-04
0.05,0.07,50,43.1527197912134,1e-04
0.05,0.08,54,47.0153693997959,1e-04
0.05,0.09,56,49.7529608458697,1e-04
0.05,0.1,58,51.8751454519799,1e-04
0.05,0.2,69,62.3137212664198,1e-04
0.05,0.3,74,67.1643594379549,1e-04
0.05,0.4,77,70.3588685328592,1e-04
0.05,0.5,79,72.7446919376975,1e-04
0.05,0.6,81,74.6496471712417,1e-04
0.05,0.7,83,76.235433480737,1e-04
0.05,0.8,84,77.5938105413623,1e-04
0.05,0.9,85,78.7818956737684,1e-04
0.05,0.95,86,79.3244546812066,1e-04
0.06,0.001,0,0,1e-04
0.06,0.002,0,0,1e-04
0.06,0.003,0,0,1e-04
0.06,0.004,0,0,1e-04
0.06,0.005,0,0,1e-04
0.06,0.006,0,0,1e-04
0.06,0.007,0,0,1e-04
0.06,0.008,0,0,1e-04
0.06,0.009,0,0,1e-04
0.06,0.01,0,0,1e-04
0.06,0.02,0,0,1e-04
0.06,0.03,0,0,1e-04
0.06,0.04,0,0,1e-04
0.06,0.05,0,0,1e-04
0.06,0.06,0,0,1e-04
0.06,0.07,43,36.5309054865073,1e-04
0.06,0.08,50,43.1527197912134,1e-04
0.06,0.09,54,47.0153693997959,1e-04
0.06,0.1,56,49.7529608458697,1e-04
0.06,0.2,68,61.6584876160528,1e-04
0.06,0.3,73,66.7767664219202,1e-04
0.06,0.4,77,70.0836695962241,1e-04
0.06,0.5,79,72.5313539326026,1e-04
0.06,0.6,81,74.4754626642925,1e-04
0.06,0.7,83,76.0882592741319,1e-04
0.06,0.8,84,77.4663942880735,1e-04
0.06,0.9,85,78.6695602489503,1e-04
0.06,0.95,86,79.2183957440719,1e-04
0.07,0.001,0,0,1e-04
0.07,0.002,0,0,1e-04
0.07,0.003,0,0,1e-04
0.07,0.004,0,0,1e-04
0.07,0.005,0,0,1e-04
0.07,0.006,0,0,1e-04
0.07,0.007,0,0,1e-04
0.07,0.008,0,0,1e-04
0.07,0.009,0,0,1e-04
0.07,0.01,0,0,1e-04
0.07,0.02,0,0,1e-04
0.07,0.03,0,0,1e-04
0.07,0.04,0,0,1e-04
0.07,0.05,0,0,1e-04
0.07,0.06,0,0,1e-04
0.07,0.07,0,0,1e-04
0.07,0.08,43,36.5309054865073,1e-04
0.07,0.09,50,43.1527197912134,1e-04
0.07,0.1,54,47.0153693997959,1e-04
0.07,0.2,68,60.9546427717623,1e-04
0.07,0.3,73,66.3726688835754,1e-04
0.07,0.4,76,69.8002523548631,1e-04
0.07,0.5,79,72.3131101632295,1e-04
0.07,0.6,81,74.2980216364211,1e-04
0.07,0.7,83,75.9387669398444,1e-04
0.07,0.8,84,77.3372442148751,1e-04
0.07,0.9,85,78.5558793127012,1e-04
0.07,0.95,86,79.1111382536162,1e-04
0.08,0.001,0,0,1e-04
0.08,0.002,0,0,1e-04
0.08,0.003,0,0,1e-04
0.08,0.004,0,0,1e-04
0.08,0.005,0,0,1e-04
0.08,0.006,0,0,1e-04
0.08,0.007,0,0,1e-04
0.08,0.008,0,0,1e-04
0.08,0.009,0,0,1e-04
0.08,0.01,0,0,1e-04
0.08,0.02,0,0,1e-04
0.08,0.03,0,0,1e-04
0.08,0.04,0,0,1e-04
0.08,0.05,0,0,1e-04
0.08,0.06,0,0,1e-04
0.08,0.07,0,0,1e-04
0.08,0.08,0,0,1e-04
0.08,0.09,43,36.5309054865073,1e-04
0.08,0.1,50,43.1527197912134,1e-04
0.08,0.2,67,60.1943917316436,1e-04
0.08,0.3,73,65.9505984715673,1e-04
0.08,0.4,76,69.508110810536,1e-04
0.08,0.5,79,72.0897296899315,1e-04
0.08,0.6,81,74.1171999973656,1e-04
0.08,0.7,82,75.7868822824292,1e-04
0.08,0.8,84,77.2063124840689,1e-04
0.08,0.9,85,78.4408202418191,1e-04
0.08,0.95,86,79.0026548106321,1e-04
0.09,0.001,0,0,1e-04
0.09,0.002,0,0,1e-04
0.09,0.003,0,0,1e-04
0.09,0.004,0,0,1e-04
0.09,0.005,0,0,1e-04
0.09,0.006,0,0,1e-04
0.09,0.007,0,0,1e-04
0.09,0.008,0,0,1e-04
0.09,0.009,0,0,1e-04
0.09,0.01,0,0,1e-04
0.09,0.02,0,0,1e-04
0.09,0.03,0,0,1e-04
0.09,0.04,0,0,1e-04
0.09,0.05,0,0,1e-04
0.09,0.06,0,0,1e-04
0.09,0.07,0,0,1e-04
0.09,0.08,0,0,1e-04
0.09,0.09,0,0,1e-04
0.09,0.1,43,36.5309054865073,1e-04
0.09,0.2,66,59.3678998360142,1e-04
0.09,0.3,72,65.5088817238249,1e-04
0.09,0.4,76,69.2066907454337,1e-04
0.09,0.5,78,71.8609648718848,1e-04
0.09,0.6,81,73.932866426158,1e-04
0.09,0.7,82,75.6325274863099,1e-04
0.09,0.8,84,77.0735492503999,1e-04
0.09,0.9,85,78.3243492120562,1e-04
0.09,0.95,85,78.8929170655101,1e-04
0.1,0.001,0,0,1e-04
0.1,0.002,0,0,1e-04
0.1,0.003,0,0,1e-04
0.1,0.004,0,0,1e-04
0.1,0.005,0,0,1e-04
0.1,0.006,0,0,1e-04
0.1,0.007,0,0,1e-04
0.1,0.008,0,0,1e-04
0.1,0.009,0,0,1e-04
0.1,0.01,0,0,1e-04
0.1,0.02,0,0,1e-04
0.1,0.03,0,0,1e-04
0.1,0.04,0,0,1e-04
0.1,0.05,0,0,1e-04
0.1,0.06,0,0,1e-04
0.1,0.07,0,0,1e-04
0.1,0.08,0,0,1e-04
0.1,0.09,0,0,1e-04
0.1,0.1,0,0,1e-04
0.1,0.2,65,58.4625125783656,1e-04
0.1,0.3,72,65.0455999920157,1e-04
0.1,0.4,75,68.8953833937679,1e-04
0.1,0.5,78,71.626549716824,1e-04
0.1,0.6,80,73.7448817982026,1e-04
0.1,0.7,82,75.4756208763691,1e-04
0.1,0.8,84,76.9389025471279,1e-04
0.1,0.9,85,78.2064311384289,1e-04
0.1,0.95,85,78.7818956737684,1e-04
0.2,0.001,0,0,1e-04
0.2,0.002,0,0,1e-04
0.2,0.003,0,0,1e-04
0.2,0.004,0,0,1e-04
0.2,0.005,0,0,1e-04
0.2,0.006,0,0,1e-04
0.2,0.007,0,0,1e-04
0.2,0.008,0,0,1e-04
0.2,0.009,0,0,1e-04
0.2,0.01,0,0,1e-04
0.2,0.02,0,0,1e-04
0.2,0.03,0,0,1e-04
0.2,0.04,0,0,1e-04
0.2,0.05,0,0,1e-04
0.2,0.06,0,0,1e-04
0.2,0.07,0,0,1e-04
0.2,0.08,0,0,1e-04
0.2,0.09,0,0,1e-04
0.2,0.1,0,0,1e-04
0.2,0.2,0,0,1e-04
0.2,0.3,65,58.4625125783656,1e-04
0.2,0.4,72,65.0455999920157,1e-04
0.2,0.5,75,68.8953833937679,1e-04
0.2,0.6,78,71.626549716824,1e-04
0.2,0.7,80,73.7448817982026,1e-04
0.2,0.8,82,75.4756208763691,1e-04
0.2,0.9,84,76.9389025471279,1e-04
0.2,0.95,84,77.5938105413623,1e-04
0.3,0.001,0,0,1e-04
0.3,0.002,0,0,1e-04
0.3,0.003,0,0,1e-04
0.3,0.004,0,0,1e-04
0.3,0.005,0,0,1e-04
0.3,0.006,0,0,1e-04
0.3,0.007,0,0,1e-04
0.3,0.008,0,0,1e-04
0.3,0.009,0,0,1e-04
0.3,0.01,0,0,1e-04
0.3,0.02,0,0,1e-04
0.3,0.03,0,0,1e-04
0.3,0.04,0,0,1e-04
0.3,0.05,0,0,1e-04
0.3,0.06,0,0,1e-04
0.3,0.07,0,0,1e-04
0.3,0.08,0,0,1e-04
0.3,0.09,0,0,1e-04
0.3,0.1,0,0,1e-04
0.3,0.2,0,0,1e-04
0.3,0.3,0,0,1e-04
0.3,0.4,65,58.4625125783656,1e-04
0.3,0.5,72,65.0455999920157,1e-04
0.3,0.6,75,68.8953833937679,1e-04
0.3,0.7,78,71.626549716824,1e-04
0.3,0.8,80,73.7448817982026,1e-04
0.3,0.9,82,75.4756208763691,1e-04
0.3,0.95,83,76.235433480737,1e-04
0.4,0.001,0,0,1e-04
0.4,0.002,0,0,1e-04
0.4,0.003,0,0,1e-04
0.4,0.004,0,0,1e-04
0.4,0.005,0,0,1e-04
0.4,0.006,0,0,1e-04
0.4,0.007,0,0,1e-04
0.4,0.008,0,0,1e-04
0.4,0.009,0,0,1e-04
0.4,0.01,0,0,1e-04
0.4,0.02,0,0,1e-04
0.4,0.03,0,0,1e-04
0.4,0.04,0,0,1e-04
0.4,0.05,0,0,1e-04
0.4,0.06,0,0,1e-04
0.4,0.07,0,0,1e-04
0.4,0.08,0,0,1e-04
0.4,0.09,0,0,1e-04
0.4,0.1,0,0,1e-04
0.4,0.2,0,0,1e-04
0.4,0.3,0,0,1e-04
0.4,0.4,0,0,1e-04
0.4,0.5,65,58.4625125783656,1e-04
0.4,0.6,72,65.0455999920157,1e-04
0.4,0.7,75,68.8953833937679,1e-04
0.4,0.8,78,71.626549716824,1e-04
0.4,0.9,80,73.7448817982026,1e-04
0.4,0.95,81,74.6496471712417,1e-04
0.5,0.001,0,0,1e-04
0.5,0.002,0,0,1e-04
0.5,0.003,0,0,1e-04
0.5,0.004,0,0,1e-04
0.5,0.005,0,0,1e-04
0.5,0.006,0,0,1e-04
0.5,0.007,0,0,1e-04
0.5,0.008,0,0,1e-04
0.5,0.009,0,0,1e-04
0.5,0.01,0,0,1e-04
0.5,0.02,0,0,1e-04
0.5,0.03,0,0,1e-04
0.5,0.04,0,0,1e-04
0.5,0.05,0,0,1e-04
0.5,0.06,0,0,1e-04
0.5,0.07,0,0,1e-04
0.5,0.08,0,0,1e-04
0.5,0.09,0,0,1e-04
0.5,0.1,0,0,1e-04
0.5,0.2,0,0,1e-04
0.5,0.3,0,0,1e-04
0.5,0.4,0,0,1e-04
0.5,0.5,0,0,1e-04
0.5,0.6,65,58.4625125783656,1e-04
0.5,0.7,72,65.0455999920157,1e-04
0.5,0.8,75,68.8953833937679,1e-04
0.5,0.9,78,71.626549716824,1e-04
0.5,0.95,79,72.7446919376975,1e-04
0.6,0.001,0,0,1e-04
0.6,0.002,0,0,1e-04
0.6,0.003,0,0,1e-04
0.6,0.004,0,0,1e-04
0.6,0.005,0,0,1e-04
0.6,0.006,0,0,1e-04
0.6,0.007,0,0,1e-04
0.6,0.008,0,0,1e-04
0.6,0.009,0,0,1e-04
0.6,0.01,0,0,1e-04
0.6,0.02,0,0,1e-04
0.6,0.03,0,0,1e-04
0.6,0.04,0,0,1e-04
0.6,0.05,0,0,1e-04
0.6,0.06,0,0,1e-04
0.6,0.07,0,0,1e-04
0.6,0.08,0,0,1e-04
0.6,0.09,0,0,1e-04
0.6,0.1,0,0,1e-04
0.6,0.2,0,0,1e-04
0.6,0.3,0,0,1e-04
0.6,0.4,0,0,1e-04
0.6,0.5,0,0,1e-04
0.6,0.6,0,0,1e-04
0.6,0.7,65,58.4625125783656,1e-04
0.6,0.8,72,65.0455999920157,1e-04
0.6,0.9,75,68.8953833937679,1e-04
0.6,0.95,77,70.3588685328592,1e-04
0.7,0.001,0,0,1e-04
0.7,0.002,0,0,1e-04
0.7,0.003,0,0,1e-04
0.7,0.004,0,0,1e-04
0.7,0.005,0,0,1e-04
0.7,0.006,0,0,1e-04
0.7,0.007,0,0,1e-04
0.7,0.008,0,0,1e-04
0.7,0.009,0,0,1e-04
0.7,0.01,0,0,1e-04
0.7,0.02,0,0,1e-04
0.7,0.03,0,0,1e-04
0.7,0.04,0,0,1e-04
0.7,0.05,0,0,1e-04
0.7,0.06,0,0,1e-04
0.7,0.07,0,0,1e-04
0.7,0.08,0,0,1e-04
0.7,0.09,0,0,1e-04
0.7,0.1,0,0,1e-04
0.7,0.2,0,0,1e-04
0.7,0.3,0,0,1e-04
0.7,0.4,0,0,1e-04
0.7,0.5,0,0,1e-04
0.7,0.6,0,0,1e-04
0.7,0.7,0,0,1e-04
0.7,0.8,65,58.4625125783656,1e-04
0.7,0.9,72,65.0455999920157,1e-04
0.7,0.95,74,67.1643594379549,1e-04
0.8,0.001,0,0,1e-04
0.8,0.002,0,0,1e-04
0.8,0.003,0,0,1e-04
0.8,0.004,0,0,1e-04
0.8,0.005,0,0,1e-04
0.8,0.006,0,0,1e-04
0.8,0.007,0,0,1e-04
0.8,0.008,0,0,1e-04
0.8,0.009,0,0,1e-04
0.8,0.01,0,0,1e-04
0.8,0.02,0,0,1e-04
0.8,0.03,0,0,1e-04
0.8,0.04,0,0,1e-04
0.8,0.05,0,0,1e-04
0.8,0.06,0,0,1e-04
0.8,0.07,0,0,1e-04
0.8,0.08,0,0,1e-04
0.8,0.09,0,0,1e-04
0.8,0.1,0,0,1e-04
0.8,0.2,0,0,1e-04
0.8,0.3,0,0,1e-04
0.8,0.4,0,0,1e-04
0.8,0.5,0,0,1e-04
0.8,0.6,0,0,1e-04
0.8,0.7,0,0,1e-04
0.8,0.8,0,0,1e-04
0.8,0.9,65,58.4625125783656,1e-04
0.8,0.95,69,62.3137212664198,1e-04
0.9,0.001,0,0,1e-04
0.9,0.002,0,0,1e-04
0.9,0.003,0,0,1e-04
0.9,0.004,0,0,1e-04
0.9,0.005,0,0,1e-04
0.9,0.006,0,0,1e-04
0.9,0.007,0,0,1e-04
0.9,0.008,0,0,1e-04
0.9,0.009,0,0,1e-04
0.9,0.01,0,0,1e-04
0.9,0.02,0,0,1e-04
0.9,0.03,0,0,1e-04
0.9,0.04,0,0,1e-04
0.9,0.05,0,0,1e-04
0.9,0.06,0,0,1e-04
0.9,0.07,0,0,1e-04
0.9,0.08,0,0,1e-04
0.9,0.09,0,0,1e-04
0.9,0.1,0,0,1e-04
0.9,0.2,0,0,1e-04
0.9,0.3,0,0,1e-04
0.9,0.4,0,0,1e-04
0.9,0.5,0,0,1e-04
0.9,0.6,0,0,1e-04
0.9,0.7,0,0,1e-04
0.9,0.8,0,0,1e-04
0.9,0.9,0,0,1e-04
0.9,0.95,58,51.8751454519799,1e-04
0.95,0.001,0,0,1e-04
0.95,0.002,0,0,1e-04
0.95,0.003,0,0,1e-04
0.95,0.004,0,0,1e-04
0.95,0.005,0,0,1e-04
0.95,0.006,0,0,1e-04
0.95,0.007,0,0,1e-04
0.95,0.008,0,0,1e-04
0.95,0.009,0,0,1e-04
0.95,0.01,0,0,1e-04
0.95,0.02,0,0,1e-04
0.95,0.03,0,0,1e-04
0.95,0.04,0,0,1e-04
0.95,0.05,0,0,1e-04
0.95,0.06,0,0,1e-04
0.95,0.07,0,0,1e-04
0.95,0.08,0,0,1e-04
0.95,0.09,0,0,1e-04
0.95,0.1,0,0,1e-04
0.95,0.2,0,0,1e-04
0.95,0.3,0,0,1e-04
0.95,0.4,0,0,1e-04
0.95,0.5,0,0,1e-04
0.95,0.6,0,0,1e-04
0.95,0.7,0,0,1e-04
0.95,0.8,0,0,1e-04
0.95,0.9,0,0,1e-04
0.95,0.95,0,0,1e-04
