"belief_benef_low","belief_benef_high","max_invest","value_AM_infty"
0,0,0,5.999212
0,0.02,0,5.999581
0,0.04,0,5.99977
0,0.06,0,5.999877
0,0.08,0,5.999886
0,0.1,0,6.0050576
0,0.12,0,6.01402888
0,0.14,1,6.02345924
0,0.16,7,6.03298912
0,0.18,4,6.0432658
0,0.2,7,6.0538864
0,0.22,9,6.06556416
0,0.24,11,6.07709656
0,0.26,13,6.08876384
0,0.28,14,6.10033048
0,0.3,15,6.1121484
0,0.32,16,6.12380568
0,0.34,17,6.13553904
0,0.36,18,6.14759728
0,0.38,19,6.16114976
0,0.4,20,6.1731264
0,0.42,20,6.18339824
0,0.44,21,6.19644832
0,0.46,22,6.20867084
0,0.48,22,6.22066344
0,0.5,23,6.233693
0,0.52,23,6.24524568
0,0.54,24,6.25790064
0,0.56,24,6.27029968
0,0.58,25,6.28448956
0,0.6,25,6.2966248
0,0.62,26,6.31006904
0,0.64,26,6.3228712
0,0.66,26,6.33600192
0,0.68,27,6.34824584
0,0.7,27,6.3622874
0,0.72,27,6.37389
0,0.74,28,6.38747108
0,0.76,28,6.40014392
0,0.78,28,6.4123506
0,0.8,29,6.4249676
0,0.82,29,6.43766264
0,0.84,29,6.4487624
0,0.86,30,6.46043072
0,0.88,30,6.47315336
0,0.9,30,6.486252
0,0.92,30,6.50137904
0,0.94,31,6.51397676
0,0.96,31,6.52343824
0,0.98,31,6.53529744
0,1,31,6.549502
0.02,0,0,5.999623
0.02,0.02,0,5.99976874
0.02,0.04,0,5.99987448
0.02,0.06,0,5.99994622
0.02,0.08,0,5.99995396
0.02,0.1,0,6.005832444
0.02,0.12,0,6.0149565664
0.02,0.14,1,6.024024924
0.02,0.16,7,6.0332501312
0.02,0.18,4,6.043127048
0.02,0.2,7,6.055299864
0.02,0.22,10,6.0669633432
0.02,0.24,11,6.0785546384
0.02,0.26,13,6.0900223992
0.02,0.28,14,6.1016650032
0.02,0.3,15,6.11339246
0.02,0.32,16,6.1252692288
0.02,0.34,17,6.1375668136
0.02,0.36,18,6.149727104
0.02,0.38,19,6.162170664
0.02,0.4,20,6.17470832
0.02,0.42,21,6.1870010536
0.02,0.44,21,6.1994619936
0.02,0.46,22,6.2119708568
0.02,0.48,22,6.2241259296
0.02,0.5,23,6.23694868
0.02,0.52,23,6.2494227392
0.02,0.54,24,6.2617382832
0.02,0.56,24,6.274368936
0.02,0.58,25,6.2871353848
0.02,0.6,25,6.299593704
0.02,0.62,26,6.3121499512
0.02,0.64,26,6.3251174416
0.02,0.66,26,6.3378905304
0.02,0.68,27,6.3504164928
0.02,0.7,27,6.363289328
0.02,0.72,28,6.3760132096
0.02,0.74,28,6.3890118744
0.02,0.76,28,6.4017910656
0.02,0.78,28,6.4140830896
0.02,0.8,29,6.42713528
0.02,0.82,29,6.43968798
0.02,0.84,29,6.4529013616
0.02,0.86,30,6.465196904
0.02,0.88,30,6.4777159984
0.02,0.9,30,6.490622616
0.02,0.92,30,6.5038173008
0.02,0.94,31,6.5159047696
0.02,0.96,31,6.5286810464
0.02,0.98,31,6.5403360688
0.02,1,31,6.54690876
0.04,0,0,5.999792
0.04,0.02,0,5.99987448
0.04,0.04,0,5.99993496
0.04,0.06,0,5.99994144
0.04,0.08,0,6.00003392
0.04,0.1,0,6.006277208
0.04,0.12,0,6.0149880992
0.04,0.14,2,6.0246072752
0.04,0.16,7,6.0336048352
0.04,0.18,4,6.0439411856
0.04,0.2,7,6.0554852
0.04,0.22,10,6.067452
0.04,0.24,11,6.0788838368
0.04,0.26,13,6.0907525088
0.04,0.28,14,6.102264576
0.04,0.3,15,6.114176184
0.04,0.32,17,6.1261681856
0.04,0.34,17,6.1383801072
0.04,0.36,18,6.1508109376
0.04,0.38,19,6.1632285456
0.04,0.4,20,6.17561408
0.04,0.42,21,6.1880484368
0.04,0.44,21,6.200457168
0.04,0.46,22,6.2129632768
0.04,0.48,22,6.2253488224
0.04,0.5,23,6.23751416
0.04,0.52,24,6.2502102496
0.04,0.54,24,6.2628225568
0.04,0.56,24,6.275545648
0.04,0.58,25,6.28813792
0.04,0.6,25,6.300843008
0.04,0.62,26,6.3132600816
0.04,0.64,26,6.3260537984
0.04,0.66,26,6.338727704
0.04,0.68,27,6.3513187456
0.04,0.7,27,6.363968536
0.04,0.72,28,6.3766510816
0.04,0.74,28,6.389492552
0.04,0.76,28,6.4021985056
0.04,0.78,28,6.414891984
0.04,0.8,29,6.427589872
0.04,0.82,29,6.4403458192
0.04,0.84,29,6.4530761344
0.04,0.86,30,6.4659014656
0.04,0.88,30,6.4786600928
0.04,0.9,30,6.491422032
0.04,0.92,30,6.5041900832
0.04,0.94,31,6.5169544928
0.04,0.96,31,6.5296761088
0.04,0.98,31,6.54231832
0.04,1,31,6.54751552
0.06,0,0,5.999889
0.06,0.02,0,5.99993622
0.06,0.04,0,5.99994144
0.06,0.06,0,6.00002066
0.06,0.08,0,6.00004788
0.06,0.1,0,6.006211996
0.06,0.12,0,6.0154134704
0.06,0.14,2,6.0248955472
0.06,0.16,7,6.0339446672
0.06,0.18,5,6.0444695592
0.06,0.2,7,6.0559832
0.06,0.22,10,6.067664268
0.06,0.24,12,6.0793459248
0.06,0.26,13,6.0911943328
0.06,0.28,14,6.1028976768
0.06,0.3,16,6.114601912
0.06,0.32,17,6.126490536
0.06,0.34,18,6.1389041048
0.06,0.36,18,6.1513470384
0.06,0.38,19,6.1634828496
0.06,0.4,20,6.17592272
0.06,0.42,21,6.1885294968
0.06,0.44,21,6.2010162864
0.06,0.46,22,6.2133901168
0.06,0.48,22,6.2257713744
0.06,0.5,23,6.23823202
0.06,0.52,24,6.2507578928
0.06,0.54,24,6.2633648424
0.06,0.56,24,6.2759507792
0.06,0.58,25,6.2884937568
0.06,0.6,25,6.30119676
0.06,0.62,26,6.3137476392
0.06,0.64,26,6.3261717408
0.06,0.66,27,6.3389746968
0.06,0.68,27,6.3515849184
0.06,0.7,27,6.36427758
0.06,0.72,28,6.376967368
0.06,0.74,28,6.3896363856
0.06,0.76,28,6.4022916448
0.06,0.78,28,6.4150111664
0.06,0.8,29,6.427738232
0.06,0.82,29,6.4404723232
0.06,0.84,29,6.4531876208
0.06,0.86,30,6.4659503624
0.06,0.88,30,6.4787313952
0.06,0.9,30,6.491481428
0.06,0.92,30,6.5042589008
0.06,0.94,31,6.5170363448
0.06,0.96,31,6.5298140032
0.06,0.98,31,6.5425916616
0.06,1,31,6.54813148
0.08,0,0,5.99996
0.08,0.02,0,5.99998596
0.08,0.04,0,6.00002392
0.08,0.06,0,6.00004788
0.08,0.08,0,6.00005184
0.08,0.1,0,6.006880312
0.08,0.12,0,6.015943904
0.08,0.14,2,6.0250429056
0.08,0.16,7,6.0345355296
0.08,0.18,5,6.0448496576
0.08,0.2,8,6.056547296
0.08,0.22,10,6.0680186944
0.08,0.24,12,6.0797847072
0.08,0.26,13,6.0916441376
0.08,0.28,14,6.103315648
0.08,0.3,16,6.114941896
0.08,0.32,17,6.12681544
0.08,0.34,18,6.1392389856
0.08,0.36,18,6.15159672
0.08,0.38,19,6.163937736
0.08,0.4,20,6.176369152
0.08,0.42,21,6.1887922592
0.08,0.44,21,6.2012718784
0.08,0.46,22,6.2136455744
0.08,0.48,22,6.2259910368
0.08,0.5,23,6.2383818
0.08,0.52,24,6.2509216032
0.08,0.54,24,6.2635390128
0.08,0.56,24,6.2761761728
0.08,0.58,25,6.2887895664
0.08,0.6,25,6.301403408
0.08,0.62,26,6.3140119888
0.08,0.64,26,6.3265894336
0.08,0.66,27,6.339189992
0.08,0.68,27,6.3517871744
0.08,0.7,27,6.364452976
0.08,0.72,28,6.3771161792
0.08,0.74,28,6.3898153264
0.08,0.76,28,6.4025215936
0.08,0.78,28,6.4151583616
0.08,0.8,29,6.427806176
0.08,0.82,29,6.440496
0.08,0.84,29,6.4531971264
0.08,0.86,30,6.4660192176
0.08,0.88,30,6.4787815328
0.08,0.9,30,6.491532304
0.08,0.92,30,6.5043175712
0.08,0.94,31,6.5170895664
0.08,0.96,31,6.5298682976
0.08,0.98,31,6.542647032
0.08,1,31,6.54921288
0.1,0,0,6.0129094
0.1,0.02,0,6.013271896
0.1,0.04,0,6.013013232
0.1,0.06,0,6.013872624
0.1,0.08,0,6.013909032
0.1,0.1,0,6.02007974
0.1,0.12,5,6.0289606
0.1,0.14,2,6.037927276
0.1,0.16,5,6.047241728
0.1,0.18,8,6.0573122
0.1,0.2,10,6.06852148
0.1,0.22,12,6.080058792
0.1,0.24,13,6.091327216
0.1,0.26,14,6.102669276
0.1,0.28,15,6.114071376
0.1,0.3,16,6.12556136
0.1,0.32,17,6.13687668
0.1,0.34,18,6.149345292
0.1,0.36,19,6.161353016
0.1,0.38,20,6.17353172
0.1,0.4,21,6.18569748
0.1,0.42,21,6.19763406
0.1,0.44,22,6.209599584
0.1,0.46,22,6.221850924
0.1,0.48,23,6.233986376
0.1,0.5,23,6.2460914
0.1,0.52,24,6.25829212
0.1,0.54,24,6.270601284
0.1,0.56,25,6.282952704
0.1,0.58,25,6.295236284
0.1,0.6,26,6.30732556
0.1,0.62,26,6.319803908
0.1,0.64,26,6.332264376
0.1,0.66,27,6.344577836
0.1,0.68,27,6.357084112
0.1,0.7,27,6.36933222
0.1,0.72,28,6.381723144
0.1,0.74,28,6.394066864
0.1,0.76,28,6.406559432
0.1,0.78,29,6.418921828
0.1,0.8,29,6.43140808
0.1,0.82,29,6.443894984
0.1,0.84,29,6.456383248
0.1,0.86,30,6.468688052
0.1,0.88,30,6.481197048
0.1,0.9,30,6.49335492
0.1,0.92,30,6.505981664
0.1,0.94,31,6.518086276
0.1,0.96,31,6.53088692
0.1,0.98,31,6.543381452
0.1,1,31,6.550213
0.12,0,3,6.02692816
0.12,0.02,4,6.0273785936
0.12,0.04,4,6.0274163776
0.12,0.06,4,6.0277389472
0.12,0.08,4,6.0281124672
0.12,0.1,7,6.03371028
0.12,0.12,4,6.0426043392
0.12,0.14,6,6.0515442608
0.12,0.16,8,6.0605534496
0.12,0.18,10,6.071568704
0.12,0.2,12,6.08295872
0.12,0.22,13,6.0944926368
0.12,0.24,15,6.1058603872
0.12,0.26,16,6.1174741168
0.12,0.28,17,6.128775488
0.12,0.3,18,6.140206616
0.12,0.32,18,6.1515844352
0.12,0.34,19,6.1641717632
0.12,0.36,20,6.1761639712
0.12,0.38,21,6.1880573888
0.12,0.4,21,6.200648416
0.12,0.42,22,6.2128902912
0.12,0.44,22,6.2246648544
0.12,0.46,23,6.2373019888
0.12,0.48,23,6.24937208
0.12,0.5,24,6.26156732
0.12,0.52,24,6.2738563712
0.12,0.54,25,6.2861510672
0.12,0.56,25,6.298446144
0.12,0.58,26,6.3108516928
0.12,0.6,26,6.323415232
0.12,0.62,26,6.3358559072
0.12,0.64,27,6.3479432416
0.12,0.66,27,6.3606871712
0.12,0.68,27,6.3730810464
0.12,0.7,28,6.385356336
0.12,0.72,28,6.39782552
0.12,0.74,28,6.4100734304
0.12,0.76,29,6.422615744
0.12,0.78,29,6.43517168
0.12,0.8,29,6.44777488
0.12,0.82,30,6.460190704
0.12,0.84,30,6.4728243872
0.12,0.86,30,6.4852034352
0.12,0.88,30,6.4977451808
0.12,0.9,31,6.510217696
0.12,0.92,31,6.5228212064
0.12,0.94,31,6.53523344
0.12,0.96,31,6.54754464
0.12,0.98,31,6.5598998816
0.12,1,32,6.5676808
0.14,0,3,6.04073716
0.14,0.02,3,6.040925572
0.14,0.04,3,6.0406693824
0.14,0.06,4,6.0419568032
0.14,0.08,4,6.042205784
0.14,0.1,5,6.047534128
0.14,0.12,8,6.0565104064
0.14,0.14,9,6.0654386416
0.14,0.16,11,6.07469288
0.14,0.18,12,6.0858878416
0.14,0.2,14,6.097199064
0.14,0.22,15,6.1085467656
0.14,0.24,16,6.1208440768
0.14,0.26,17,6.131486076
0.14,0.28,18,6.1429906704
0.14,0.3,19,6.154567352
0.14,0.32,19,6.1670695088
0.14,0.34,20,6.179150096
0.14,0.36,21,6.1912278688
0.14,0.38,21,6.2036133392
0.14,0.4,22,6.21558284
0.14,0.42,23,6.2278641544
0.14,0.44,23,6.2402559296
0.14,0.46,24,6.2525132792
0.14,0.48,24,6.2644737088
0.14,0.5,25,6.27686862
0.14,0.52,25,6.2891619072
0.14,0.54,25,6.301674832
0.14,0.56,26,6.313923712
0.14,0.58,26,6.3259975344
0.14,0.6,27,6.339158776
0.14,0.62,27,6.3516646368
0.14,0.64,27,6.3641030416
0.14,0.66,28,6.3764052504
0.14,0.68,28,6.3889241776
0.14,0.7,28,6.40129962
0.14,0.72,28,6.4136774432
0.14,0.74,29,6.4261452672
0.14,0.76,29,6.4385543488
0.14,0.78,29,6.4513969848
0.14,0.8,30,6.463966216
0.14,0.82,30,6.4765591776
0.14,0.84,30,6.4890811216
0.14,0.86,30,6.5016047112
0.14,0.88,31,6.5142956992
0.14,0.9,31,6.526688404
0.14,0.92,31,6.5393592224
0.14,0.94,31,6.552082468
0.14,0.96,31,6.5642913376
0.14,0.98,32,6.5767459296
0.14,1,32,6.5803104
0.16,0,7,6.0545212
0.16,0.02,7,6.055274032
0.16,0.04,7,6.0562137152
0.16,0.06,8,6.0562451088
0.16,0.08,8,6.0568235168
0.16,0.1,9,6.063135056
0.16,0.12,10,6.07130808
0.16,0.14,12,6.0798575088
0.16,0.16,13,6.089856208
0.16,0.18,14,6.1001342464
0.16,0.2,15,6.111630896
0.16,0.22,16,6.1219435056
0.16,0.24,17,6.1330019776
0.16,0.26,18,6.145949352
0.16,0.28,19,6.1572645152
0.16,0.3,20,6.1698212
0.16,0.32,20,6.180719488
0.16,0.34,21,6.193248176
0.16,0.36,22,6.2053793728
0.16,0.38,22,6.218560592
0.16,0.4,23,6.230237472
0.16,0.42,23,6.242752192
0.16,0.44,24,6.2549186976
0.16,0.46,24,6.2676920752
0.16,0.48,25,6.2800752096
0.16,0.5,25,6.29234928
0.16,0.52,25,6.3039718976
0.16,0.54,26,6.3165865648
0.16,0.56,26,6.329805728
0.16,0.58,27,6.3423056496
0.16,0.6,27,6.354613808
0.16,0.62,27,6.367233528
0.16,0.64,28,6.3798087712
0.16,0.66,28,6.3922697504
0.16,0.68,28,6.404946528
0.16,0.7,29,6.417197304
0.16,0.72,29,6.429723232
0.16,0.74,29,6.4425674656
0.16,0.76,29,6.4552710912
0.16,0.78,30,6.4678488736
0.16,0.8,30,6.480492272
0.16,0.82,30,6.4931210496
0.16,0.84,30,6.5016673824
0.16,0.86,31,6.5154188928
0.16,0.88,31,6.5286793728
0.16,0.9,31,6.542283976
0.16,0.92,31,6.5519744
0.16,0.94,32,6.5686026272
0.16,0.96,32,6.5787693248
0.16,0.98,32,6.5891770016
0.16,1,32,6.59595592
0.18,0,10,6.07201412
0.18,0.02,11,6.07308044
0.18,0.04,11,6.0741860912
0.18,0.06,11,6.074393188
0.18,0.08,11,6.0748281568
0.18,0.1,12,6.0799682
0.18,0.12,13,6.0885723536
0.18,0.14,14,6.0979919304
0.18,0.16,15,6.1073788176
0.18,0.18,16,6.1177076464
0.18,0.2,17,6.128033024
0.18,0.22,18,6.1394156792
0.18,0.24,18,6.1516011584
0.18,0.26,19,6.1622435168
0.18,0.28,20,6.17379816
0.18,0.3,20,6.18522118
0.18,0.32,21,6.1973261632
0.18,0.34,22,6.208117628
0.18,0.36,22,6.2220702752
0.18,0.38,23,6.2329840704
0.18,0.4,23,6.24609552
0.18,0.42,24,6.2588253424
0.18,0.44,24,6.2704164032
0.18,0.46,25,6.2831005544
0.18,0.48,25,6.2951024544
0.18,0.5,26,6.30742676
0.18,0.52,26,6.3198962976
0.18,0.54,26,6.332812736
0.18,0.56,27,6.3455848288
0.18,0.58,27,6.35835492
0.18,0.6,27,6.370315304
0.18,0.62,28,6.3827858472
0.18,0.64,28,6.3961296288
0.18,0.66,28,6.4084247392
0.18,0.68,29,6.4211519888
0.18,0.7,29,6.433487044
0.18,0.72,29,6.446027688
0.18,0.74,29,6.4585302784
0.18,0.76,30,6.4714504528
0.18,0.78,30,6.4841771072
0.18,0.8,30,6.496919088
0.18,0.82,30,6.5095686032
0.18,0.84,31,6.522298816
0.18,0.86,31,6.5349889736
0.18,0.88,31,6.5477393504
0.18,0.9,31,6.560325332
0.18,0.92,32,6.573103232
0.18,0.94,32,6.5856464912
0.18,0.96,32,6.5982368848
0.18,0.98,32,6.6110175664
0.18,1,32,6.61006432
0.2,0,13,6.0915972
0.2,0.02,13,6.092549672
0.2,0.04,13,6.093130576
0.2,0.06,13,6.093415432
0.2,0.08,13,6.09388048
0.2,0.1,14,6.09996652
0.2,0.12,15,6.109375248
0.2,0.14,16,6.118424264
0.2,0.16,17,6.126934864
0.2,0.18,17,6.13748852
0.2,0.2,18,6.14903216
0.2,0.22,19,6.161090264
0.2,0.24,20,6.171806976
0.2,0.26,20,6.18375388
0.2,0.28,21,6.19527208
0.2,0.3,22,6.20649328
0.2,0.32,22,6.218447376
0.2,0.34,23,6.2306304
0.2,0.36,23,6.2429012
0.2,0.38,24,6.25514184
0.2,0.4,24,6.266656
0.2,0.42,25,6.279456552
0.2,0.44,25,6.291417104
0.2,0.46,25,6.303671856
0.2,0.48,26,6.315686096
0.2,0.5,26,6.3280096
0.2,0.52,27,6.340555584
0.2,0.54,27,6.352604944
0.2,0.56,27,6.365530976
0.2,0.58,28,6.377722712
0.2,0.6,28,6.39006384
0.2,0.62,28,6.402688112
0.2,0.64,29,6.415294128
0.2,0.66,29,6.427638776
0.2,0.68,29,6.440071856
0.2,0.7,29,6.4526848
0.2,0.72,30,6.465139376
0.2,0.74,30,6.477595776
0.2,0.76,30,6.490107136
0.2,0.78,30,6.502683256
0.2,0.8,31,6.51544856
0.2,0.82,31,6.528202688
0.2,0.84,31,6.540842672
0.2,0.86,31,6.553338608
0.2,0.88,32,6.565906288
0.2,0.9,32,6.5785872
0.2,0.92,32,6.591214336
0.2,0.94,32,6.603339872
0.2,0.96,32,6.615568976
0.2,0.98,33,6.6287158
0.2,1,33,6.6332068
0.22,0,15,6.1113992
0.22,0.02,15,6.1124015384
0.22,0.04,15,6.1127825904
0.22,0.06,15,6.1132326224
0.22,0.08,15,6.1137704112
0.22,0.1,16,6.120173436
0.22,0.12,17,6.1292483792
0.22,0.14,17,6.1379650256
0.22,0.16,18,6.1476177056
0.22,0.18,19,6.1578492544
0.22,0.2,20,6.169330832
0.22,0.22,20,6.1807761688
0.22,0.24,21,6.1922765856
0.22,0.26,21,6.2041191472
0.22,0.28,22,6.2154780192
0.22,0.3,23,6.226958108
0.22,0.32,23,6.2386698256
0.22,0.34,24,6.2510544416
0.22,0.36,24,6.2630929392
0.22,0.38,24,6.2752832584
0.22,0.4,25,6.287417144
0.22,0.42,25,6.299745644
0.22,0.44,26,6.31219952
0.22,0.46,26,6.3240949168
0.22,0.48,26,6.3365984896
0.22,0.5,27,6.34907844
0.22,0.52,27,6.361356616
0.22,0.54,27,6.373965984
0.22,0.56,28,6.3863722224
0.22,0.58,28,6.3990951104
0.22,0.6,28,6.411698448
0.22,0.62,29,6.4239758024
0.22,0.64,29,6.4367569376
0.22,0.66,29,6.4492073896
0.22,0.68,30,6.4620764752
0.22,0.7,30,6.47431254
0.22,0.72,30,6.4868590096
0.22,0.74,30,6.4996756872
0.22,0.76,31,6.5123745136
0.22,0.78,31,6.5249406376
0.22,0.8,31,6.537533464
0.22,0.82,31,6.5503463336
0.22,0.84,31,6.5630572144
0.22,0.86,32,6.5757827752
0.22,0.88,32,6.5884107952
0.22,0.9,32,6.6013209
0.22,0.92,32,6.613942504
0.22,0.94,32,6.6267180144
0.22,0.96,33,6.6389536608
0.22,0.98,33,6.6516073184
0.22,1,33,6.6599048
0.24,0,17,6.1309188
0.24,0.02,17,6.1323524464
0.24,0.04,17,6.1333050784
0.24,0.06,17,6.1340769712
0.24,0.08,17,6.13585944
0.24,0.1,18,6.140425904
0.24,0.12,18,6.1496702976
0.24,0.14,19,6.1592836688
0.24,0.16,20,6.1684410272
0.24,0.18,20,6.1798763408
0.24,0.2,21,6.190728928
0.24,0.22,21,6.2021551984
0.24,0.24,22,6.2138624512
0.24,0.26,22,6.2254195248
0.24,0.28,23,6.2367822752
0.24,0.3,23,6.24843128
0.24,0.32,24,6.260224496
0.24,0.34,24,6.2728393568
0.24,0.36,25,6.2850319328
0.24,0.38,25,6.2973305536
0.24,0.4,26,6.309502272
0.24,0.42,26,6.3215368448
0.24,0.44,26,6.3342325824
0.24,0.46,27,6.3463356688
0.24,0.48,27,6.3586969184
0.24,0.5,27,6.37101064
0.24,0.52,28,6.383430704
0.24,0.54,28,6.395884072
0.24,0.56,28,6.408583744
0.24,0.58,29,6.4209495248
0.24,0.6,29,6.433662176
0.24,0.62,29,6.4462045168
0.24,0.64,29,6.4587137088
0.24,0.66,30,6.4712295616
0.24,0.68,30,6.4839377312
0.24,0.7,30,6.496456552
0.24,0.72,30,6.5089474528
0.24,0.74,31,6.5215568288
0.24,0.76,31,6.5342552256
0.24,0.78,31,6.547074384
0.24,0.8,31,6.559746272
0.24,0.82,32,6.572491856
0.24,0.84,32,6.585281696
0.24,0.86,32,6.5980500384
0.24,0.88,32,6.6109610048
0.24,0.9,32,6.623961712
0.24,0.92,33,6.6366639392
0.24,0.94,33,6.6491761056
0.24,0.96,33,6.6619431872
0.24,0.98,33,6.6750071264
0.24,1,33,6.68350672
0.26,0,18,6.15250104
0.26,0.02,19,6.1529482288
0.26,0.04,19,6.153713168
0.26,0.06,19,6.154422652
0.26,0.08,19,6.1558678384
0.26,0.1,19,6.162190352
0.26,0.12,20,6.1717159408
0.26,0.14,20,6.1810782424
0.26,0.16,21,6.1901360336
0.26,0.18,21,6.200616472
0.26,0.2,22,6.212493408
0.26,0.22,22,6.2242095384
0.26,0.24,23,6.2360947008
0.26,0.26,23,6.2464976296
0.26,0.28,24,6.2594844704
0.26,0.3,24,6.271320768
0.26,0.32,25,6.2818148304
0.26,0.34,25,6.2953176568
0.26,0.36,26,6.3063310064
0.26,0.38,26,6.3191693704
0.26,0.4,26,6.331154952
0.26,0.42,27,6.3453166864
0.26,0.44,27,6.3576357872
0.26,0.46,27,6.3683804584
0.26,0.48,28,6.381369672
0.26,0.5,28,6.39325116
0.26,0.52,28,6.4073580128
0.26,0.54,29,6.4184090592
0.26,0.56,29,6.4310646352
0.26,0.58,29,6.444365944
0.26,0.6,29,6.456368472
0.26,0.62,30,6.4690333496
0.26,0.64,30,6.4816493328
0.26,0.66,30,6.494301496
0.26,0.68,30,6.5070882144
0.26,0.7,31,6.521705852
0.26,0.72,31,6.5323270784
0.26,0.74,31,6.5451193952
0.26,0.76,31,6.5579290448
0.26,0.78,32,6.5705990608
0.26,0.8,32,6.583310256
0.26,0.82,32,6.5962204736
0.26,0.84,32,6.6089734192
0.26,0.86,32,6.621750044
0.26,0.88,33,6.6346329792
0.26,0.9,33,6.6474821
0.26,0.92,33,6.6605464672
0.26,0.94,33,6.6733367456
0.26,0.96,33,6.6858692624
0.26,0.98,34,6.6986622544
0.26,1,34,6.70661004
0.28,0,20,6.17284928
0.28,0.02,20,6.1733348736
0.28,0.04,20,6.1750346144
0.28,0.06,20,6.1757877328
0.28,0.08,20,6.1761871552
0.28,0.1,20,6.182495928
0.28,0.12,21,6.1922183712
0.28,0.14,21,6.2014267728
0.28,0.16,22,6.2103806944
0.28,0.18,22,6.2212111968
0.28,0.2,23,6.232897568
0.28,0.22,23,6.2446868528
0.28,0.24,24,6.256772368
0.28,0.26,24,6.2688767104
0.28,0.28,25,6.2803839616
0.28,0.3,25,6.291815704
0.28,0.32,25,6.3037589376
0.28,0.34,26,6.3163859696
0.28,0.36,26,6.3290115456
0.28,0.38,27,6.3414474464
0.28,0.4,27,6.353529808
0.28,0.42,27,6.3663581056
0.28,0.44,28,6.3786189472
0.28,0.46,28,6.3914905456
0.28,0.48,28,6.4033291328
0.28,0.5,29,6.41616248
0.28,0.52,29,6.4292549056
0.28,0.54,29,6.4410309312
0.28,0.56,29,6.453575952
0.28,0.58,30,6.467401288
0.28,0.6,30,6.480154336
0.28,0.62,30,6.4928717536
0.28,0.64,30,6.5057969504
0.28,0.66,31,6.5186054432
0.28,0.68,31,6.5305744896
0.28,0.7,31,6.543754224
0.28,0.72,31,6.5573919808
0.28,0.74,32,6.570134488
0.28,0.76,32,6.5815040352
0.28,0.78,32,6.5945358672
0.28,0.8,32,6.607149824
0.28,0.82,32,6.6200979056
0.28,0.84,33,6.6334749888
0.28,0.86,33,6.6458776432
0.28,0.88,33,6.6588852896
0.28,0.9,33,6.671764248
0.28,0.92,33,6.6848786944
0.28,0.94,34,6.6978150736
0.28,0.96,34,6.7104205504
0.28,0.98,34,6.7233016864
0.28,1,34,6.732348
0.3,0,21,6.1909064
0.3,0.02,21,6.194878156
0.3,0.04,21,6.195529912
0.3,0.06,21,6.196168844
0.3,0.08,21,6.196741008
0.3,0.1,21,6.20404492
0.3,0.12,22,6.213198584
0.3,0.14,22,6.22219002
0.3,0.16,23,6.231263128
0.3,0.18,23,6.242105308
0.3,0.2,24,6.25462212
0.3,0.22,24,6.266110652
0.3,0.24,25,6.277635984
0.3,0.26,25,6.289650364
0.3,0.28,25,6.301654408
0.3,0.3,26,6.3134665
0.3,0.32,26,6.32523208
0.3,0.34,26,6.33712952
0.3,0.36,27,6.350416952
0.3,0.38,27,6.363014804
0.3,0.4,28,6.37566024
0.3,0.42,28,6.38827424
0.3,0.44,28,6.4008548
0.3,0.46,28,6.41274748
0.3,0.48,29,6.4261362
0.3,0.5,29,6.4382637
0.3,0.52,29,6.450606688
0.3,0.54,30,6.464029344
0.3,0.56,30,6.476806216
0.3,0.58,30,6.489722984
0.3,0.6,30,6.50276076
0.3,0.62,31,6.51541714
0.3,0.64,31,6.527825944
0.3,0.66,31,6.540875804
0.3,0.68,31,6.554037536
0.3,0.7,32,6.56666832
0.3,0.72,32,6.579104496
0.3,0.74,32,6.592551676
0.3,0.76,32,6.604853624
0.3,0.78,32,6.617955648
0.3,0.8,33,6.63092276
0.3,0.82,33,6.644073556
0.3,0.84,33,6.656924904
0.3,0.86,33,6.669744808
0.3,0.88,33,6.683031056
0.3,0.9,34,6.69602058
0.3,0.92,34,6.709295168
0.3,0.94,34,6.722212624
0.3,0.96,34,6.73490852
0.3,0.98,34,6.74795398
0.3,1,34,6.7568284
0.32,0,22,6.21584552
0.32,0.02,22,6.216687784
0.32,0.04,22,6.2176704512
0.32,0.06,22,6.218213096
0.32,0.08,22,6.2188341536
0.32,0.1,22,6.226054432
0.32,0.12,23,6.2352992768
0.32,0.14,23,6.2445837888
0.32,0.16,24,6.2538389216
0.32,0.18,24,6.2644422112
0.32,0.2,24,6.276436112
0.32,0.22,25,6.288278544
0.32,0.24,25,6.2999265632
0.32,0.26,26,6.3117248416
0.32,0.28,26,6.3235085376
0.32,0.3,26,6.33545996
0.32,0.32,27,6.347644336
0.32,0.34,27,6.3599785856
0.32,0.36,27,6.37279912
0.32,0.38,28,6.385320232
0.32,0.4,28,6.398106864
0.32,0.42,28,6.4104794416
0.32,0.44,29,6.4232172064
0.32,0.46,29,6.4358458064
0.32,0.48,29,6.4483800608
0.32,0.5,30,6.46096412
0.32,0.52,30,6.4738212512
0.32,0.54,30,6.4868106816
0.32,0.56,30,6.4997711808
0.32,0.58,31,6.5124879872
0.32,0.6,31,6.525426784
0.32,0.62,31,6.538321736
0.32,0.64,31,6.5513267872
0.32,0.66,31,6.564052512
0.32,0.68,32,6.57724096
0.32,0.7,32,6.590147368
0.32,0.72,32,6.6026905248
0.32,0.74,32,6.6161958656
0.32,0.76,33,6.6290300992
0.32,0.78,33,6.6418369792
0.32,0.8,33,6.655067104
0.32,0.82,33,6.6682140016
0.32,0.84,33,6.6812455328
0.32,0.86,33,6.6942503696
0.32,0.88,34,6.7074649184
0.32,0.9,34,6.72042964
0.32,0.92,34,6.7334996768
0.32,0.94,34,6.7465641456
0.32,0.96,34,6.7598870784
0.32,0.98,35,6.772812096
0.32,1,35,6.78218352
0.34,0,23,6.23794864
0.34,0.02,23,6.2392386488
0.34,0.04,23,6.2400024448
0.34,0.06,23,6.24107726
0.34,0.08,23,6.2417674176
0.34,0.1,23,6.2490251
0.34,0.12,24,6.2584375344
0.34,0.14,24,6.2678411144
0.34,0.16,25,6.2770378352
0.34,0.18,25,6.287871352
0.34,0.2,25,6.299460784
0.34,0.22,26,6.3115556176
0.34,0.24,26,6.3233896208
0.34,0.26,26,6.3351610016
0.34,0.28,27,6.346979368
0.34,0.3,27,6.358894212
0.34,0.32,27,6.3707314544
0.34,0.34,28,6.383460528
0.34,0.36,28,6.3961443632
0.34,0.38,28,6.4086507392
0.34,0.4,29,6.421299648
0.34,0.42,29,6.4336425296
0.34,0.44,29,6.446478632
0.34,0.46,29,6.4592487776
0.34,0.48,30,6.4717636448
0.34,0.5,30,6.484278
0.34,0.52,30,6.4970092672
0.34,0.54,31,6.5099716024
0.34,0.56,31,6.5231265712
0.34,0.58,31,6.5358168536
0.34,0.6,31,6.548759808
0.34,0.62,31,6.561669876
0.34,0.64,32,6.5747652848
0.34,0.66,32,6.58766604
0.34,0.68,32,6.6007497712
0.34,0.7,32,6.613680896
0.34,0.72,32,6.6267194752
0.34,0.74,33,6.6397691752
0.34,0.76,33,6.6527780784
0.34,0.78,33,6.665971892
0.34,0.8,33,6.679069816
0.34,0.82,33,6.6923553408
0.34,0.84,34,6.7055196416
0.34,0.86,34,6.7186303152
0.34,0.88,34,6.7319603744
0.34,0.9,34,6.745164624
0.34,0.92,34,6.7584911536
0.34,0.94,35,6.7716233008
0.34,0.96,35,6.7844901024
0.34,0.98,35,6.7946249512
0.34,1,35,6.806336
0.36,0,24,6.26084736
0.36,0.02,24,6.26247188
0.36,0.04,24,6.2636899776
0.36,0.06,24,6.2640402256
0.36,0.08,24,6.2647303136
0.36,0.1,24,6.272310896
0.36,0.12,25,6.2813808384
0.36,0.14,25,6.2907865968
0.36,0.16,25,6.3001599552
0.36,0.18,26,6.3111994816
0.36,0.2,26,6.32292928
0.36,0.22,26,6.335106056
0.36,0.24,27,6.3467189312
0.36,0.26,27,6.358750608
0.36,0.28,27,6.3706869088
0.36,0.3,28,6.382383376
0.36,0.32,28,6.3947091072
0.36,0.34,28,6.4073064544
0.36,0.36,29,6.4199462912
0.36,0.38,29,6.433119368
0.36,0.4,29,6.445701472
0.36,0.42,29,6.4583685344
0.36,0.44,30,6.4709431584
0.36,0.46,30,6.4837148848
0.36,0.48,30,6.4963265792
0.36,0.5,30,6.50892568
0.36,0.52,31,6.5219988768
0.36,0.54,31,6.5348201008
0.36,0.56,31,6.5476198528
0.36,0.58,31,6.5608184304
0.36,0.6,32,6.573862256
0.36,0.62,32,6.5866488336
0.36,0.64,32,6.599637984
0.36,0.66,32,6.6127137264
0.36,0.68,32,6.6258967968
0.36,0.7,33,6.638722792
0.36,0.72,33,6.6518498624
0.36,0.74,33,6.664912664
0.36,0.76,33,6.677880176
0.36,0.78,33,6.691086376
0.36,0.8,34,6.70438776
0.36,0.82,34,6.7176248224
0.36,0.84,34,6.7307435808
0.36,0.86,34,6.7440240528
0.36,0.88,34,6.7570999744
0.36,0.9,34,6.770383528
0.36,0.92,35,6.7836975968
0.36,0.94,35,6.796450808
0.36,0.96,35,6.8097649888
0.36,0.98,35,6.8226755936
0.36,1,35,6.83257456
0.38,0,25,6.28398792
0.38,0.02,25,6.28474422
0.38,0.04,25,6.28577584
0.38,0.06,25,6.2869721736
0.38,0.08,25,6.287647056
0.38,0.1,25,6.29515828
0.38,0.12,25,6.3046791376
0.38,0.14,26,6.31388134
0.38,0.16,26,6.3232342608
0.38,0.18,26,6.3343843824
0.38,0.2,27,6.346699528
0.38,0.22,27,6.358800932
0.38,0.24,27,6.3706595728
0.38,0.26,28,6.382352008
0.38,0.28,28,6.3943210432
0.38,0.3,28,6.406539112
0.38,0.32,29,6.4186718528
0.38,0.34,29,6.431837832
0.38,0.36,29,6.4444096
0.38,0.38,29,6.4571650256
0.38,0.4,30,6.469969304
0.38,0.42,30,6.482701612
0.38,0.44,30,6.4954924176
0.38,0.46,30,6.5082256888
0.38,0.48,31,6.521255536
0.38,0.5,31,6.53393336
0.38,0.52,31,6.5468769264
0.38,0.54,31,6.5599201248
0.38,0.56,32,6.5730897792
0.38,0.58,32,6.586104364
0.38,0.6,32,6.599165184
0.38,0.62,32,6.6124168616
0.38,0.64,32,6.6253881376
0.38,0.66,33,6.6384593608
0.38,0.68,33,6.6518216464
0.38,0.7,33,6.664629996
0.38,0.72,33,6.6778680784
0.38,0.74,33,6.6910313952
0.38,0.76,34,6.7042366208
0.38,0.78,34,6.7174965824
0.38,0.8,34,6.730723112
0.38,0.82,34,6.7440729872
0.38,0.84,34,6.7575305936
0.38,0.86,34,6.7707397176
0.38,0.88,35,6.78409152
0.38,0.9,35,6.797378676
0.38,0.92,35,6.810895336
0.38,0.94,35,6.8239158952
0.38,0.96,35,6.837334696
0.38,0.98,35,6.8503784128
0.38,1,36,6.85855364
0.4,0,26,6.3063104
0.4,0.02,26,6.308226472
0.4,0.04,26,6.308879088
0.4,0.06,26,6.309679264
0.4,0.08,26,6.310489504
0.4,0.1,26,6.31847644
0.4,0.12,26,6.327728528
0.4,0.14,26,6.337007456
0.4,0.16,27,6.346545664
0.4,0.18,27,6.35807388
0.4,0.2,27,6.37011752
0.4,0.22,28,6.382147768
0.4,0.24,28,6.394115872
0.4,0.26,28,6.40622992
0.4,0.28,29,6.418170064
0.4,0.3,29,6.43042424
0.4,0.32,29,6.442793376
0.4,0.34,29,6.45581368
0.4,0.36,30,6.468893696
0.4,0.38,30,6.481567256
0.4,0.4,30,6.49434104
0.4,0.42,30,6.507256776
0.4,0.44,31,6.520094512
0.4,0.46,31,6.532907896
0.4,0.48,31,6.545963152
0.4,0.5,31,6.5588368
0.4,0.52,32,6.571801952
0.4,0.54,32,6.585129912
0.4,0.56,32,6.598208688
0.4,0.58,32,6.611548248
0.4,0.6,32,6.62475544
0.4,0.62,33,6.637823488
0.4,0.64,33,6.65091992
0.4,0.66,33,6.664209888
0.4,0.68,33,6.677661008
0.4,0.7,33,6.69063936
0.4,0.72,34,6.70395696
0.4,0.74,34,6.717177872
0.4,0.76,34,6.730651856
0.4,0.78,34,6.744077768
0.4,0.8,34,6.75733464
0.4,0.82,34,6.770680472
0.4,0.84,35,6.784167264
0.4,0.86,35,6.797448704
0.4,0.88,35,6.811144384
0.4,0.9,35,6.82447068
0.4,0.92,35,6.838126336
0.4,0.94,35,6.851527744
0.4,0.96,36,6.864733552
0.4,0.98,36,6.877701888
0.4,1,36,6.8870272
0.42,0,26,6.32922992
0.42,0.02,26,6.3310250576
0.42,0.04,26,6.3323612336
0.42,0.06,26,6.3327835056
0.42,0.08,26,6.3334952816
0.42,0.1,27,6.341326664
0.42,0.12,27,6.3508530192
0.42,0.14,27,6.3603543944
0.42,0.16,27,6.3699959344
0.42,0.18,28,6.3815078952
0.42,0.2,28,6.393676776
0.42,0.22,28,6.4057493544
0.42,0.24,29,6.4179415664
0.42,0.26,29,6.4299752368
0.42,0.28,29,6.4420889216
0.42,0.3,29,6.454499364
0.42,0.32,30,6.4667108432
0.42,0.34,30,6.4798430328
0.42,0.36,30,6.4930156736
0.42,0.38,30,6.5057360616
0.42,0.4,31,6.518698704
0.42,0.42,31,6.5318753296
0.42,0.44,31,6.5446964448
0.42,0.46,31,6.5578056224
0.42,0.48,32,6.5709743952
0.42,0.5,32,6.58366702
0.42,0.52,32,6.596985072
0.42,0.54,32,6.6101755688
0.42,0.56,32,6.623379448
0.42,0.58,33,6.636640968
0.42,0.6,33,6.650023984
0.42,0.62,33,6.6635034528
0.42,0.64,33,6.6766794208
0.42,0.66,33,6.6900532448
0.42,0.68,34,6.7034608688
0.42,0.7,34,6.716721048
0.42,0.72,34,6.7300757168
0.42,0.74,34,6.7434425752
0.42,0.76,34,6.7568915712
0.42,0.78,34,6.770340372
0.42,0.8,35,6.783923808
0.42,0.82,35,6.7973390576
0.42,0.84,35,6.8108338864
0.42,0.86,35,6.8244620464
0.42,0.88,35,6.8379278176
0.42,0.9,35,6.851591032
0.42,0.92,36,6.865259
0.42,0.94,36,6.8786271976
0.42,0.96,36,6.8921702896
0.42,0.98,36,6.9055611976
0.42,1,36,6.91415308
0.44,0,27,6.35191928
0.44,0.02,27,6.3540124
0.44,0.04,27,6.3549745024
0.44,0.06,27,6.3554719872
0.44,0.08,27,6.3561127328
0.44,0.1,27,6.364776408
0.44,0.12,27,6.37396896
0.44,0.14,28,6.3833939888
0.44,0.16,28,6.3931581888
0.44,0.18,28,6.4046356416
0.44,0.2,29,6.417008496
0.44,0.22,29,6.4292977392
0.44,0.24,29,6.441575104
0.44,0.26,29,6.4538488384
0.44,0.28,30,6.4659627936
0.44,0.3,30,6.478151824
0.44,0.32,30,6.4907899264
0.44,0.34,30,6.5039966848
0.44,0.36,31,6.517106976
0.44,0.38,31,6.530321304
0.44,0.4,31,6.543135184
0.44,0.42,31,6.5562603072
0.44,0.44,32,6.5694619136
0.44,0.46,32,6.5823733264
0.44,0.48,32,6.595574208
0.44,0.5,32,6.60857408
0.44,0.52,32,6.6219863584
0.44,0.54,33,6.6353674608
0.44,0.56,33,6.6486919584
0.44,0.58,33,6.6621851136
0.44,0.6,33,6.675633088
0.44,0.62,33,6.68904632
0.44,0.64,34,6.7024522336
0.44,0.66,34,6.7158839072
0.44,0.68,34,6.7293775808
0.44,0.7,34,6.742610216
0.44,0.72,34,6.7561213152
0.44,0.74,34,6.769483872
0.44,0.76,35,6.7832256928
0.44,0.78,35,6.7967718688
0.44,0.8,35,6.810316944
0.44,0.82,35,6.823951808
0.44,0.84,35,6.8375586592
0.44,0.86,35,6.8512139184
0.44,0.88,36,6.8648355872
0.44,0.9,36,6.878639568
0.44,0.92,36,6.8924278816
0.44,0.94,36,6.906022904
0.44,0.96,36,6.919660704
0.44,0.98,36,6.9333044432
0.44,1,36,6.943262
0.46,0,27,6.37462828
0.46,0.02,28,6.3761478544
0.46,0.04,28,6.3776089456
0.46,0.06,28,6.3784079424
0.46,0.08,28,6.3795568592
0.46,0.1,28,6.387548544
0.46,0.12,28,6.3971774608
0.46,0.14,28,6.4067511744
0.46,0.16,29,6.4165074928
0.46,0.18,29,6.4281525048
0.46,0.2,29,6.44069924
0.46,0.22,29,6.45275898
0.46,0.24,30,6.4652263152
0.46,0.26,30,6.4775271616
0.46,0.28,30,6.4898593328
0.46,0.3,30,6.502118732
0.46,0.32,31,6.5149075792
0.46,0.34,31,6.5281957904
0.46,0.36,31,6.5412721888
0.46,0.38,31,6.5543988496
0.46,0.4,32,6.567915016
0.46,0.42,32,6.580858032
0.46,0.44,32,6.5939870816
0.46,0.46,32,6.6072214384
0.46,0.48,32,6.620377592
0.46,0.5,33,6.63358538
0.46,0.52,33,6.6469234128
0.46,0.54,33,6.6604932632
0.46,0.56,33,6.6739119552
0.46,0.58,33,6.687435628
0.46,0.6,34,6.701047552
0.46,0.62,34,6.71439524
0.46,0.64,34,6.727801656
0.46,0.66,34,6.7414343112
0.46,0.68,34,6.7552502032
0.46,0.7,34,6.768589324
0.46,0.72,35,6.7821713136
0.46,0.74,35,6.7958497176
0.46,0.76,35,6.8093428944
0.46,0.78,35,6.8231364264
0.46,0.8,35,6.836835872
0.46,0.82,35,6.8506811296
0.46,0.84,36,6.8642626672
0.46,0.86,36,6.878001472
0.46,0.88,36,6.891821368
0.46,0.9,36,6.905676468
0.46,0.92,36,6.919578816
0.46,0.94,36,6.9332369528
0.46,0.96,36,6.946986392
0.46,0.98,37,6.9608455472
0.46,1,37,6.97104676
0.48,0,28,6.39718984
0.48,0.02,28,6.3992027872
0.48,0.04,28,6.4004521952
0.48,0.06,28,6.4012023136
0.48,0.08,28,6.4026118432
0.48,0.1,28,6.410724944
0.48,0.12,29,6.420432752
0.48,0.14,29,6.429950848
0.48,0.16,29,6.4401147648
0.48,0.18,29,6.4517606528
0.48,0.2,30,6.464119744
0.48,0.22,30,6.4763735056
0.48,0.24,30,6.488870944
0.48,0.26,30,6.501104664
0.48,0.28,31,6.513366736
0.48,0.3,31,6.5259456
0.48,0.32,31,6.5387704288
0.48,0.34,31,6.5522519776
0.48,0.36,32,6.5655851424
0.48,0.38,32,6.5786542592
0.48,0.4,32,6.591966976
0.48,0.42,32,6.605243104
0.48,0.44,32,6.6185602592
0.48,0.46,33,6.6318761728
0.48,0.48,33,6.6452787648
0.48,0.5,33,6.65838064
0.48,0.52,33,6.6719149312
0.48,0.54,33,6.6854739056
0.48,0.56,34,6.6991852928
0.48,0.58,34,6.7127913552
0.48,0.6,34,6.726539664
0.48,0.62,34,6.739985016
0.48,0.64,34,6.7536463552
0.48,0.66,34,6.7671572
0.48,0.68,35,6.781077232
0.48,0.7,35,6.794573384
0.48,0.72,35,6.8083271648
0.48,0.74,35,6.822057224
0.48,0.76,35,6.8357905504
0.48,0.78,35,6.8494922256
0.48,0.8,36,6.86331152
0.48,0.82,36,6.877224152
0.48,0.84,36,6.890945264
0.48,0.86,36,6.9048477248
0.48,0.88,36,6.9188783456
0.48,0.9,36,6.932677384
0.48,0.92,36,6.9466255552
0.48,0.94,37,6.9606243856
0.48,0.96,37,6.974505616
0.48,0.98,37,6.9884402016
0.48,1,37,6.99818704
0.5,0,29,6.420506
0.5,0.02,29,6.42291552
0.5,0.04,29,6.42398836
0.5,0.06,29,6.42464998
0.5,0.08,29,6.42550384
0.5,0.1,29,6.4341985
0.5,0.12,29,6.44384388
0.5,0.14,29,6.45345298
0.5,0.16,30,6.46343732
0.5,0.18,30,6.47536086
0.5,0.2,30,6.488046
0.5,0.22,30,6.50052922
0.5,0.24,31,6.51277276
0.5,0.26,31,6.52536338
0.5,0.28,31,6.53763404
0.5,0.3,31,6.5500814
0.5,0.32,31,6.56315124
0.5,0.34,32,6.57630222
0.5,0.36,32,6.58985584
0.5,0.38,32,6.60330966
0.5,0.4,32,6.6166682
0.5,0.42,33,6.62995034
0.5,0.44,33,6.6432818
0.5,0.46,33,6.65651
0.5,0.48,33,6.66999988
0.5,0.5,33,6.6831835
0.5,0.52,34,6.69697804
0.5,0.54,34,6.71055874
0.5,0.56,34,6.72424436
0.5,0.58,34,6.73802362
0.5,0.6,34,6.7516898
0.5,0.62,34,6.76548002
0.5,0.64,35,6.77935632
0.5,0.66,35,6.79300496
0.5,0.68,35,6.8069818
0.5,0.7,35,6.8204962
0.5,0.72,35,6.8341974
0.5,0.74,35,6.8480513
0.5,0.76,36,6.86209736
0.5,0.78,36,6.87579878
0.5,0.8,36,6.8898332
0.5,0.82,36,6.90387794
0.5,0.84,36,6.91772084
0.5,0.86,36,6.93171166
0.5,0.88,36,6.94572512
0.5,0.9,37,6.9599031
0.5,0.92,37,6.9738228
0.5,0.94,37,6.98794132
0.5,0.96,37,7.00180708
0.5,0.98,37,7.01597376
0.5,1,37,7.026843
0.52,0,29,6.44490632
0.52,0.02,29,6.4468149024
0.52,0.04,29,6.448104944
0.52,0.06,29,6.4487952912
0.52,0.08,29,6.4499213568
0.52,0.1,29,6.458588768
0.52,0.12,30,6.4680610784
0.52,0.14,30,6.4777040416
0.52,0.16,30,6.4879409056
0.52,0.18,30,6.4994391376
0.52,0.2,31,6.512309792
0.52,0.22,31,6.524557368
0.52,0.24,31,6.5370725856
0.52,0.26,31,6.5495205664
0.52,0.28,31,6.5620736384
0.52,0.3,32,6.574694552
0.52,0.32,32,6.5878233344
0.52,0.34,32,6.6010416432
0.52,0.36,32,6.6146592416
0.52,0.38,33,6.628108848
0.52,0.4,33,6.64148944
0.52,0.42,33,6.654918928
0.52,0.44,33,6.6683403808
0.52,0.46,33,6.6816532096
0.52,0.48,34,6.6953179552
0.52,0.5,34,6.70866872
0.52,0.52,34,6.7222483808
0.52,0.54,34,6.7359773536
0.52,0.56,34,6.7499361056
0.52,0.58,34,6.7637460224
0.52,0.6,35,6.777320624
0.52,0.62,35,6.7911189744
0.52,0.64,35,6.8049534208
0.52,0.66,35,6.8188948528
0.52,0.68,35,6.8328298784
0.52,0.7,35,6.846566856
0.52,0.72,36,6.8602844992
0.52,0.74,36,6.874568984
0.52,0.76,36,6.8883605664
0.52,0.78,36,6.902389368
0.52,0.8,36,6.916501232
0.52,0.82,36,6.9305335984
0.52,0.84,36,6.9446035424
0.52,0.86,37,6.9586857744
0.52,0.88,37,6.9728590784
0.52,0.9,37,6.986972792
0.52,0.92,37,7.0011016672
0.52,0.94,37,7.01513964
0.52,0.96,37,7.0292252096
0.52,0.98,37,7.0436834368
0.52,1,38,7.0538732
0.54,0,30,6.46845508
0.54,0.02,30,6.470618164
0.54,0.04,30,6.4723267648
0.54,0.06,30,6.4730431184
0.54,0.08,30,6.4743015504
0.54,0.1,30,6.482983884
0.54,0.12,30,6.4927044976
0.54,0.14,30,6.5023172952
0.54,0.16,31,6.5124278368
0.54,0.18,31,6.524353696
0.54,0.2,31,6.537033896
0.54,0.22,31,6.5496910768
0.54,0.24,31,6.56223608
0.54,0.26,32,6.57472828
0.54,0.28,32,6.5870168352
0.54,0.3,32,6.599899488
0.54,0.32,32,6.612833864
0.54,0.34,32,6.6263852152
0.54,0.36,33,6.6399785488
0.54,0.38,33,6.6535985664
0.54,0.4,33,6.667016464
0.54,0.42,33,6.68050374
0.54,0.44,33,6.6938524528
0.54,0.46,34,6.7074010368
0.54,0.48,34,6.7208926976
0.54,0.5,34,6.73420506
0.54,0.52,34,6.7482376608
0.54,0.54,34,6.7617643248
0.54,0.56,35,6.775837952
0.54,0.58,35,6.7894859584
0.54,0.6,35,6.803406016
0.54,0.62,35,6.8173841296
0.54,0.64,35,6.831277976
0.54,0.66,35,6.8451384896
0.54,0.68,36,6.859247816
0.54,0.7,36,6.873112808
0.54,0.72,36,6.8869619776
0.54,0.74,36,6.9008425536
0.54,0.76,36,6.915217352
0.54,0.78,36,6.929215088
0.54,0.8,36,6.943290408
0.54,0.82,37,6.957542648
0.54,0.84,37,6.9716963504
0.54,0.86,37,6.9857705712
0.54,0.88,37,7.0000659088
0.54,0.9,37,7.014326588
0.54,0.92,37,7.028636448
0.54,0.94,37,7.0428260904
0.54,0.96,38,7.0565540432
0.54,0.98,38,7.0710397992
0.54,1,38,7.0816058
0.56,0,30,6.49318432
0.56,0.02,30,6.4954990512
0.56,0.04,30,6.4965429376
0.56,0.06,30,6.4973540896
0.56,0.08,30,6.4987165696
0.56,0.1,30,6.50750576
0.56,0.12,31,6.517395504
0.56,0.14,31,6.5270025168
0.56,0.16,31,6.536895472
0.56,0.18,31,6.5493347584
0.56,0.2,31,6.562006192
0.56,0.22,32,6.5747557136
0.56,0.24,32,6.5873320736
0.56,0.26,32,6.599884272
0.56,0.28,32,6.6124937376
0.56,0.3,32,6.625081944
0.56,0.32,33,6.638239424
0.56,0.34,33,6.6519368656
0.56,0.36,33,6.6657311072
0.56,0.38,33,6.6790779456
0.56,0.4,33,6.692899744
0.56,0.42,34,6.7064514656
0.56,0.44,34,6.7199163136
0.56,0.46,34,6.7334544592
0.56,0.48,34,6.7471206752
0.56,0.5,34,6.7607542
0.56,0.52,35,6.7743517216
0.56,0.54,35,6.7884517984
0.56,0.56,35,6.8022232224
0.56,0.58,35,6.8160499232
0.56,0.6,35,6.830112768
0.56,0.62,35,6.8443805264
0.56,0.64,36,6.8581361408
0.56,0.66,36,6.8723340736
0.56,0.68,36,6.8864189248
0.56,0.7,36,6.900102808
0.56,0.72,36,6.9142726688
0.56,0.74,36,6.9283390928
0.56,0.76,36,6.9424830944
0.56,0.78,37,6.9566130128
0.56,0.8,37,6.971086
0.56,0.82,37,6.9850439648
0.56,0.84,37,6.9994770656
0.56,0.86,37,7.0135311728
0.56,0.88,37,7.02784824
0.56,0.9,37,7.042248664
0.56,0.92,38,7.0562721536
0.56,0.94,38,7.0702801952
0.56,0.96,38,7.0847826784
0.56,0.98,38,7.0987203792
0.56,1,38,7.10923568
0.58,0,31,6.51734092
0.58,0.02,31,6.519582692
0.58,0.04,31,6.520689408
0.58,0.06,31,6.5218261624
0.58,0.08,31,6.523320176
0.58,0.1,31,6.53214706
0.58,0.12,31,6.542027056
0.58,0.14,31,6.551746508
0.58,0.16,31,6.5621072592
0.58,0.18,32,6.574331072
0.58,0.2,32,6.586807912
0.58,0.22,32,6.5994854992
0.58,0.24,32,6.6122750064
0.58,0.26,32,6.6249216528
0.58,0.28,33,6.6379091872
0.58,0.3,33,6.650489432
0.58,0.32,33,6.6638910336
0.58,0.34,33,6.6775632208
0.58,0.36,33,6.6913035792
0.58,0.38,34,6.7053873928
0.58,0.4,34,6.718800288
0.58,0.42,34,6.7324641496
0.58,0.44,34,6.7458659232
0.58,0.46,34,6.7597400352
0.58,0.48,35,6.7735769168
0.58,0.5,35,6.78718576
0.58,0.52,35,6.800981136
0.58,0.54,35,6.8152638944
0.58,0.56,35,6.8294115568
0.58,0.58,35,6.8431489064
0.58,0.6,36,6.85744388
0.58,0.62,36,6.87144474
0.58,0.64,36,6.8855691376
0.58,0.66,36,6.8997584904
0.58,0.68,36,6.913960104
0.58,0.7,36,6.927923368
0.58,0.72,36,6.9420116992
0.58,0.74,37,6.9560311528
0.58,0.76,37,6.9706079984
0.58,0.78,37,6.9848373392
0.58,0.8,37,6.999086496
0.58,0.82,37,7.0135040184
0.58,0.84,37,7.0278486592
0.58,0.86,37,7.0421543488
0.58,0.88,38,7.0567088512
0.58,0.9,38,7.0709874
0.58,0.92,38,7.0854315712
0.58,0.94,38,7.0997268568
0.58,0.96,38,7.1137541328
0.58,0.98,38,7.1276121072
0.58,1,38,7.13970108
0.6,0,31,6.5412252
0.6,0.02,31,6.543819704
0.6,0.04,31,6.545544112
0.6,0.06,31,6.545847576
0.6,0.08,31,6.547271328
0.6,0.1,31,6.55663432
0.6,0.12,32,6.566590368
0.6,0.14,32,6.57640356
0.6,0.16,32,6.586564768
0.6,0.18,32,6.598974432
0.6,0.2,32,6.6119468
0.6,0.22,32,6.624818272
0.6,0.24,33,6.637538016
0.6,0.26,33,6.650301736
0.6,0.28,33,6.663055328
0.6,0.3,33,6.67568028
0.6,0.32,33,6.689397584
0.6,0.34,34,6.703238752
0.6,0.36,34,6.716958528
0.6,0.38,34,6.7310566
0.6,0.4,34,6.74485648
0.6,0.42,34,6.758456864
0.6,0.44,35,6.772386912
0.6,0.46,35,6.786115432
0.6,0.48,35,6.800061808
0.6,0.5,35,6.8138032
0.6,0.52,35,6.827699776
0.6,0.54,35,6.8418338
0.6,0.56,36,6.855949216
0.6,0.58,36,6.870250128
0.6,0.6,36,6.88431464
0.6,0.62,36,6.898806968
0.6,0.64,36,6.912874192
0.6,0.66,36,6.927333104
0.6,0.68,36,6.941650352
0.6,0.7,37,6.955618
0.6,0.72,37,6.969842288
0.6,0.74,37,6.984202864
0.6,0.76,37,6.998437824
0.6,0.78,37,7.01295364
0.6,0.8,37,7.02740312
0.6,0.82,37,7.041849272
0.6,0.84,38,7.056377296
0.6,0.86,38,7.070843752
0.6,0.88,38,7.085309216
0.6,0.9,38,7.09991548
0.6,0.92,38,7.114436992
0.6,0.94,38,7.128886744
0.6,0.96,38,7.14287144
0.6,0.98,38,7.157530096
0.6,1,39,7.1687532
0.62,0,32,6.5656884
0.62,0.02,32,6.5682697312
0.62,0.04,32,6.5697969776
0.62,0.06,32,6.570319604
0.62,0.08,32,6.5717641168
0.62,0.1,32,6.580973336
0.62,0.12,32,6.591178104
0.62,0.14,32,6.601072752
0.62,0.16,32,6.6112591168
0.62,0.18,32,6.623661752
0.62,0.2,33,6.637148392
0.62,0.22,33,6.64962846
0.62,0.24,33,6.6626218
0.62,0.26,33,6.6754948608
0.62,0.28,33,6.6884358672
0.62,0.3,34,6.701465312
0.62,0.32,34,6.7148812208
0.62,0.34,34,6.72890222
0.62,0.36,34,6.7427980288
0.62,0.38,34,6.7568040968
0.62,0.4,34,6.770919832
0.62,0.42,35,6.784702672
0.62,0.44,35,6.7987291664
0.62,0.46,35,6.8125744904
0.62,0.48,35,6.8264984544
0.62,0.5,35,6.8401442
0.62,0.52,35,6.8542360784
0.62,0.54,36,6.8689035464
0.62,0.56,36,6.882856104
0.62,0.58,36,6.8974730816
0.62,0.6,36,6.911579064
0.62,0.62,36,6.9260524976
0.62,0.64,36,6.9402278976
0.62,0.66,37,6.9545657664
0.62,0.68,37,6.9692372864
0.62,0.7,37,6.983200124
0.62,0.72,37,6.9976429824
0.62,0.74,37,7.0120051224
0.62,0.76,37,7.0266653552
0.62,0.78,37,7.0409683248
0.62,0.8,38,7.05555024
0.62,0.82,38,7.0702269464
0.62,0.84,38,7.084840696
0.62,0.86,38,7.0994591536
0.62,0.88,38,7.1141023808
0.62,0.9,38,7.128780836
0.62,0.92,38,7.1431810784
0.62,0.94,38,7.1579039136
0.62,0.96,39,7.1724819968
0.62,0.98,39,7.1868259896
0.62,1,39,7.19880392
0.64,0,32,6.59036336
0.64,0.02,32,6.592701232
0.64,0.04,32,6.5941555392
0.64,0.06,32,6.5948592544
0.64,0.08,32,6.5963204768
0.64,0.1,32,6.605627368
0.64,0.12,32,6.615608144
0.64,0.14,32,6.6256721008
0.64,0.16,33,6.6359486464
0.64,0.18,33,6.6483790752
0.64,0.2,33,6.662004208
0.64,0.22,33,6.6747768752
0.64,0.24,33,6.687822656
0.64,0.26,34,6.700589424
0.64,0.28,34,6.7136471104
0.64,0.3,34,6.726696824
0.64,0.32,34,6.7404925952
0.64,0.34,34,6.7546335552
0.64,0.36,34,6.7686955936
0.64,0.38,35,6.7827646272
0.64,0.4,35,6.796676304
0.64,0.42,35,6.8105940928
0.64,0.44,35,6.8249319744
0.64,0.46,35,6.8387938544
0.64,0.48,35,6.852824032
0.64,0.5,36,6.8667906
0.64,0.52,36,6.8810920544
0.64,0.54,36,6.8952911136
0.64,0.56,36,6.9097001792
0.64,0.58,36,6.9243233488
0.64,0.6,36,6.938661968
0.64,0.62,37,6.9534628864
0.64,0.64,37,6.9676689888
0.64,0.66,37,6.9819569088
0.64,0.68,37,6.9966556704
0.64,0.7,37,7.01087104
0.64,0.72,37,7.0254726272
0.64,0.74,37,7.0401984432
0.64,0.76,38,7.0546851616
0.64,0.78,38,7.069260072
0.64,0.8,38,7.083930128
0.64,0.82,38,7.0985969248
0.64,0.84,38,7.1133251808
0.64,0.86,38,7.128097216
0.64,0.88,38,7.14274752
0.64,0.9,38,7.157542768
0.64,0.92,39,7.1725087552
0.64,0.94,39,7.1868638672
0.64,0.96,39,7.2016644032
0.64,0.98,39,7.2162579504
0.64,1,39,7.22701728
0.66,0,32,6.61392216
0.66,0.02,32,6.6168274208
0.66,0.04,32,6.6184526816
0.66,0.06,32,6.6190976944
0.66,0.08,32,6.620825552
0.66,0.1,33,6.630654536
0.66,0.12,33,6.6402767568
0.66,0.14,33,6.6503173096
0.66,0.16,33,6.661065728
0.66,0.18,33,6.6735381936
0.66,0.2,33,6.686913352
0.66,0.22,34,6.6997681816
0.66,0.24,34,6.712859152
0.66,0.26,34,6.7260704248
0.66,0.28,34,6.7390920544
0.66,0.3,34,6.752133196
0.66,0.32,34,6.7662644432
0.66,0.34,35,6.7800667928
0.66,0.36,35,6.7946143008
0.66,0.38,35,6.808560236
0.66,0.4,35,6.82269168
0.66,0.42,35,6.8369754656
0.66,0.44,35,6.8510472288
0.66,0.46,36,6.8651905344
0.66,0.48,36,6.8793752208
0.66,0.5,36,6.8930841
0.66,0.52,36,6.9078300256
0.66,0.54,36,6.9223717328
0.66,0.56,36,6.9367890112
0.66,0.58,37,6.9514726832
0.66,0.6,37,6.9660446
0.66,0.62,37,6.9804716504
0.66,0.64,37,6.9949268128
0.66,0.66,37,7.009346364
0.66,0.68,37,7.0240946688
0.66,0.7,37,7.038532244
0.66,0.72,38,7.0531151232
0.66,0.74,38,7.0678159288
0.66,0.76,38,7.0826777136
0.66,0.78,38,7.0972486024
0.66,0.8,38,7.112287216
0.66,0.82,38,7.1272368752
0.66,0.84,38,7.1418255936
0.66,0.86,38,7.1566668008
0.66,0.88,39,7.1715164064
0.66,0.9,39,7.186598836
0.66,0.92,39,7.201519032
0.66,0.94,39,7.2159332152
0.66,0.96,39,7.2307163024
0.66,0.98,39,7.2454638072
0.66,1,39,7.257245
0.68,0,33,6.63912888
0.68,0.02,33,6.642054184
0.68,0.04,33,6.6429890784
0.68,0.06,33,6.6434884832
0.68,0.08,33,6.6453306528
0.68,0.1,33,6.655025936
0.68,0.12,33,6.6652381696
0.68,0.14,33,6.6750834128
0.68,0.16,33,6.6857030944
0.68,0.18,34,6.698420704
0.68,0.2,34,6.71209928
0.68,0.22,34,6.7251185024
0.68,0.24,34,6.7381154976
0.68,0.26,34,6.7513597696
0.68,0.28,34,6.7643966336
0.68,0.3,35,6.777571432
0.68,0.32,35,6.791631152
0.68,0.34,35,6.806046584
0.68,0.36,35,6.8199263488
0.68,0.38,35,6.83440792
0.68,0.4,35,6.848539344
0.68,0.42,36,6.8630819168
0.68,0.44,36,6.8771709472
0.68,0.46,36,6.8914712208
0.68,0.48,36,6.9057652512
0.68,0.5,36,6.91962632
0.68,0.52,36,6.9342784352
0.68,0.54,37,6.9490222368
0.68,0.56,37,6.963566784
0.68,0.58,37,6.9781909648
0.68,0.6,37,6.992916528
0.68,0.62,37,7.0075558848
0.68,0.64,37,7.0222685216
0.68,0.66,37,7.036941312
0.68,0.68,37,7.05187328
0.68,0.7,38,7.066215928
0.68,0.72,38,7.0810057696
0.68,0.74,38,7.095807536
0.68,0.76,38,7.1105529952
0.68,0.78,38,7.1254004224
0.68,0.8,38,7.140399664
0.68,0.82,38,7.15532396
0.68,0.84,39,7.1704918432
0.68,0.86,39,7.1853751952
0.68,0.88,39,7.2002919104
0.68,0.9,39,7.21524104
0.68,0.92,39,7.2302643424
0.68,0.94,39,7.2451979088
0.68,0.96,39,7.2600298848
0.68,0.98,39,7.2747187344
0.68,1,39,7.28690536
0.7,0,33,6.6624128
0.7,0.02,33,6.666363092
0.7,0.04,33,6.667598224
0.7,0.06,33,6.668403096
0.7,0.08,33,6.6700256
0.7,0.1,33,6.67999624
0.7,0.12,33,6.690163568
0.7,0.14,34,6.700035416
0.7,0.16,34,6.710816288
0.7,0.18,34,6.723630748
0.7,0.2,34,6.73717164
0.7,0.22,34,6.750424336
0.7,0.24,34,6.763457552
0.7,0.26,35,6.776831876
0.7,0.28,35,6.79006012
0.7,0.3,35,6.80334796
0.7,0.32,35,6.817272104
0.7,0.34,35,6.831607036
0.7,0.36,35,6.846011328
0.7,0.38,36,6.860657828
0.7,0.4,36,6.87493276
0.7,0.42,36,6.888906024
0.7,0.44,36,6.903419336
0.7,0.46,36,6.917743776
0.7,0.48,36,6.93197476
0.7,0.5,36,6.9464157
0.7,0.52,37,6.960968712
0.7,0.54,37,6.976025484
0.7,0.56,37,6.990344072
0.7,0.58,37,7.005428668
0.7,0.6,37,7.0201976
0.7,0.62,37,7.03499546
0.7,0.64,37,7.049658144
0.7,0.66,38,7.064556572
0.7,0.68,38,7.079365064
0.7,0.7,38,7.0938822
0.7,0.72,38,7.10872392
0.7,0.74,38,7.123626484
0.7,0.76,38,7.138570248
0.7,0.78,38,7.153519528
0.7,0.8,39,7.16886496
0.7,0.82,39,7.183814348
0.7,0.84,39,7.199060744
0.7,0.86,39,7.214008376
0.7,0.88,39,7.229055496
0.7,0.9,39,7.24412238
0.7,0.92,39,7.259318216
0.7,0.94,39,7.274419612
0.7,0.96,39,7.289464272
0.7,0.98,40,7.303859648
0.7,1,40,7.3150892
0.72,0,33,6.68839752
0.72,0.02,33,6.6914327664
0.72,0.04,33,6.6929148384
0.72,0.06,33,6.6933077296
0.72,0.08,34,6.6953453248
0.72,0.1,34,6.705398792
0.72,0.12,34,6.715345872
0.72,0.14,34,6.7256232624
0.72,0.16,34,6.7366544448
0.72,0.18,34,6.7491948912
0.72,0.2,34,6.762858384
0.72,0.22,35,6.776433808
0.72,0.24,35,6.7894802304
0.72,0.26,35,6.802746216
0.72,0.28,35,6.8160273984
0.72,0.3,35,6.829394312
0.72,0.32,35,6.8430122272
0.72,0.34,36,6.857639072
0.72,0.36,36,6.8726135808
0.72,0.38,36,6.8867264032
0.72,0.4,36,6.9014644
0.72,0.42,36,6.9154432656
0.72,0.44,36,6.9297772
0.72,0.46,36,6.9444744912
0.72,0.48,37,6.959172608
0.72,0.5,37,6.97357752
0.72,0.52,37,6.987930304
0.72,0.54,37,7.0026159408
0.72,0.56,37,7.0177586048
0.72,0.58,37,7.0328256128
0.72,0.6,37,7.047404048
0.72,0.62,38,7.062372528
0.72,0.64,38,7.077277232
0.72,0.66,38,7.0920096656
0.72,0.68,38,7.10685144
0.72,0.7,38,7.121743168
0.72,0.72,38,7.136885152
0.72,0.74,38,7.1518870336
0.72,0.76,38,7.167108624
0.72,0.78,39,7.1818667616
0.72,0.8,39,7.197252176
0.72,0.82,39,7.2124428752
0.72,0.84,39,7.2277194176
0.72,0.86,39,7.2427332944
0.72,0.88,39,7.2579285504
0.72,0.9,39,7.273275136
0.72,0.92,39,7.2886066368
0.72,0.94,40,7.3038573664
0.72,0.96,40,7.3189045536
0.72,0.98,40,7.3341316608
0.72,1,40,7.34623696
0.74,0,34,6.7129414
0.74,0.02,34,6.7165056368
0.74,0.04,34,6.717667096
0.74,0.06,34,6.7187438688
0.74,0.08,34,6.7205359872
0.74,0.1,34,6.730452124
0.74,0.12,34,6.7412632832
0.74,0.14,34,6.7512677704
0.74,0.16,34,6.7624418368
0.74,0.18,35,6.7753195664
0.74,0.2,35,6.788775736
0.74,0.22,35,6.8020474088
0.74,0.24,35,6.8155206784
0.74,0.26,35,6.8288150912
0.74,0.28,35,6.842317248
0.74,0.3,36,6.855724872
0.74,0.32,36,6.8699259696
0.74,0.34,36,6.8845966288
0.74,0.36,36,6.898963032
0.74,0.38,36,6.9135213128
0.74,0.4,36,6.927764664
0.74,0.42,36,6.9423983536
0.74,0.44,37,6.9570539968
0.74,0.46,37,6.971673956
0.74,0.48,37,6.9862140192
0.74,0.5,37,7.00056108
0.74,0.52,37,7.015523696
0.74,0.54,37,7.0303382864
0.74,0.56,37,7.0451855088
0.74,0.58,38,7.0603586976
0.74,0.6,38,7.075137912
0.74,0.62,38,7.090378176
0.74,0.64,38,7.1049240624
0.74,0.66,38,7.1201772904
0.74,0.68,38,7.1354254368
0.74,0.7,38,7.150141612
0.74,0.72,38,7.16511756
0.74,0.74,39,7.1801750104
0.74,0.76,39,7.195502016
0.74,0.78,39,7.2106618992
0.74,0.8,39,7.226185096
0.74,0.82,39,7.2414040072
0.74,0.84,39,7.2566153408
0.74,0.86,39,7.271700864
0.74,0.88,39,7.287178304
0.74,0.9,40,7.302421248
0.74,0.92,40,7.317779736
0.74,0.94,40,7.3330980792
0.74,0.96,40,7.3485454896
0.74,0.98,40,7.3632901664
0.74,1,40,7.3746596
0.76,0,34,6.73855648
0.76,0.02,34,6.7417968896
0.76,0.04,34,6.7434400864
0.76,0.06,34,6.7439334832
0.76,0.08,34,6.745617024
0.76,0.1,34,6.75613684
0.76,0.12,34,6.7663899424
0.76,0.14,35,6.7765606
0.76,0.16,35,6.7874299328
0.76,0.18,35,6.8006448368
0.76,0.2,35,6.81477904
0.76,0.22,35,6.8278195184
0.76,0.24,35,6.8416143648
0.76,0.26,35,6.85509144
0.76,0.28,36,6.8686365088
0.76,0.3,36,6.882132408
0.76,0.32,36,6.8965553152
0.76,0.34,36,6.910824688
0.76,0.36,36,6.9257912896
0.76,0.38,36,6.9403884544
0.76,0.4,37,6.954834048
0.76,0.42,37,6.9694617168
0.76,0.44,37,6.9842357376
0.76,0.46,37,6.998962336
0.76,0.48,37,7.013630912
0.76,0.5,37,7.0280806
0.76,0.52,37,7.0430423968
0.76,0.54,38,7.0583020416
0.76,0.56,38,7.0731865024
0.76,0.58,38,7.0884086928
0.76,0.6,38,7.103323264
0.76,0.62,38,7.118272976
0.76,0.64,38,7.1335562752
0.76,0.66,38,7.1485125136
0.76,0.68,38,7.1636323712
0.76,0.7,39,7.17874496
0.76,0.72,39,7.1936912576
0.76,0.74,39,7.2090601792
0.76,0.76,39,7.2244697984
0.76,0.78,39,7.2399743824
0.76,0.8,39,7.255382672
0.76,0.82,39,7.2709321776
0.76,0.84,39,7.2862132224
0.76,0.86,40,7.301476784
0.76,0.88,40,7.3170890912
0.76,0.9,40,7.332194752
0.76,0.92,40,7.3480276032
0.76,0.94,40,7.3632033488
0.76,0.96,40,7.3782571104
0.76,0.98,40,7.3933019728
0.76,1,40,7.40706744
0.78,0,34,6.76389988
0.78,0.02,34,6.7668851408
0.78,0.04,34,6.7685080816
0.78,0.06,34,6.7690847032
0.78,0.08,35,6.7710368768
0.78,0.1,35,6.781405916
0.78,0.12,35,6.791988104
0.78,0.14,35,6.8021246904
0.78,0.16,35,6.813113832
0.78,0.18,35,6.8265617472
0.78,0.2,35,6.84040252
0.78,0.22,35,6.8540360424
0.78,0.24,36,6.8674376112
0.78,0.26,36,6.8812102776
0.78,0.28,36,6.8947740992
0.78,0.3,36,6.908547448
0.78,0.32,36,6.9229026816
0.78,0.34,36,6.9376517296
0.78,0.36,37,6.9524856864
0.78,0.38,37,6.9672605696
0.78,0.4,37,6.981632632
0.78,0.42,37,6.9966646424
0.78,0.44,37,7.01161068
0.78,0.46,37,7.0260925552
0.78,0.48,37,7.0411105216
0.78,0.5,38,7.0554495
0.78,0.52,38,7.0705052688
0.78,0.54,38,7.0859195544
0.78,0.56,38,7.1013121472
0.78,0.58,38,7.116248204
0.78,0.6,38,7.131192536
0.78,0.62,38,7.1466593384
0.78,0.64,38,7.161942136
0.78,0.66,39,7.1768436136
0.78,0.68,39,7.192497856
0.78,0.7,39,7.20738418
0.78,0.72,39,7.2227214048
0.78,0.74,39,7.2381059624
0.78,0.76,39,7.2535154992
0.78,0.78,39,7.2689590048
0.78,0.8,39,7.285008776
0.78,0.82,40,7.30036732
0.78,0.84,40,7.3157358928
0.78,0.86,40,7.33130678
0.78,0.88,40,7.3469870224
0.78,0.9,40,7.362200432
0.78,0.92,40,7.3778858672
0.78,0.94,40,7.3934104936
0.78,0.96,40,7.4085948432
0.78,0.98,40,7.4240292672
0.78,1,40,7.43617588
0.8,0,35,6.788534
0.8,0.02,35,6.792170272
0.8,0.04,35,6.79379752
0.8,0.06,35,6.794440296
0.8,0.08,35,6.796571328
0.8,0.1,35,6.80711576
0.8,0.12,35,6.817523536
0.8,0.14,35,6.827815184
0.8,0.16,35,6.83893304
0.8,0.18,35,6.85201872
0.8,0.2,36,6.86662224
0.8,0.22,36,6.880168744
0.8,0.24,36,6.89394216
0.8,0.26,36,6.907138688
0.8,0.28,36,6.921035408
0.8,0.3,36,6.93474044
0.8,0.32,37,6.949026672
0.8,0.34,37,6.964803776
0.8,0.36,37,6.978903648
0.8,0.38,37,6.994165664
0.8,0.4,37,7.00909488
0.8,0.42,37,7.023756216
0.8,0.44,37,7.038644928
0.8,0.46,38,7.053275024
0.8,0.48,38,7.068694704
0.8,0.5,38,7.0831646
0.8,0.52,38,7.098326672
0.8,0.54,38,7.113773064
0.8,0.56,38,7.12895192
0.8,0.58,38,7.144117992
0.8,0.6,38,7.159662
0.8,0.62,39,7.174831992
0.8,0.64,39,7.19018616
0.8,0.66,39,7.205698208
0.8,0.68,39,7.220970752
0.8,0.7,39,7.2360442
0.8,0.72,39,7.251763248
0.8,0.74,39,7.266922272
0.8,0.76,39,7.282836048
0.8,0.78,40,7.298282664
0.8,0.8,40,7.31428824
0.8,0.82,40,7.32982284
0.8,0.84,40,7.345343744
0.8,0.86,40,7.360936528
0.8,0.88,40,7.376703584
0.8,0.9,40,7.39210112
0.8,0.92,40,7.408242368
0.8,0.94,40,7.423942504
0.8,0.96,40,7.4390412
0.8,0.98,41,7.454469328
0.8,1,41,7.4670868
0.82,0,35,6.81289636
0.82,0.02,35,6.8167889616
0.82,0.04,35,6.818744304
0.82,0.06,35,6.8196595024
0.82,0.08,35,6.821906608
0.82,0.1,35,6.832681228
0.82,0.12,35,6.8431067728
0.82,0.14,35,6.8535124784
0.82,0.16,36,6.8642719632
0.82,0.18,36,6.8782924664
0.82,0.2,36,6.892401656
0.82,0.22,36,6.9063250384
0.82,0.24,36,6.9197967936
0.82,0.26,36,6.9336978768
0.82,0.28,36,6.9474468208
0.82,0.3,37,6.961328576
0.82,0.32,37,6.9760699856
0.82,0.34,37,6.9913247536
0.82,0.36,37,7.0062079744
0.82,0.38,37,7.020945392
0.82,0.4,37,7.035966672
0.82,0.42,37,7.0511657664
0.82,0.44,38,7.0660278384
0.82,0.46,38,7.0807312112
0.82,0.48,38,7.096035304
0.82,0.5,38,7.11084322
0.82,0.52,38,7.1260827088
0.82,0.54,38,7.1416449712
0.82,0.56,38,7.1568799296
0.82,0.58,39,7.172143716
0.82,0.6,39,7.187784248
0.82,0.62,39,7.2029582048
0.82,0.64,39,7.21871176
0.82,0.66,39,7.2338511552
0.82,0.68,39,7.249790968
0.82,0.7,39,7.264998764
0.82,0.72,39,7.2805834752
0.82,0.74,39,7.2962704368
0.82,0.76,40,7.311855496
0.82,0.78,40,7.3274724536
0.82,0.8,40,7.343675216
0.82,0.82,40,7.359419064
0.82,0.84,40,7.374978816
0.82,0.86,40,7.3907383512
0.82,0.88,40,7.406396624
0.82,0.9,40,7.422233156
0.82,0.92,40,7.4380395808
0.82,0.94,41,7.4542866016
0.82,0.96,41,7.4693294912
0.82,0.98,41,7.4849594208
0.82,1,41,7.49777924
0.84,0,35,6.8386756
0.84,0.02,35,6.8422531056
0.84,0.04,35,6.8443471168
0.84,0.06,35,6.8450606528
0.84,0.08,35,6.8474729856
0.84,0.1,36,6.858350952
0.84,0.12,36,6.8690028448
0.84,0.14,36,6.879315896
0.84,0.16,36,6.8902858464
0.84,0.18,36,6.9043516896
0.84,0.2,36,6.918427376
0.84,0.22,36,6.9321955152
0.84,0.24,36,6.9461322496
0.84,0.26,37,6.9601178688
0.84,0.28,37,6.973885488
0.84,0.3,37,6.987727096
0.84,0.32,37,7.0022738784
0.84,0.34,37,7.0178601232
0.84,0.36,37,7.0329672864
0.84,0.38,37,7.0479239552
0.84,0.4,38,7.062803072
0.84,0.42,38,7.07819484
0.84,0.44,38,7.0931264416
0.84,0.46,38,7.1078998192
0.84,0.48,38,7.123244848
0.84,0.5,38,7.1383868
0.84,0.52,38,7.1536823488
0.84,0.54,39,7.1692744464
0.84,0.56,39,7.1845642912
0.84,0.58,39,7.200392592
0.84,0.6,39,7.215651904
0.84,0.62,39,7.2312345376
0.84,0.64,39,7.2470353216
0.84,0.66,39,7.2625259472
0.84,0.68,39,7.2784161888
0.84,0.7,39,7.293857288
0.84,0.72,40,7.3094808224
0.84,0.74,40,7.3254170576
0.84,0.76,40,7.3409183168
0.84,0.78,40,7.3570669984
0.84,0.8,40,7.373017872
0.84,0.82,40,7.3888827616
0.84,0.84,40,7.4047627936
0.84,0.86,40,7.420816224
0.84,0.88,40,7.4363743616
0.84,0.9,41,7.45226948
0.84,0.92,41,7.4684406496
0.84,0.94,41,7.4848591248
0.84,0.96,41,7.5000837504
0.84,0.98,41,7.5153516944
0.84,1,41,7.52956368
0.86,0,36,6.86461772
0.86,0.02,36,6.8689749024
0.86,0.04,36,6.8706122048
0.86,0.06,36,6.87087108
0.86,0.08,36,6.873287552
0.86,0.1,36,6.884567388
0.86,0.12,36,6.8948944384
0.86,0.14,36,6.9053382048
0.86,0.16,36,6.9164277776
0.86,0.18,36,6.9306878984
0.86,0.2,36,6.94528164
0.86,0.22,37,6.9589583408
0.86,0.24,37,6.972853824
0.86,0.26,37,6.9865472448
0.86,0.28,37,7.0007555648
0.86,0.3,37,7.014718708
0.86,0.32,37,7.0293785344
0.86,0.34,37,7.0447642936
0.86,0.36,38,7.0599819568
0.86,0.38,38,7.0749596336
0.86,0.4,38,7.090588632
0.86,0.42,38,7.1058232024
0.86,0.44,38,7.1209284432
0.86,0.46,38,7.1361484352
0.86,0.48,38,7.1514944224
0.86,0.5,38,7.1662509
0.86,0.52,39,7.1817714976
0.86,0.54,39,7.1973436016
0.86,0.56,39,7.2130026544
0.86,0.58,39,7.2287506616
0.86,0.6,39,7.244406872
0.86,0.62,39,7.2600060952
0.86,0.64,39,7.2758298752
0.86,0.66,39,7.2914188232
0.86,0.68,40,7.3073943856
0.86,0.7,40,7.323164764
0.86,0.72,40,7.33856072
0.86,0.74,40,7.3544997384
0.86,0.76,40,7.3704773392
0.86,0.78,40,7.3865312536
0.86,0.8,40,7.402465832
0.86,0.82,40,7.4184166848
0.86,0.84,40,7.4342829264
0.86,0.86,41,7.4505288432
0.86,0.88,41,7.4664378384
0.86,0.9,41,7.482745688
0.86,0.92,41,7.498999288
0.86,0.94,41,7.514884252
0.86,0.96,41,7.5309773024
0.86,0.98,41,7.546053952
0.86,1,41,7.5610614
0.88,0,36,6.88967072
0.88,0.02,36,6.8950030224
0.88,0.04,36,6.8965351008
0.88,0.06,36,6.8967507776
0.88,0.08,36,6.8994394368
0.88,0.1,36,6.910463592
0.88,0.12,36,6.9210434528
0.88,0.14,36,6.9317250816
0.88,0.16,36,6.9431387296
0.88,0.18,37,6.956989432
0.88,0.2,37,6.97135048
0.88,0.22,37,6.9856400944
0.88,0.24,37,6.99967064
0.88,0.26,37,7.0133658576
0.88,0.28,37,7.027437312
0.88,0.3,37,7.041523248
0.88,0.32,38,7.0569192544
0.88,0.34,38,7.0718825248
0.88,0.36,38,7.0878841632
0.88,0.38,38,7.1031716704
0.88,0.4,38,7.118178384
0.88,0.42,38,7.1334811888
0.88,0.44,38,7.1486516608
0.88,0.46,38,7.1640485904
0.88,0.48,39,7.1796713952
0.88,0.5,39,7.19445224
0.88,0.52,39,7.2102869824
0.88,0.54,39,7.2261064512
0.88,0.56,39,7.2415252128
0.88,0.58,39,7.257454184
0.88,0.6,39,7.273401856
0.88,0.62,39,7.2890576272
0.88,0.64,40,7.3049366656
0.88,0.66,40,7.3205697168
0.88,0.68,40,7.3365959936
0.88,0.7,40,7.352403624
0.88,0.72,40,7.3684543232
0.88,0.74,40,7.3843183648
0.88,0.76,40,7.4002835296
0.88,0.78,40,7.4163731648
0.88,0.8,40,7.432572272
0.88,0.82,41,7.4486040416
0.88,0.84,41,7.4647235136
0.88,0.86,41,7.480947408
0.88,0.88,41,7.4970156992
0.88,0.9,41,7.513470936
0.88,0.92,41,7.5290331168
0.88,0.94,41,7.5452209584
0.88,0.96,41,7.5615085024
0.88,0.98,41,7.5767673488
0.88,1,41,7.5923336
0.9,0,36,6.9151762
0.9,0.02,36,6.920258632
0.9,0.04,36,6.921975056
0.9,0.06,36,6.922601252
0.9,0.08,36,6.925338928
0.9,0.1,36,6.9365337
0.9,0.12,36,6.947305112
0.9,0.14,37,6.957940336
0.9,0.16,37,6.96915032
0.9,0.18,37,6.983251264
0.9,0.2,37,6.99803792
0.9,0.22,37,7.012244028
0.9,0.24,37,7.026440016
0.9,0.26,37,7.0401646
0.9,0.28,38,7.054477336
0.9,0.3,38,7.06872572
0.9,0.32,38,7.083821496
0.9,0.34,38,7.099397852
0.9,0.36,38,7.114865376
0.9,0.38,38,7.130645288
0.9,0.4,38,7.1456602
0.9,0.42,38,7.161280736
0.9,0.44,39,7.17643764
0.9,0.46,39,7.19202812
0.9,0.48,39,7.207384688
0.9,0.5,39,7.2226762
0.9,0.52,39,7.238309408
0.9,0.54,39,7.254507584
0.9,0.56,39,7.270474904
0.9,0.58,39,7.286057536
0.9,0.6,40,7.30224712
0.9,0.62,40,7.318170776
0.9,0.64,40,7.33392936
0.9,0.66,40,7.349959616
0.9,0.68,40,7.365985344
0.9,0.7,40,7.38205352
0.9,0.72,40,7.397910144
0.9,0.74,40,7.414112468
0.9,0.76,40,7.430225544
0.9,0.78,41,7.446613252
0.9,0.8,41,7.4623748
0.9,0.82,41,7.478801628
0.9,0.84,41,7.495032776
0.9,0.86,41,7.51108108
0.9,0.88,41,7.527545704
0.9,0.9,41,7.5438121
0.9,0.92,41,7.560524904
0.9,0.94,41,7.57676422
0.9,0.96,41,7.59309616
0.9,0.98,42,7.608518548
0.9,1,42,7.6211652
0.92,0,36,6.94189264
0.92,0.02,36,6.9464071968
0.92,0.04,36,6.9478654208
0.92,0.06,36,6.9485447824
0.92,0.08,37,6.9513220288
0.92,0.1,37,6.962859392
0.92,0.12,37,6.9734771232
0.92,0.14,37,6.9838847824
0.92,0.16,37,6.9952111232
0.92,0.18,37,7.0104260304
0.92,0.2,37,7.024733552
0.92,0.22,37,7.038933824
0.92,0.24,38,7.053107488
0.92,0.26,38,7.0673480176
0.92,0.28,38,7.0816875968
0.92,0.3,38,7.095749688
0.92,0.32,38,7.1109077984
0.92,0.34,38,7.1266392896
0.92,0.36,38,7.1422377984
0.92,0.38,38,7.1580302048
0.92,0.4,39,7.173820688
0.92,0.42,39,7.1890130736
0.92,0.44,39,7.2041708512
0.92,0.46,39,7.2197031952
0.92,0.48,39,7.2355586272
0.92,0.5,39,7.25094228
0.92,0.52,39,7.2668607616
0.92,0.54,39,7.283051952
0.92,0.56,40,7.2992785792
0.92,0.58,40,7.3148203312
0.92,0.6,40,7.331062048
0.92,0.62,40,7.3471894736
0.92,0.64,40,7.3632120192
0.92,0.66,40,7.3793051472
0.92,0.68,40,7.3954883168
0.92,0.7,40,7.411312528
0.92,0.72,40,7.427594928
0.92,0.74,41,7.4442493808
0.92,0.76,41,7.46033504
0.92,0.78,41,7.476589936
0.92,0.8,41,7.492324544
0.92,0.82,41,7.5087515856
0.92,0.84,41,7.5252047552
0.92,0.86,41,7.541932912
0.92,0.88,41,7.5582693728
0.92,0.9,41,7.57501136
0.92,0.92,41,7.590811312
0.92,0.94,42,7.6076005888
0.92,0.96,42,7.623577088
0.92,0.98,42,7.640371104
0.92,1,42,7.65404528
0.94,0,37,6.96822036
0.94,0.02,37,6.9727976136
0.94,0.04,37,6.9745780912
0.94,0.06,37,6.9747804688
0.94,0.08,37,6.9777067392
0.94,0.1,37,6.989419176
0.94,0.12,37,7.000185176
0.94,0.14,37,7.0109092208
0.94,0.16,37,7.0220776096
0.94,0.18,37,7.0370005376
0.94,0.2,37,7.05169616
0.94,0.22,38,7.0661296712
0.94,0.24,38,7.0802734
0.94,0.26,38,7.094582332
0.94,0.28,38,7.1088142992
0.94,0.3,38,7.123416156
0.94,0.32,38,7.138440288
0.94,0.34,38,7.1543840312
0.94,0.36,39,7.170000632
0.94,0.38,39,7.1859309896
0.94,0.4,39,7.201411608
0.94,0.42,39,7.2170995872
0.94,0.44,39,7.23244744
0.94,0.46,39,7.247854744
0.94,0.48,39,7.2639321584
0.94,0.5,39,7.2795983
0.94,0.52,39,7.295791952
0.94,0.54,40,7.3117070144
0.94,0.56,40,7.3278931088
0.94,0.58,40,7.3438053968
0.94,0.6,40,7.3605286
0.94,0.62,40,7.3762446168
0.94,0.64,40,7.3926622352
0.94,0.66,40,7.4087698152
0.94,0.68,40,7.425357216
0.94,0.7,41,7.441310592
0.94,0.72,41,7.4572607296
0.94,0.74,41,7.4738100552
0.94,0.76,41,7.490225944
0.94,0.78,41,7.5060520072
0.94,0.8,41,7.522830536
0.94,0.82,41,7.5395244736
0.94,0.84,41,7.556236744
0.94,0.86,41,7.5729893008
0.94,0.88,41,7.5891878928
0.94,0.9,42,7.605389232
0.94,0.92,42,7.622273944
0.94,0.94,42,7.6392609264
0.94,0.96,42,7.656098296
0.94,0.98,42,7.6708249632
0.94,1,42,7.68675608
0.96,0,37,6.99322152
0.96,0.02,37,6.9989766704
0.96,0.04,37,7.0011886496
0.96,0.06,37,7.001267336
0.96,0.08,37,7.0037855424
0.96,0.1,37,7.015868792
0.96,0.12,37,7.0269576736
0.96,0.14,37,7.0376815568
0.96,0.16,37,7.0490099872
0.96,0.18,38,7.0640608352
0.96,0.2,38,7.079135664
0.96,0.22,38,7.0932856272
0.96,0.24,38,7.1078039072
0.96,0.26,38,7.1220894256
0.96,0.28,38,7.1367013184
0.96,0.3,38,7.151200928
0.96,0.32,38,7.1664190528
0.96,0.34,39,7.1827223856
0.96,0.36,39,7.198265824
0.96,0.38,39,7.2140236592
0.96,0.4,39,7.229155824
0.96,0.42,39,7.2450770576
0.96,0.44,39,7.2609643616
0.96,0.46,39,7.2767301568
0.96,0.48,39,7.292180208
0.96,0.5,40,7.30822156
0.96,0.52,40,7.3242020928
0.96,0.54,40,7.3404930224
0.96,0.56,40,7.3571538848
0.96,0.58,40,7.3729717776
0.96,0.6,40,7.389688976
0.96,0.62,40,7.4057633104
0.96,0.64,40,7.4221191872
0.96,0.66,40,7.4385636592
0.96,0.68,41,7.4547239904
0.96,0.7,41,7.471378064
0.96,0.72,41,7.4876329248
0.96,0.74,41,7.5043531232
0.96,0.76,41,7.5207692096
0.96,0.78,41,7.537339264
0.96,0.8,41,7.55406256
0.96,0.82,41,7.5708451232
0.96,0.84,41,7.5873314528
0.96,0.86,42,7.6036531584
0.96,0.88,42,7.6199705056
0.96,0.9,42,7.63706492
0.96,0.92,42,7.6539841088
0.96,0.94,42,7.6710574432
0.96,0.96,42,7.6870230496
0.96,0.98,42,7.7036694256
0.96,1,42,7.71989024
0.98,0,37,7.019724
0.98,0.02,37,7.0267605088
0.98,0.04,37,7.0277711184
0.98,0.06,37,7.0277559352
0.98,0.08,37,7.0307212784
0.98,0.1,37,7.043033112
0.98,0.12,38,7.053924576
0.98,0.14,38,7.0645490192
0.98,0.16,38,7.0760200624
0.98,0.18,38,7.0911395624
0.98,0.2,38,7.106078392
0.98,0.22,38,7.1206986488
0.98,0.24,38,7.1352754608
0.98,0.26,38,7.1498071272
0.98,0.28,38,7.1642464384
0.98,0.3,39,7.17891418
0.98,0.32,39,7.1938119808
0.98,0.34,39,7.2104386944
0.98,0.36,39,7.2260676272
0.98,0.38,39,7.2424532008
0.98,0.4,39,7.257918664
0.98,0.42,39,7.2738505488
0.98,0.44,39,7.2898081248
0.98,0.46,40,7.3057716072
0.98,0.48,40,7.3215271984
0.98,0.5,40,7.33733962
0.98,0.52,40,7.353758824
0.98,0.54,40,7.3699186088
0.98,0.56,40,7.3862095408
0.98,0.58,40,7.4023203928
0.98,0.6,40,7.419275008
0.98,0.62,40,7.4355223856
0.98,0.64,41,7.4519966752
0.98,0.66,41,7.4685145448
0.98,0.68,41,7.4842288064
0.98,0.7,41,7.501657116
0.98,0.72,41,7.5181403632
0.98,0.74,41,7.535044672
0.98,0.76,41,7.5512324272
0.98,0.78,41,7.5676901648
0.98,0.8,41,7.584849792
0.98,0.82,42,7.6011355752
0.98,0.84,42,7.6181160896
0.98,0.86,42,7.6351219808
0.98,0.88,42,7.6522907184
0.98,0.9,42,7.669668296
0.98,0.92,42,7.6866297888
0.98,0.94,42,7.7038559912
0.98,0.96,42,7.7200747744
0.98,0.98,42,7.7372044224
0.98,1,42,7.7543364
1,0,37,7.046036
1,0.02,37,7.05078488
1,0.04,37,7.04784216
1,0.06,37,7.04911024
1,0.08,38,7.05557352
1,0.1,38,7.067014
1,0.12,38,7.07686832
1,0.14,38,7.08837516
1,0.16,38,7.10058504
1,0.18,38,7.11522796
1,0.2,38,7.130482
1,0.22,38,7.14525268
1,0.24,38,7.159098
1,0.26,39,7.17386356
1,0.28,39,7.1891684
1,0.3,39,7.204499
1,0.32,39,7.22055968
1,0.34,39,7.23577524
1,0.36,39,7.25331952
1,0.38,39,7.26844548
1,0.4,39,7.2844608
1,0.42,40,7.30135544
1,0.44,40,7.31717264
1,0.46,40,7.3321276
1,0.48,40,7.34845928
1,0.5,40,7.365122
1,0.52,40,7.38228192
1,0.54,40,7.39859148
1,0.56,40,7.41431064
1,0.58,40,7.43115408
1,0.6,41,7.4481248
1,0.62,41,7.46508284
1,0.64,41,7.481858
1,0.66,41,7.498847
1,0.68,41,7.51574976
1,0.7,41,7.5326824
1,0.72,41,7.5484544
1,0.74,41,7.56562752
1,0.76,41,7.5827432
1,0.78,42,7.59932788
1,0.8,42,7.6166256
1,0.82,42,7.63388304
1,0.84,42,7.65121984
1,0.86,42,7.66854508
1,0.88,42,7.68586968
1,0.9,42,7.703166
1,0.92,42,7.72052488
1,0.94,42,7.73729932
1,0.96,42,7.75463288
1,0.98,42,7.77196644
1,1,43,7.7893
