"","belief_benef_low","belief_benef_high","max_invest","value_AM_infty"
"1",0,0,0,5.999926
"2",0,0.02,0,5.999935
"3",0,0.04,0,5.999944
"4",0,0.06,0,5.999953
"5",0,0.08,0,5.999962
"6",0,0.1,0,6.005159
"7",0,0.12,0,6.014448
"8",0,0.14,1,6.023737
"9",0,0.16,7,6.03304448
"10",0,0.18,4,6.04239804
"11",0,0.2,7,6.0540944
"12",0,0.22,9,6.06582844
"13",0,0.24,11,6.07756248
"14",0,0.26,13,6.08929652
"15",0,0.28,14,6.10103056
"16",0,0.3,15,6.1127692
"17",0,0.32,16,6.12451248
"18",0,0.34,17,6.13653852
"19",0,0.36,18,6.14897608
"20",0,0.38,19,6.16141364
"21",0,0.4,20,6.1738512
"22",0,0.42,21,6.18628924
"23",0,0.44,21,6.19872832
"24",0,0.46,22,6.21116788
"25",0,0.48,22,6.22360744
"26",0,0.5,23,6.236047
"27",0,0.52,23,6.24848656
"28",0,0.54,24,6.26099648
"29",0,0.56,24,6.27367472
"30",0,0.58,25,6.28635296
"31",0,0.6,25,6.2990312
"32",0,0.62,26,6.31170944
"33",0,0.64,26,6.32438768
"34",0,0.66,26,6.33706592
"35",0,0.68,27,6.34974416
"36",0,0.7,27,6.3624224
"37",0,0.72,28,6.37510064
"38",0,0.74,28,6.38777888
"39",0,0.76,28,6.40046512
"40",0,0.78,28,6.41317236
"41",0,0.8,29,6.4258956
"42",0,0.82,29,6.43871724
"43",0,0.84,29,6.45153888
"44",0,0.86,30,6.46436052
"45",0,0.88,30,6.47718792
"46",0,0.9,30,6.4900266
"47",0,0.92,30,6.50286528
"48",0,0.94,31,6.51570396
"49",0,0.96,31,6.52854264
"50",0,0.98,31,6.54138132
"51",0,1,31,6.55422
"52",0.02,0,0,5.999935
"53",0.02,0.02,0,5.99994274
"54",0.02,0.04,0,5.99995048
"55",0.02,0.06,0,5.99995822
"56",0.02,0.08,0,5.99996596
"57",0.02,0.1,0,6.005196228
"58",0.02,0.12,0,6.0144871776
"59",0.02,0.14,1,6.0237781272
"60",0.02,0.16,7,6.0330871936
"61",0.02,0.18,4,6.0424426528
"62",0.02,0.2,7,6.054153216
"63",0.02,0.22,9,6.0658892936
"64",0.02,0.24,11,6.0776253712
"65",0.02,0.26,13,6.0893614488
"66",0.02,0.28,14,6.1010975264
"67",0.02,0.3,15,6.112838064
"68",0.02,0.32,16,6.1245833616
"69",0.02,0.34,17,6.1366157232
"70",0.02,0.36,18,6.1490551728
"71",0.02,0.38,19,6.1614946224
"72",0.02,0.4,20,6.173934072
"73",0.02,0.42,21,6.1863739008
"74",0.02,0.44,21,6.1988147248
"75",0.02,0.46,22,6.2112561632
"76",0.02,0.48,22,6.2236976016
"77",0.02,0.5,23,6.23613904
"78",0.02,0.52,23,6.2485804784
"79",0.02,0.54,24,6.2610933512
"80",0.02,0.56,24,6.2737733568
"81",0.02,0.58,25,6.2864533624
"82",0.02,0.6,25,6.299133368
"83",0.02,0.62,26,6.3118133736
"84",0.02,0.64,26,6.3244933792
"85",0.02,0.66,26,6.3371733848
"86",0.02,0.68,27,6.3498533904
"87",0.02,0.7,27,6.362533396
"88",0.02,0.72,28,6.3752134016
"89",0.02,0.74,28,6.3878934072
"90",0.02,0.76,28,6.4005820992
"91",0.02,0.78,28,6.4132910976
"92",0.02,0.8,29,6.426016704
"93",0.02,0.82,29,6.4388393408
"94",0.02,0.84,29,6.4516626496
"95",0.02,0.86,30,6.4644859584
"96",0.02,0.88,30,6.4773141696
"97",0.02,0.9,30,6.490154488
"98",0.02,0.92,30,6.5029948064
"99",0.02,0.94,31,6.5158351248
"100",0.02,0.96,31,6.5286754432
"101",0.02,0.98,31,6.5415157616
"102",0.02,1,31,6.55435608
"103",0.04,0,0,5.999944
"104",0.04,0.02,0,5.99995048
"105",0.04,0.04,0,5.99995696
"106",0.04,0.06,0,5.99996344
"107",0.04,0.08,0,5.99996992
"108",0.04,0.1,0,6.005233456
"109",0.04,0.12,0,6.0145263552
"110",0.04,0.14,1,6.0238192544
"111",0.04,0.16,7,6.0331299072
"112",0.04,0.18,4,6.0424876064
"113",0.04,0.2,7,6.054212032
"114",0.04,0.22,9,6.0659501472
"115",0.04,0.24,11,6.0776882624
"116",0.04,0.26,13,6.0894263776
"117",0.04,0.28,14,6.1011644928
"118",0.04,0.3,15,6.112906928
"119",0.04,0.32,16,6.1246542432
"120",0.04,0.34,17,6.1366929264
"121",0.04,0.36,18,6.1491342656
"122",0.04,0.38,19,6.1615756048
"123",0.04,0.4,20,6.174016944
"124",0.04,0.42,21,6.1864585616
"125",0.04,0.44,21,6.1989011296
"126",0.04,0.46,22,6.2113444464
"127",0.04,0.48,22,6.2237877632
"128",0.04,0.5,23,6.23623108
"129",0.04,0.52,23,6.2486743968
"130",0.04,0.54,24,6.2611902224
"131",0.04,0.56,24,6.2738719936
"132",0.04,0.58,25,6.2865537648
"133",0.04,0.6,25,6.299235536
"134",0.04,0.62,26,6.3119173072
"135",0.04,0.64,26,6.3245990784
"136",0.04,0.66,26,6.3372808496
"137",0.04,0.68,27,6.3499626208
"138",0.04,0.7,27,6.362644392
"139",0.04,0.72,28,6.3753261632
"140",0.04,0.74,28,6.3880079344
"141",0.04,0.76,28,6.4006990784
"142",0.04,0.78,28,6.4134098352
"143",0.04,0.8,29,6.426137808
"144",0.04,0.82,29,6.4389614416
"145",0.04,0.84,29,6.4517864192
"146",0.04,0.86,30,6.4646113968
"147",0.04,0.88,30,6.4774404192
"148",0.04,0.9,30,6.490282376
"149",0.04,0.92,30,6.5031243328
"150",0.04,0.94,31,6.5159662896
"151",0.04,0.96,31,6.5288082464
"152",0.04,0.98,31,6.5416502032
"153",0.04,1,31,6.55449216
"154",0.06,0,0,5.999953
"155",0.06,0.02,0,5.99995822
"156",0.06,0.04,0,5.99996344
"157",0.06,0.06,0,5.99996866
"158",0.06,0.08,0,5.99997388
"159",0.06,0.1,0,6.005270684
"160",0.06,0.12,0,6.0145655328
"161",0.06,0.14,1,6.0238603816
"162",0.06,0.16,7,6.0331726208
"163",0.06,0.18,4,6.0425357448
"164",0.06,0.2,7,6.054271072
"165",0.06,0.22,9,6.0660110008
"166",0.06,0.24,11,6.0777511536
"167",0.06,0.26,13,6.0894913064
"168",0.06,0.28,14,6.1012314592
"169",0.06,0.3,15,6.112975792
"170",0.06,0.32,16,6.1247251248
"171",0.06,0.34,17,6.1367701304
"172",0.06,0.36,18,6.1492133584
"173",0.06,0.38,19,6.1616565872
"174",0.06,0.4,20,6.174099816
"175",0.06,0.42,21,6.1865432224
"176",0.06,0.44,21,6.1989875344
"177",0.06,0.46,22,6.2114327296
"178",0.06,0.48,22,6.2238779248
"179",0.06,0.5,23,6.23632312
"180",0.06,0.52,23,6.2487683152
"181",0.06,0.54,24,6.2612870936
"182",0.06,0.56,24,6.2739706304
"183",0.06,0.58,25,6.2866541672
"184",0.06,0.6,25,6.299337704
"185",0.06,0.62,26,6.3120212408
"186",0.06,0.64,26,6.3247047776
"187",0.06,0.66,26,6.3373883144
"188",0.06,0.68,27,6.3500718512
"189",0.06,0.7,27,6.362755388
"190",0.06,0.72,28,6.3754389248
"191",0.06,0.74,28,6.3881224616
"192",0.06,0.76,28,6.4008160576
"193",0.06,0.78,28,6.4135285728
"194",0.06,0.8,29,6.426259712
"195",0.06,0.82,29,6.439083616
"196",0.06,0.84,29,6.4519101888
"197",0.06,0.86,30,6.4647368352
"198",0.06,0.88,30,6.4775666688
"199",0.06,0.9,30,6.490410264
"200",0.06,0.92,30,6.5032538592
"201",0.06,0.94,31,6.5160974544
"202",0.06,0.96,31,6.5289410496
"203",0.06,0.98,31,6.5417846448
"204",0.06,1,31,6.55462824
"205",0.08,0,0,5.999962
"206",0.08,0.02,0,5.99996596
"207",0.08,0.04,0,5.99996992
"208",0.08,0.06,0,5.99997388
"209",0.08,0.08,0,5.99997784
"210",0.08,0.1,0,6.005307912
"211",0.08,0.12,0,6.0146047104
"212",0.08,0.14,1,6.0239015088
"213",0.08,0.16,7,6.0332153344
"214",0.08,0.18,4,6.0425930864
"215",0.08,0.2,7,6.054330496
"216",0.08,0.22,9,6.0660718544
"217",0.08,0.24,11,6.0778140448
"218",0.08,0.26,13,6.0895562352
"219",0.08,0.28,14,6.1012984256
"220",0.08,0.3,15,6.113044656
"221",0.08,0.32,16,6.1247960064
"222",0.08,0.34,17,6.1368473472
"223",0.08,0.36,18,6.1492924512
"224",0.08,0.38,19,6.1617375696
"225",0.08,0.4,20,6.174182688
"226",0.08,0.42,21,6.1866278832
"227",0.08,0.44,21,6.1990739392
"228",0.08,0.46,22,6.2115210128
"229",0.08,0.48,22,6.2239680864
"230",0.08,0.5,23,6.23641516
"231",0.08,0.52,23,6.2488622336
"232",0.08,0.54,24,6.2613839648
"233",0.08,0.56,24,6.2740692672
"234",0.08,0.58,25,6.2867545696
"235",0.08,0.6,25,6.299439872
"236",0.08,0.62,26,6.3121251744
"237",0.08,0.64,26,6.3248104768
"238",0.08,0.66,26,6.3374957792
"239",0.08,0.68,27,6.3501810816
"240",0.08,0.7,27,6.362866384
"241",0.08,0.72,28,6.3755516864
"242",0.08,0.74,28,6.3882369888
"243",0.08,0.76,28,6.4009330368
"244",0.08,0.78,28,6.4136473104
"245",0.08,0.8,29,6.426381616
"246",0.08,0.82,29,6.439206008
"247",0.08,0.84,29,6.4520339584
"248",0.08,0.86,30,6.4648622736
"249",0.08,0.88,30,6.4776929184
"250",0.08,0.9,30,6.490538152
"251",0.08,0.92,30,6.5033833856
"252",0.08,0.94,31,6.5162286192
"253",0.08,0.96,31,6.5290738528
"254",0.08,0.98,31,6.5419190864
"255",0.08,1,31,6.55476432
"256",0.1,0,0,6.0097236
"257",0.1,0.02,0,6.010011588
"258",0.1,0.04,0,6.010299576
"259",0.1,0.06,0,6.010587564
"260",0.1,0.08,0,6.010875552
"261",0.1,0.1,0,6.01542086
"262",0.1,0.12,2,6.024665112
"263",0.1,0.14,7,6.033909364
"264",0.1,0.16,4,6.043153616
"265",0.1,0.18,7,6.052397868
"266",0.1,0.2,9,6.0632288
"267",0.1,0.22,11,6.07475106
"268",0.1,0.24,12,6.08627332
"269",0.1,0.26,14,6.09779558
"270",0.1,0.28,15,6.10931784
"271",0.1,0.3,16,6.1208401
"272",0.1,0.32,17,6.132583736
"273",0.1,0.34,18,6.144578732
"274",0.1,0.36,19,6.156666808
"275",0.1,0.38,20,6.168842564
"276",0.1,0.4,20,6.18101832
"277",0.1,0.42,21,6.193194076
"278",0.1,0.44,22,6.205369832
"279",0.1,0.46,22,6.217545588
"280",0.1,0.48,23,6.229721344
"281",0.1,0.5,23,6.2418971
"282",0.1,0.52,24,6.254072856
"283",0.1,0.54,24,6.266273028
"284",0.1,0.56,25,6.278614192
"285",0.1,0.58,25,6.290955356
"286",0.1,0.6,25,6.30329652
"287",0.1,0.62,26,6.315637684
"288",0.1,0.64,26,6.327984056
"289",0.1,0.66,27,6.340398264
"290",0.1,0.68,27,6.35283288
"291",0.1,0.7,27,6.36527
"292",0.1,0.72,28,6.377715776
"293",0.1,0.74,28,6.390170092
"294",0.1,0.76,28,6.40263584
"295",0.1,0.78,28,6.41511912
"296",0.1,0.8,29,6.4276024
"297",0.1,0.82,29,6.44008568
"298",0.1,0.84,29,6.452644384
"299",0.1,0.86,30,6.465251936
"300",0.1,0.88,30,6.47786096
"301",0.1,0.9,30,6.49066604
"302",0.1,0.92,30,6.503512912
"303",0.1,0.94,31,6.516359784
"304",0.1,0.96,31,6.529206656
"305",0.1,0.98,31,6.542053528
"306",0.1,1,31,6.5549004
"307",0.12,0,1,6.02341992
"308",0.12,0.02,1,6.0237596736
"309",0.12,0.04,1,6.0240994272
"310",0.12,0.06,2,6.0244391808
"311",0.12,0.08,2,6.0247789344
"312",0.12,0.1,5,6.029147552
"313",0.12,0.12,3,6.0384217984
"314",0.12,0.14,5,6.0476960448
"315",0.12,0.16,8,6.0569702912
"316",0.12,0.18,10,6.0666769504
"317",0.12,0.2,11,6.077595008
"318",0.12,0.22,13,6.089171088
"319",0.12,0.24,14,6.100756256
"320",0.12,0.26,15,6.112341424
"321",0.12,0.28,16,6.123926592
"322",0.12,0.3,17,6.13551176
"323",0.12,0.32,18,6.1473758912
"324",0.12,0.34,19,6.1594323744
"325",0.12,0.36,20,6.1715820416
"326",0.12,0.38,20,6.1838200528
"327",0.12,0.4,21,6.196058064
"328",0.12,0.42,22,6.2082960752
"329",0.12,0.44,22,6.2205340864
"330",0.12,0.46,23,6.2327720976
"331",0.12,0.48,23,6.2450101088
"332",0.12,0.5,24,6.25724812
"333",0.12,0.52,24,6.2694861312
"334",0.12,0.54,25,6.2817241424
"335",0.12,0.56,25,6.2941119264
"336",0.12,0.58,26,6.3065189552
"337",0.12,0.6,26,6.318925984
"338",0.12,0.62,26,6.3313330128
"339",0.12,0.64,27,6.3437489952
"340",0.12,0.66,27,6.3562293488
"341",0.12,0.68,27,6.368716512
"342",0.12,0.7,28,6.38122064
"343",0.12,0.72,28,6.393724768
"344",0.12,0.74,28,6.406228896
"345",0.12,0.76,29,6.418733024
"346",0.12,0.78,29,6.431237152
"347",0.12,0.8,29,6.44374128
"348",0.12,0.82,29,6.456245408
"349",0.12,0.84,30,6.4688248128
"350",0.12,0.86,30,6.4814571712
"351",0.12,0.88,30,6.4940895296
"352",0.12,0.9,30,6.506721888
"353",0.12,0.92,31,6.5193542464
"354",0.12,0.94,31,6.5319866048
"355",0.12,0.96,31,6.5446189632
"356",0.12,0.98,31,6.5572513216
"357",0.12,1,32,6.56988368
"358",0.14,0,2,6.03711624
"359",0.14,0.02,2,6.0375077592
"360",0.14,0.04,2,6.0378992784
"361",0.14,0.06,3,6.0382907976
"362",0.14,0.08,3,6.0386823168
"363",0.14,0.1,4,6.042874244
"364",0.14,0.12,7,6.0521784848
"365",0.14,0.14,9,6.0614827256
"366",0.14,0.16,10,6.0709784656
"367",0.14,0.18,12,6.0809858088
"368",0.14,0.2,13,6.092223776
"369",0.14,0.22,14,6.1038570456
"370",0.14,0.24,16,6.1154916464
"371",0.14,0.26,17,6.1271385736
"372",0.14,0.28,18,6.1387855008
"373",0.14,0.3,18,6.150432428
"374",0.14,0.32,19,6.1621680464
"375",0.14,0.34,20,6.1742860168
"376",0.14,0.36,21,6.1864972752
"377",0.14,0.38,21,6.1987975416
"378",0.14,0.4,22,6.211097808
"379",0.14,0.42,22,6.2233980744
"380",0.14,0.44,23,6.2356983408
"381",0.14,0.46,23,6.2479986072
"382",0.14,0.48,24,6.2602988736
"383",0.14,0.5,24,6.27259914
"384",0.14,0.52,25,6.2848994064
"385",0.14,0.54,25,6.2971996728
"386",0.14,0.56,26,6.3096096608
"387",0.14,0.58,26,6.3220825544
"388",0.14,0.6,26,6.334555448
"389",0.14,0.62,27,6.3470283416
"390",0.14,0.64,27,6.3595139344
"391",0.14,0.66,27,6.3720604336
"392",0.14,0.68,28,6.3846069328
"393",0.14,0.7,28,6.39717128
"394",0.14,0.72,28,6.409742416
"395",0.14,0.74,29,6.422313552
"396",0.14,0.76,29,6.434884688
"397",0.14,0.78,29,6.447455824
"398",0.14,0.8,30,6.46002696
"399",0.14,0.82,30,6.472598096
"400",0.14,0.84,30,6.4852443616
"401",0.14,0.86,30,6.4979476864
"402",0.14,0.88,31,6.5106510112
"403",0.14,0.9,31,6.523354336
"404",0.14,0.92,31,6.5360576608
"405",0.14,0.94,31,6.5487609856
"406",0.14,0.96,31,6.5614643104
"407",0.14,0.98,32,6.5741676352
"408",0.14,1,32,6.58687096
"409",0.16,0,6,6.05081256
"410",0.16,0.02,6,6.0512558448
"411",0.16,0.04,6,6.0516991296
"412",0.16,0.06,7,6.0521424144
"413",0.16,0.08,7,6.0525856992
"414",0.16,0.1,8,6.056600936
"415",0.16,0.12,9,6.0659351712
"416",0.16,0.14,11,6.0752694064
"417",0.16,0.16,12,6.0852314464
"418",0.16,0.18,14,6.0952946672
"419",0.16,0.2,15,6.106852544
"420",0.16,0.22,16,6.1185448464
"421",0.16,0.24,17,6.1302374816
"422",0.16,0.26,18,6.1419431984
"423",0.16,0.28,19,6.1536489152
"424",0.16,0.3,19,6.165354632
"425",0.16,0.32,20,6.1770603488
"426",0.16,0.34,21,6.1891396592
"427",0.16,0.36,21,6.2014125088
"428",0.16,0.38,22,6.2137750304
"429",0.16,0.4,22,6.226137552
"430",0.16,0.42,23,6.2385000736
"431",0.16,0.44,24,6.2508625952
"432",0.16,0.46,24,6.2632251168
"433",0.16,0.48,24,6.2755876384
"434",0.16,0.5,25,6.28795016
"435",0.16,0.52,25,6.3003126816
"436",0.16,0.54,26,6.3126752032
"437",0.16,0.56,26,6.3251073952
"438",0.16,0.58,26,6.3376461536
"439",0.16,0.6,27,6.350184912
"440",0.16,0.62,27,6.3627236704
"441",0.16,0.64,28,6.3752788736
"442",0.16,0.66,28,6.3878915184
"443",0.16,0.68,28,6.4005041632
"444",0.16,0.7,28,6.41312192
"445",0.16,0.72,29,6.425760064
"446",0.16,0.74,29,6.438398208
"447",0.16,0.76,29,6.451036352
"448",0.16,0.78,30,6.463674496
"449",0.16,0.8,30,6.47631264
"450",0.16,0.82,30,6.488950784
"451",0.16,0.84,30,6.5016639104
"452",0.16,0.86,31,6.5144382016
"453",0.16,0.88,31,6.5272124928
"454",0.16,0.9,31,6.539986784
"455",0.16,0.92,31,6.5527610752
"456",0.16,0.94,32,6.5655353664
"457",0.16,0.96,32,6.5783096576
"458",0.16,0.98,32,6.5910839488
"459",0.16,1,32,6.60385824
"460",0.18,0,9,6.0656084
"461",0.18,0.02,9,6.0662416936
"462",0.18,0.04,10,6.0668749872
"463",0.18,0.06,10,6.0675082808
"464",0.18,0.08,10,6.0681415744
"465",0.18,0.1,10,6.072242028
"466",0.18,0.12,12,6.0815288816
"467",0.18,0.14,13,6.0911249768
"468",0.18,0.16,14,6.1011666992
"469",0.18,0.18,15,6.1112084216
"470",0.18,0.2,16,6.122075936
"471",0.18,0.22,17,6.1338224296
"472",0.18,0.24,18,6.1455689232
"473",0.18,0.26,19,6.1573154168
"474",0.18,0.28,20,6.1690619104
"475",0.18,0.3,20,6.180808404
"476",0.18,0.32,21,6.1925548976
"477",0.18,0.34,21,6.2043013912
"478",0.18,0.36,22,6.2163277424
"479",0.18,0.38,23,6.2287525192
"480",0.18,0.4,23,6.241177296
"481",0.18,0.42,24,6.2536020728
"482",0.18,0.44,24,6.2660268496
"483",0.18,0.46,25,6.2784516264
"484",0.18,0.48,25,6.2908764032
"485",0.18,0.5,25,6.30330118
"486",0.18,0.52,26,6.3157259568
"487",0.18,0.54,26,6.3281507336
"488",0.18,0.56,27,6.3406051296
"489",0.18,0.58,27,6.3532097528
"490",0.18,0.6,27,6.365814376
"491",0.18,0.62,28,6.3784189992
"492",0.18,0.64,28,6.3910438128
"493",0.18,0.66,28,6.4037226032
"494",0.18,0.68,29,6.4164013936
"495",0.18,0.7,29,6.429080184
"496",0.18,0.72,29,6.441777712
"497",0.18,0.74,29,6.454482864
"498",0.18,0.76,30,6.467188016
"499",0.18,0.78,30,6.479893168
"500",0.18,0.8,30,6.49259832
"501",0.18,0.82,30,6.505303472
"502",0.18,0.84,31,6.5180834592
"503",0.18,0.86,31,6.5309287168
"504",0.18,0.88,31,6.5437739744
"505",0.18,0.9,31,6.556619232
"506",0.18,0.92,32,6.5694644896
"507",0.18,0.94,32,6.5823097472
"508",0.18,0.96,32,6.5951550048
"509",0.18,0.98,32,6.6080002624
"510",0.18,1,32,6.62084552
"511",0.2,0,12,6.0838784
"512",0.2,0.02,12,6.084843512
"513",0.2,0.04,12,6.085808624
"514",0.2,0.06,13,6.086773736
"515",0.2,0.08,13,6.087738848
"516",0.2,0.1,13,6.09189276
"517",0.2,0.12,14,6.100186144
"518",0.2,0.14,15,6.110246432
"519",0.2,0.16,16,6.120367808
"520",0.2,0.18,17,6.130489184
"521",0.2,0.2,18,6.14061056
"522",0.2,0.22,18,6.151915264
"523",0.2,0.24,19,6.163607808
"524",0.2,0.26,20,6.175307392
"525",0.2,0.28,21,6.187006976
"526",0.2,0.3,21,6.19907904
"527",0.2,0.32,22,6.211226816
"528",0.2,0.34,22,6.223374592
"529",0.2,0.36,23,6.235615968
"530",0.2,0.38,23,6.247948344
"531",0.2,0.4,24,6.26028072
"532",0.2,0.42,24,6.272613096
"533",0.2,0.44,25,6.284945472
"534",0.2,0.46,25,6.297277848
"535",0.2,0.48,26,6.309610224
"536",0.2,0.5,26,6.3219426
"537",0.2,0.52,26,6.334274976
"538",0.2,0.54,27,6.346607352
"539",0.2,0.56,27,6.358939728
"540",0.2,0.58,27,6.371373432
"541",0.2,0.6,28,6.38395224
"542",0.2,0.62,28,6.396531048
"543",0.2,0.64,28,6.409109856
"544",0.2,0.66,29,6.421688664
"545",0.2,0.68,29,6.434267472
"546",0.2,0.7,29,6.44684628
"547",0.2,0.72,29,6.459425088
"548",0.2,0.74,30,6.472003896
"549",0.2,0.76,30,6.484582704
"550",0.2,0.78,30,6.497161512
"551",0.2,0.8,30,6.50974032
"552",0.2,0.82,31,6.522319128
"553",0.2,0.84,31,6.534897936
"554",0.2,0.86,31,6.547476744
"555",0.2,0.88,31,6.560335456
"556",0.2,0.9,32,6.57325168
"557",0.2,0.92,32,6.586167904
"558",0.2,0.94,32,6.599084128
"559",0.2,0.96,32,6.612000352
"560",0.2,0.98,32,6.624916576
"561",0.2,1,33,6.6378328
"562",0.22,0,14,6.10340404
"563",0.22,0.02,15,6.1044460952
"564",0.22,0.04,15,6.1054881504
"565",0.22,0.06,15,6.1065302056
"566",0.22,0.08,15,6.1077020592
"567",0.22,0.1,15,6.112089596
"568",0.22,0.12,16,6.1206138992
"569",0.22,0.14,17,6.1302790224
"570",0.22,0.16,18,6.1399441456
"571",0.22,0.18,18,6.1497699464
"572",0.22,0.2,19,6.159970976
"573",0.22,0.22,20,6.1716162424
"574",0.22,0.24,20,6.1833772208
"575",0.22,0.26,21,6.1951492608
"576",0.22,0.28,22,6.2071084624
"577",0.22,0.3,22,6.219286672
"578",0.22,0.32,23,6.2317208368
"579",0.22,0.34,23,6.2441550016
"580",0.22,0.36,24,6.2565891664
"581",0.22,0.38,24,6.2690233312
"582",0.22,0.4,25,6.281457496
"583",0.22,0.42,25,6.2938916608
"584",0.22,0.44,26,6.3063258256
"585",0.22,0.46,26,6.3187599904
"586",0.22,0.48,26,6.3311941552
"587",0.22,0.5,27,6.34362832
"588",0.22,0.52,27,6.3560624848
"589",0.22,0.54,27,6.3684966496
"590",0.22,0.56,28,6.3809550096
"591",0.22,0.58,28,6.3934725152
"592",0.22,0.6,28,6.406148664
"593",0.22,0.62,29,6.4188248128
"594",0.22,0.64,29,6.4315009616
"595",0.22,0.66,29,6.4441771104
"596",0.22,0.68,29,6.4568532592
"597",0.22,0.7,30,6.469529408
"598",0.22,0.72,30,6.4822055568
"599",0.22,0.74,30,6.4948817056
"600",0.22,0.76,30,6.5075578544
"601",0.22,0.78,31,6.5202340032
"602",0.22,0.8,31,6.532910152
"603",0.22,0.82,31,6.5455863008
"604",0.22,0.84,31,6.5582624496
"605",0.22,0.86,32,6.5709385984
"606",0.22,0.88,32,6.583740552
"607",0.22,0.9,32,6.59656424
"608",0.22,0.92,32,6.609387928
"609",0.22,0.94,32,6.622211616
"610",0.22,0.96,33,6.635035304
"611",0.22,0.98,33,6.647858992
"612",0.22,1,33,6.66068268
"613",0.24,0,16,6.12292968
"614",0.24,0.02,16,6.1240486784
"615",0.24,0.04,16,6.1251676768
"616",0.24,0.06,17,6.1265650048
"617",0.24,0.08,17,6.1279845664
"618",0.24,0.1,17,6.132286432
"619",0.24,0.12,18,6.1412216864
"620",0.24,0.14,18,6.1509681808
"621",0.24,0.16,19,6.1607146752
"622",0.24,0.18,20,6.1704611696
"623",0.24,0.2,20,6.180798992
"624",0.24,0.22,21,6.1926363312
"625",0.24,0.24,21,6.2044736704
"626",0.24,0.26,22,6.2163110096
"627",0.24,0.28,23,6.2281483488
"628",0.24,0.3,23,6.240195688
"629",0.24,0.32,24,6.2527005856
"630",0.24,0.34,24,6.2652263472
"631",0.24,0.36,25,6.2777521088
"632",0.24,0.38,25,6.2902778704
"633",0.24,0.4,25,6.302803632
"634",0.24,0.42,26,6.3153293936
"635",0.24,0.44,26,6.3278551552
"636",0.24,0.46,27,6.3403809168
"637",0.24,0.48,27,6.3529066784
"638",0.24,0.5,27,6.36543244
"639",0.24,0.52,28,6.3779582016
"640",0.24,0.54,28,6.3904839632
"641",0.24,0.56,28,6.4030208032
"642",0.24,0.58,29,6.4156136976
"643",0.24,0.6,29,6.428345088
"644",0.24,0.62,29,6.4411185776
"645",0.24,0.64,29,6.4538920672
"646",0.24,0.66,30,6.4666655568
"647",0.24,0.68,30,6.4794390464
"648",0.24,0.7,30,6.492212536
"649",0.24,0.72,30,6.5049860256
"650",0.24,0.74,31,6.5177595152
"651",0.24,0.76,31,6.5305330048
"652",0.24,0.78,31,6.5433064944
"653",0.24,0.8,31,6.556079984
"654",0.24,0.82,32,6.5688534736
"655",0.24,0.84,32,6.5816269632
"656",0.24,0.86,32,6.5944004528
"657",0.24,0.88,32,6.607304784
"658",0.24,0.9,32,6.62023108
"659",0.24,0.92,33,6.633157376
"660",0.24,0.94,33,6.646083672
"661",0.24,0.96,33,6.659009968
"662",0.24,0.98,33,6.671936264
"663",0.24,1,33,6.68486256
"664",0.26,0,18,6.14255268
"665",0.26,0.02,18,6.1437247784
"666",0.26,0.04,18,6.1452388768
"667",0.26,0.06,18,6.1467529752
"668",0.26,0.08,18,6.1482670736
"669",0.26,0.1,18,6.152483268
"670",0.26,0.12,19,6.1618294736
"671",0.26,0.14,20,6.1716573392
"672",0.26,0.16,20,6.1814852048
"673",0.26,0.18,21,6.1913130704
"674",0.26,0.2,21,6.201928408
"675",0.26,0.22,22,6.2138521088
"676",0.26,0.24,22,6.2257758096
"677",0.26,0.26,23,6.2376995104
"678",0.26,0.28,23,6.2496232112
"679",0.26,0.3,24,6.261546912
"680",0.26,0.32,24,6.2736916624
"681",0.26,0.34,25,6.2862976928
"682",0.26,0.36,25,6.2989150512
"683",0.26,0.38,26,6.3115324096
"684",0.26,0.4,26,6.324149768
"685",0.26,0.42,26,6.3367671264
"686",0.26,0.44,27,6.3493844848
"687",0.26,0.46,27,6.3620018432
"688",0.26,0.48,27,6.3746192016
"689",0.26,0.5,28,6.38723656
"690",0.26,0.52,28,6.3998539184
"691",0.26,0.54,28,6.4124712768
"692",0.26,0.56,29,6.4250886352
"693",0.26,0.58,29,6.4377725024
"694",0.26,0.6,29,6.450541512
"695",0.26,0.62,30,6.4634123424
"696",0.26,0.64,30,6.4762831728
"697",0.26,0.66,30,6.4891540032
"698",0.26,0.68,30,6.5020248336
"699",0.26,0.7,31,6.514895664
"700",0.26,0.72,31,6.5277664944
"701",0.26,0.74,31,6.5406373248
"702",0.26,0.76,31,6.5535081552
"703",0.26,0.78,32,6.5663789856
"704",0.26,0.8,32,6.579249816
"705",0.26,0.82,32,6.5921206464
"706",0.26,0.84,32,6.6049914768
"707",0.26,0.86,32,6.6178623072
"708",0.26,0.88,33,6.630869016
"709",0.26,0.9,33,6.64389792
"710",0.26,0.92,33,6.656926824
"711",0.26,0.94,33,6.669955728
"712",0.26,0.96,33,6.682984632
"713",0.26,0.98,34,6.696013536
"714",0.26,1,34,6.70904244
"715",0.28,0,19,6.16257512
"716",0.28,0.02,19,6.1640053632
"717",0.28,0.04,19,6.1654356064
"718",0.28,0.06,19,6.1669409456
"719",0.28,0.08,20,6.1685495808
"720",0.28,0.1,20,6.172680104
"721",0.28,0.12,20,6.1824372608
"722",0.28,0.14,21,6.1923464976
"723",0.28,0.16,21,6.2022557344
"724",0.28,0.18,22,6.2121649712
"725",0.28,0.2,22,6.223057824
"726",0.28,0.22,23,6.2350678864
"727",0.28,0.24,23,6.2470779488
"728",0.28,0.26,24,6.2590880112
"729",0.28,0.28,24,6.271104832
"730",0.28,0.3,25,6.283137
"731",0.28,0.32,25,6.295169168
"732",0.28,0.34,26,6.3075980464
"733",0.28,0.36,26,6.3200933056
"734",0.28,0.38,26,6.3327869488
"735",0.28,0.4,27,6.345495904
"736",0.28,0.42,27,6.3582048592
"737",0.28,0.44,27,6.3709138144
"738",0.28,0.46,28,6.3836227696
"739",0.28,0.48,28,6.3963317248
"740",0.28,0.5,28,6.40904068
"741",0.28,0.52,29,6.4217496352
"742",0.28,0.54,29,6.4344585904
"743",0.28,0.56,29,6.4471675456
"744",0.28,0.58,29,6.4599313072
"745",0.28,0.6,30,6.472737936
"746",0.28,0.62,30,6.4857061072
"747",0.28,0.64,30,6.4986742784
"748",0.28,0.66,31,6.5116424496
"749",0.28,0.68,31,6.5246106208
"750",0.28,0.7,31,6.537578792
"751",0.28,0.72,31,6.5505469632
"752",0.28,0.74,31,6.5635151344
"753",0.28,0.76,32,6.5764833056
"754",0.28,0.78,32,6.5894514768
"755",0.28,0.8,32,6.602419648
"756",0.28,0.82,32,6.6153878192
"757",0.28,0.84,33,6.6283559904
"758",0.28,0.86,33,6.6413241616
"759",0.28,0.88,33,6.654433248
"760",0.28,0.9,33,6.66756476
"761",0.28,0.92,33,6.680696272
"762",0.28,0.94,33,6.693827784
"763",0.28,0.96,34,6.706959296
"764",0.28,0.98,34,6.720090808
"765",0.28,1,34,6.73322232
"766",0.3,0,20,6.1828422
"767",0.3,0.02,20,6.184364372
"768",0.3,0.04,21,6.185886544
"769",0.3,0.06,21,6.187408716
"770",0.3,0.08,21,6.188930888
"771",0.3,0.1,21,6.19305444
"772",0.3,0.12,21,6.203045048
"773",0.3,0.14,22,6.213035656
"774",0.3,0.16,22,6.223026264
"775",0.3,0.18,23,6.233016872
"776",0.3,0.2,23,6.2443738
"777",0.3,0.22,24,6.256486
"778",0.3,0.24,24,6.2685982
"779",0.3,0.26,25,6.2807104
"780",0.3,0.28,25,6.2928226
"781",0.3,0.3,25,6.3049348
"782",0.3,0.32,26,6.317047
"783",0.3,0.34,26,6.3291592
"784",0.3,0.36,27,6.341683976
"785",0.3,0.38,27,6.35428908
"786",0.3,0.4,27,6.36709
"787",0.3,0.42,28,6.37989092
"788",0.3,0.44,28,6.39269184
"789",0.3,0.46,28,6.40549276
"790",0.3,0.48,29,6.41829368
"791",0.3,0.5,29,6.4310946
"792",0.3,0.52,29,6.44389552
"793",0.3,0.54,29,6.45669644
"794",0.3,0.56,30,6.46949736
"795",0.3,0.58,30,6.48229828
"796",0.3,0.6,30,6.4950992
"797",0.3,0.62,30,6.508066024
"798",0.3,0.64,31,6.521065384
"799",0.3,0.66,31,6.534130896
"800",0.3,0.68,31,6.547196408
"801",0.3,0.7,31,6.56026192
"802",0.3,0.72,32,6.573327432
"803",0.3,0.74,32,6.586392944
"804",0.3,0.76,32,6.599458456
"805",0.3,0.78,32,6.612523968
"806",0.3,0.8,32,6.62558948
"807",0.3,0.82,33,6.638654992
"808",0.3,0.84,33,6.651720504
"809",0.3,0.86,33,6.664786016
"810",0.3,0.88,33,6.67799748
"811",0.3,0.9,33,6.6912316
"812",0.3,0.92,34,6.70446572
"813",0.3,0.94,34,6.71769984
"814",0.3,0.96,34,6.73093396
"815",0.3,0.98,34,6.74416808
"816",0.3,1,34,6.7574022
"817",0.32,0,21,6.20310928
"818",0.32,0.02,21,6.2047233808
"819",0.32,0.04,22,6.2063374816
"820",0.32,0.06,22,6.2079515824
"821",0.32,0.08,22,6.2095656832
"822",0.32,0.1,22,6.213894648
"823",0.32,0.12,22,6.2239234016
"824",0.32,0.14,23,6.2339521552
"825",0.32,0.16,23,6.2439809088
"826",0.32,0.18,24,6.2540096624
"827",0.32,0.2,24,6.26577144
"828",0.32,0.22,25,6.277963672
"829",0.32,0.24,25,6.290155904
"830",0.32,0.26,25,6.302348136
"831",0.32,0.28,26,6.314540368
"832",0.32,0.3,26,6.3267326
"833",0.32,0.32,27,6.338924832
"834",0.32,0.34,27,6.351117064
"835",0.32,0.36,27,6.363309296
"836",0.32,0.38,28,6.3760486448
"837",0.32,0.4,28,6.388853584
"838",0.32,0.42,28,6.401682128
"839",0.32,0.44,28,6.414571056
"840",0.32,0.46,29,6.427459984
"841",0.32,0.48,29,6.440348912
"842",0.32,0.5,29,6.45323784
"843",0.32,0.52,30,6.466126768
"844",0.32,0.54,30,6.479015696
"845",0.32,0.56,30,6.491904624
"846",0.32,0.58,30,6.504793552
"847",0.32,0.6,31,6.51768248
"848",0.32,0.62,31,6.5306862496
"849",0.32,0.64,31,6.5437730912
"850",0.32,0.66,31,6.5568599328
"851",0.32,0.68,32,6.5699467744
"852",0.32,0.7,32,6.583033616
"853",0.32,0.72,32,6.5961204576
"854",0.32,0.74,32,6.6092707536
"855",0.32,0.76,32,6.6224336064
"856",0.32,0.78,33,6.6355964592
"857",0.32,0.8,33,6.648759312
"858",0.32,0.82,33,6.6619221648
"859",0.32,0.84,33,6.6750850176
"860",0.32,0.86,33,6.6882478704
"861",0.32,0.88,34,6.701561712
"862",0.32,0.9,34,6.71489844
"863",0.32,0.92,34,6.728235168
"864",0.32,0.94,34,6.741571896
"865",0.32,0.96,34,6.754908624
"866",0.32,0.98,34,6.768245352
"867",0.32,1,35,6.78158208
"868",0.34,0,22,6.22502308
"869",0.34,0.02,23,6.2267988856
"870",0.34,0.04,23,6.2285746912
"871",0.34,0.06,23,6.2303504968
"872",0.34,0.08,23,6.2321263024
"873",0.34,0.1,23,6.236703176
"874",0.34,0.12,23,6.2468254992
"875",0.34,0.14,24,6.2569478224
"876",0.34,0.16,24,6.2670701456
"877",0.34,0.18,25,6.2771924688
"878",0.34,0.2,25,6.287467704
"879",0.34,0.22,25,6.299441344
"880",0.34,0.24,26,6.311713608
"881",0.34,0.26,26,6.323985872
"882",0.34,0.28,26,6.336258136
"883",0.34,0.3,27,6.3485304
"884",0.34,0.32,27,6.360802664
"885",0.34,0.34,27,6.373074928
"886",0.34,0.36,28,6.3854177824
"887",0.34,0.38,28,6.3980297848
"888",0.34,0.4,28,6.410813064
"889",0.34,0.42,29,6.4236264584
"890",0.34,0.44,29,6.4365233088
"891",0.34,0.46,29,6.449427208
"892",0.34,0.48,30,6.462404144
"893",0.34,0.5,30,6.47538108
"894",0.34,0.52,30,6.488358016
"895",0.34,0.54,30,6.501334952
"896",0.34,0.56,31,6.514311888
"897",0.34,0.58,31,6.527288824
"898",0.34,0.6,31,6.54026576
"899",0.34,0.62,31,6.5533064752
"900",0.34,0.64,32,6.5664856544
"901",0.34,0.66,32,6.5796648336
"902",0.34,0.68,32,6.5928440128
"903",0.34,0.7,32,6.606023192
"904",0.34,0.72,32,6.6192023712
"905",0.34,0.74,33,6.6323815504
"906",0.34,0.76,33,6.6455607296
"907",0.34,0.78,33,6.6587399088
"908",0.34,0.8,33,6.671929144
"909",0.34,0.82,33,6.6851893376
"910",0.34,0.84,34,6.6984495312
"911",0.34,0.86,34,6.7117097248
"912",0.34,0.88,34,6.725125944
"913",0.34,0.9,34,6.73856528
"914",0.34,0.92,34,6.752004616
"915",0.34,0.94,34,6.765443952
"916",0.34,0.96,35,6.778883288
"917",0.34,0.98,35,6.792322624
"918",0.34,1,35,6.80576196
"919",0.36,0,23,6.24723832
"920",0.36,0.02,23,6.2491109024
"921",0.36,0.04,24,6.2509834848
"922",0.36,0.06,24,6.2528560672
"923",0.36,0.08,24,6.2547286496
"924",0.36,0.1,24,6.259511704
"925",0.36,0.12,24,6.2697275968
"926",0.36,0.14,25,6.2799434896
"927",0.36,0.16,25,6.2901593824
"928",0.36,0.18,25,6.3003752752
"929",0.36,0.2,26,6.310684416
"930",0.36,0.22,26,6.3222486992
"931",0.36,0.24,26,6.3345109664
"932",0.36,0.26,27,6.3467732336
"933",0.36,0.28,27,6.3590355008
"934",0.36,0.3,27,6.371297768
"935",0.36,0.32,28,6.3836560096
"936",0.36,0.34,28,6.3964491456
"937",0.36,0.36,28,6.4093389824
"938",0.36,0.38,29,6.4222288192
"939",0.36,0.4,29,6.435118656
"940",0.36,0.42,29,6.4480084928
"941",0.36,0.44,30,6.4608983296
"942",0.36,0.46,30,6.4737881664
"943",0.36,0.48,30,6.4866780032
"944",0.36,0.5,30,6.49956784
"945",0.36,0.52,31,6.5125087392
"946",0.36,0.54,31,6.5254747584
"947",0.36,0.56,31,6.5384407776
"948",0.36,0.58,31,6.5514067968
"949",0.36,0.6,31,6.564372816
"950",0.36,0.62,32,6.5773388352
"951",0.36,0.64,32,6.5903048544
"952",0.36,0.66,32,6.6034323648
"953",0.36,0.68,32,6.6165817504
"954",0.36,0.7,33,6.629731136
"955",0.36,0.72,33,6.6428805216
"956",0.36,0.74,33,6.6560299072
"957",0.36,0.76,33,6.6691792928
"958",0.36,0.78,33,6.6823286784
"959",0.36,0.8,34,6.695478064
"960",0.36,0.82,34,6.7086418688
"961",0.36,0.84,34,6.7219133856
"962",0.36,0.86,34,6.7351861248
"963",0.36,0.88,34,6.7486906688
"964",0.36,0.9,34,6.762232624
"965",0.36,0.92,35,6.7757745792
"966",0.36,0.94,35,6.7893165344
"967",0.36,0.96,35,6.8028584896
"968",0.36,0.98,35,6.8164004448
"969",0.36,1,35,6.8299424
"970",0.38,0,24,6.26945356
"971",0.38,0.02,24,6.2714229192
"972",0.38,0.04,24,6.2733922784
"973",0.38,0.06,24,6.2753616376
"974",0.38,0.08,25,6.2773309968
"975",0.38,0.1,25,6.282320232
"976",0.38,0.12,25,6.2926296944
"977",0.38,0.14,25,6.3029391568
"978",0.38,0.16,26,6.3132486192
"979",0.38,0.18,26,6.3235580816
"980",0.38,0.2,26,6.333908224
"981",0.38,0.22,27,6.3456637152
"982",0.38,0.24,27,6.3580254784
"983",0.38,0.26,27,6.3703872416
"984",0.38,0.28,28,6.3827490048
"985",0.38,0.3,28,6.395110768
"986",0.38,0.32,28,6.4074725312
"987",0.38,0.34,29,6.4204350648
"988",0.38,0.36,29,6.4334314592
"989",0.38,0.38,29,6.4464278536
"990",0.38,0.4,29,6.459424248
"991",0.38,0.42,30,6.4724206424
"992",0.38,0.44,30,6.4854170368
"993",0.38,0.46,30,6.4984134312
"994",0.38,0.48,31,6.5114098256
"995",0.38,0.5,31,6.52440622
"996",0.38,0.52,31,6.5374026144
"997",0.38,0.54,31,6.5503990984
"998",0.38,0.56,31,6.5634650576
"999",0.38,0.58,32,6.5765310168
"1000",0.38,0.6,32,6.589596976
"1001",0.38,0.62,32,6.6026629352
"1002",0.38,0.64,32,6.6157288944
"1003",0.38,0.66,33,6.6289051032
"1004",0.38,0.68,33,6.6421681104
"1005",0.38,0.7,33,6.655439856
"1006",0.38,0.72,33,6.6687116016
"1007",0.38,0.74,33,6.6819833472
"1008",0.38,0.76,34,6.6952550928
"1009",0.38,0.78,34,6.7085268384
"1010",0.38,0.8,34,6.721798584
"1011",0.38,0.82,34,6.7350703296
"1012",0.38,0.84,34,6.7483420752
"1013",0.38,0.86,34,6.7616138208
"1014",0.38,0.88,35,6.7748855664
"1015",0.38,0.9,35,6.788173144
"1016",0.38,0.92,35,6.8015943728
"1017",0.38,0.94,35,6.8150970096
"1018",0.38,0.96,35,6.8285996464
"1019",0.38,0.98,35,6.8421022832
"1020",0.38,1,36,6.85560492
"1021",0.4,0,25,6.2916688
"1022",0.4,0.02,25,6.293734936
"1023",0.4,0.04,25,6.295801072
"1024",0.4,0.06,25,6.297867208
"1025",0.4,0.08,25,6.300111776
"1026",0.4,0.1,25,6.30512876
"1027",0.4,0.12,26,6.315531792
"1028",0.4,0.14,26,6.325934824
"1029",0.4,0.16,26,6.336337856
"1030",0.4,0.18,27,6.346740888
"1031",0.4,0.2,27,6.35716152
"1032",0.4,0.22,27,6.369111496
"1033",0.4,0.24,28,6.381576032
"1034",0.4,0.26,28,6.394040568
"1035",0.4,0.28,28,6.406505104
"1036",0.4,0.3,29,6.41896964
"1037",0.4,0.32,29,6.431468816
"1038",0.4,0.34,29,6.444420984
"1039",0.4,0.36,29,6.457523936
"1040",0.4,0.38,30,6.470626888
"1041",0.4,0.4,30,6.48372984
"1042",0.4,0.42,30,6.496832792
"1043",0.4,0.44,31,6.509935744
"1044",0.4,0.46,31,6.523038696
"1045",0.4,0.48,31,6.536141648
"1046",0.4,0.5,31,6.5492446
"1047",0.4,0.52,31,6.56235064
"1048",0.4,0.54,32,6.57546168
"1049",0.4,0.56,32,6.588607728
"1050",0.4,0.58,32,6.601781504
"1051",0.4,0.6,32,6.61495528
"1052",0.4,0.62,33,6.628129056
"1053",0.4,0.64,33,6.641302832
"1054",0.4,0.66,33,6.654535616
"1055",0.4,0.68,33,6.667905072
"1056",0.4,0.7,33,6.68128908
"1057",0.4,0.72,33,6.694673088
"1058",0.4,0.74,34,6.708057096
"1059",0.4,0.76,34,6.721441104
"1060",0.4,0.78,34,6.734825112
"1061",0.4,0.8,34,6.74820912
"1062",0.4,0.82,34,6.761593128
"1063",0.4,0.84,35,6.774977136
"1064",0.4,0.86,35,6.788361144
"1065",0.4,0.88,35,6.801745152
"1066",0.4,0.9,35,6.81514572
"1067",0.4,0.92,35,6.828727584
"1068",0.4,0.94,35,6.842350088
"1069",0.4,0.96,36,6.855972592
"1070",0.4,0.98,36,6.869595096
"1071",0.4,1,36,6.8832176
"1072",0.42,0,26,6.31388404
"1073",0.42,0.02,26,6.3160469528
"1074",0.42,0.04,26,6.3182170784
"1075",0.42,0.06,26,6.3205668776
"1076",0.42,0.08,26,6.3229166768
"1077",0.42,0.1,26,6.327937288
"1078",0.42,0.12,26,6.3384338896
"1079",0.42,0.14,27,6.3489304912
"1080",0.42,0.16,27,6.3594270928
"1081",0.42,0.18,27,6.3699236944
"1082",0.42,0.2,28,6.380420296
"1083",0.42,0.22,28,6.3925592768
"1084",0.42,0.24,28,6.4051265856
"1085",0.42,0.26,29,6.4176938944
"1086",0.42,0.28,29,6.4302612032
"1087",0.42,0.3,29,6.442828512
"1088",0.42,0.32,29,6.4554715568
"1089",0.42,0.34,30,6.4684069032
"1090",0.42,0.36,30,6.4816164128
"1091",0.42,0.38,30,6.4948259224
"1092",0.42,0.4,30,6.508035432
"1093",0.42,0.42,31,6.5212449416
"1094",0.42,0.44,31,6.5344544512
"1095",0.42,0.46,31,6.5476639608
"1096",0.42,0.48,31,6.560875024
"1097",0.42,0.5,32,6.57409188
"1098",0.42,0.52,32,6.587308736
"1099",0.42,0.54,32,6.600525592
"1100",0.42,0.56,32,6.6137503984
"1101",0.42,0.58,33,6.6270319912
"1102",0.42,0.6,33,6.640313584
"1103",0.42,0.62,33,6.6535951768
"1104",0.42,0.64,33,6.6668767696
"1105",0.42,0.66,33,6.6801661288
"1106",0.42,0.68,33,6.6936449024
"1107",0.42,0.7,34,6.707138304
"1108",0.42,0.72,34,6.7206345744
"1109",0.42,0.74,34,6.7341308448
"1110",0.42,0.76,34,6.7476271152
"1111",0.42,0.78,34,6.7611233856
"1112",0.42,0.8,35,6.774619656
"1113",0.42,0.82,35,6.7881159264
"1114",0.42,0.84,35,6.8016121968
"1115",0.42,0.86,35,6.8151084672
"1116",0.42,0.88,35,6.8286047376
"1117",0.42,0.9,35,6.842118424
"1118",0.42,0.92,36,6.8558607952
"1119",0.42,0.94,36,6.8696031664
"1120",0.42,0.96,36,6.8833455376
"1121",0.42,0.98,36,6.8970879088
"1122",0.42,1,36,6.91083028
"1123",0.44,0,26,6.33609928
"1124",0.44,0.02,26,6.3383654144
"1125",0.44,0.04,27,6.3408174688
"1126",0.44,0.06,27,6.3432695232
"1127",0.44,0.08,27,6.3457215776
"1128",0.44,0.1,27,6.350745816
"1129",0.44,0.12,27,6.3613359872
"1130",0.44,0.14,27,6.3719261584
"1131",0.44,0.16,28,6.3825163296
"1132",0.44,0.18,28,6.3931065008
"1133",0.44,0.2,28,6.403696672
"1134",0.44,0.22,29,6.4160070576
"1135",0.44,0.24,29,6.4286771392
"1136",0.44,0.26,29,6.4413472208
"1137",0.44,0.28,29,6.4540173024
"1138",0.44,0.3,30,6.466687384
"1139",0.44,0.32,30,6.4794742976
"1140",0.44,0.34,30,6.4923928224
"1141",0.44,0.36,30,6.5057088896
"1142",0.44,0.38,31,6.5190249568
"1143",0.44,0.4,31,6.532341024
"1144",0.44,0.42,31,6.5456570912
"1145",0.44,0.44,31,6.558976144
"1146",0.44,0.46,32,6.572298816
"1147",0.44,0.48,32,6.585621488
"1148",0.44,0.5,32,6.59894416
"1149",0.44,0.52,32,6.612266832
"1150",0.44,0.54,32,6.625589504
"1151",0.44,0.56,33,6.638912176
"1152",0.44,0.58,33,6.6522824784
"1153",0.44,0.6,33,6.665671888
"1154",0.44,0.62,33,6.6790612976
"1155",0.44,0.64,33,6.6924507072
"1156",0.44,0.66,34,6.7058401168
"1157",0.44,0.68,34,6.7193878368
"1158",0.44,0.7,34,6.732987528
"1159",0.44,0.72,34,6.7465960608
"1160",0.44,0.74,34,6.7602045936
"1161",0.44,0.76,35,6.7738131264
"1162",0.44,0.78,35,6.7874216592
"1163",0.44,0.8,35,6.801030192
"1164",0.44,0.82,35,6.8146387248
"1165",0.44,0.84,35,6.8282472576
"1166",0.44,0.86,35,6.8418557904
"1167",0.44,0.88,36,6.8554643232
"1168",0.44,0.9,36,6.869131768
"1169",0.44,0.92,36,6.8829940064
"1170",0.44,0.94,36,6.8968562448
"1171",0.44,0.96,36,6.9107184832
"1172",0.44,0.98,36,6.9245807216
"1173",0.44,1,36,6.93844296
"1174",0.46,0,27,6.35831452
"1175",0.46,0.02,27,6.3608635496
"1176",0.46,0.04,27,6.3634178592
"1177",0.46,0.06,27,6.3659721688
"1178",0.46,0.08,27,6.3685264784
"1179",0.46,0.1,27,6.373554344
"1180",0.46,0.12,28,6.3842380848
"1181",0.46,0.14,28,6.3949218256
"1182",0.46,0.16,28,6.4056055664
"1183",0.46,0.18,29,6.4162893072
"1184",0.46,0.2,29,6.427168776
"1185",0.46,0.22,29,6.4396636192
"1186",0.46,0.24,29,6.4523978864
"1187",0.46,0.26,30,6.4651321536
"1188",0.46,0.28,30,6.4778664208
"1189",0.46,0.3,30,6.490600688
"1190",0.46,0.32,30,6.5034770384
"1191",0.46,0.34,31,6.5163819608
"1192",0.46,0.36,31,6.5298013664
"1193",0.46,0.38,31,6.543225512
"1194",0.46,0.4,31,6.556654
"1195",0.46,0.42,32,6.570082488
"1196",0.46,0.44,32,6.583510976
"1197",0.46,0.46,32,6.596939464
"1198",0.46,0.48,32,6.610367952
"1199",0.46,0.5,32,6.62379644
"1200",0.46,0.52,33,6.637224928
"1201",0.46,0.54,33,6.650653416
"1202",0.46,0.56,33,6.664081904
"1203",0.46,0.58,33,6.6775329656
"1204",0.46,0.6,33,6.691030192
"1205",0.46,0.62,34,6.7045274184
"1206",0.46,0.64,34,6.7180246448
"1207",0.46,0.66,34,6.7315218712
"1208",0.46,0.68,34,6.7451307712
"1209",0.46,0.7,34,6.758836752
"1210",0.46,0.72,35,6.7725575472
"1211",0.46,0.74,35,6.7862783424
"1212",0.46,0.76,35,6.7999991376
"1213",0.46,0.78,35,6.8137199328
"1214",0.46,0.8,35,6.827440728
"1215",0.46,0.82,35,6.8411615232
"1216",0.46,0.84,35,6.8548823184
"1217",0.46,0.86,36,6.8686031136
"1218",0.46,0.88,36,6.8823239088
"1219",0.46,0.9,36,6.896145112
"1220",0.46,0.92,36,6.9101272176
"1221",0.46,0.94,36,6.9241093232
"1222",0.46,0.96,36,6.9380914288
"1223",0.46,0.98,37,6.9520735344
"1224",0.46,1,37,6.96605564
"1225",0.48,0,28,6.38070512
"1226",0.48,0.02,28,6.3833616848
"1227",0.48,0.04,28,6.3860182496
"1228",0.48,0.06,28,6.3886748144
"1229",0.48,0.08,28,6.3913313792
"1230",0.48,0.1,28,6.396399912
"1231",0.48,0.12,28,6.4071401824
"1232",0.48,0.14,29,6.4179174928
"1233",0.48,0.16,29,6.4286948032
"1234",0.48,0.18,29,6.4394721136
"1235",0.48,0.2,29,6.450661488
"1236",0.48,0.22,30,6.4633757472
"1237",0.48,0.24,30,6.4762208224
"1238",0.48,0.26,30,6.4890658976
"1239",0.48,0.28,30,6.5019109728
"1240",0.48,0.3,31,6.514756048
"1241",0.48,0.32,31,6.5276011232
"1242",0.48,0.34,31,6.5405932448
"1243",0.48,0.36,31,6.553908592
"1244",0.48,0.38,32,6.567442896
"1245",0.48,0.4,32,6.5809772
"1246",0.48,0.42,32,6.594511504
"1247",0.48,0.44,32,6.608045808
"1248",0.48,0.46,32,6.621580112
"1249",0.48,0.48,33,6.635114416
"1250",0.48,0.5,33,6.64864872
"1251",0.48,0.52,33,6.662183024
"1252",0.48,0.54,33,6.675717328
"1253",0.48,0.56,33,6.689251632
"1254",0.48,0.58,34,6.702785936
"1255",0.48,0.6,34,6.716388496
"1256",0.48,0.62,34,6.7299935392
"1257",0.48,0.64,34,6.7435985824
"1258",0.48,0.66,34,6.7572036256
"1259",0.48,0.68,34,6.7708737056
"1260",0.48,0.7,35,6.784689744
"1261",0.48,0.72,35,6.7985190336
"1262",0.48,0.74,35,6.8123520912
"1263",0.48,0.76,35,6.8261851488
"1264",0.48,0.78,35,6.8400182064
"1265",0.48,0.8,35,6.853851264
"1266",0.48,0.82,36,6.8676843216
"1267",0.48,0.84,36,6.8815173792
"1268",0.48,0.86,36,6.8953504368
"1269",0.48,0.88,36,6.9091834944
"1270",0.48,0.9,36,6.923158456
"1271",0.48,0.92,36,6.9372604288
"1272",0.48,0.94,37,6.9513624016
"1273",0.48,0.96,37,6.9654643744
"1274",0.48,0.98,37,6.9795663472
"1275",0.48,1,37,6.99366832
"1276",0.5,0,28,6.403101
"1277",0.5,0.02,28,6.40585982
"1278",0.5,0.04,28,6.40861864
"1279",0.5,0.06,28,6.41137746
"1280",0.5,0.08,28,6.41413628
"1281",0.5,0.1,29,6.4194773
"1282",0.5,0.12,29,6.43031176
"1283",0.5,0.14,29,6.44114622
"1284",0.5,0.16,29,6.45198068
"1285",0.5,0.18,30,6.46281514
"1286",0.5,0.2,30,6.4742446
"1287",0.5,0.22,30,6.48718576
"1288",0.5,0.24,30,6.50012692
"1289",0.5,0.26,31,6.51306808
"1290",0.5,0.28,31,6.52600924
"1291",0.5,0.3,31,6.5389504
"1292",0.5,0.32,31,6.55189156
"1293",0.5,0.34,31,6.56483272
"1294",0.5,0.36,32,6.57802016
"1295",0.5,0.38,32,6.59166028
"1296",0.5,0.4,32,6.6053004
"1297",0.5,0.42,32,6.61894052
"1298",0.5,0.44,33,6.63258064
"1299",0.5,0.46,33,6.64622076
"1300",0.5,0.48,33,6.65986088
"1301",0.5,0.5,33,6.673501
"1302",0.5,0.52,33,6.68714112
"1303",0.5,0.54,34,6.70078124
"1304",0.5,0.56,34,6.71442136
"1305",0.5,0.58,34,6.72806148
"1306",0.5,0.6,34,6.7417468
"1307",0.5,0.62,34,6.75545966
"1308",0.5,0.64,34,6.76917252
"1309",0.5,0.66,35,6.78288538
"1310",0.5,0.68,35,6.79661664
"1311",0.5,0.7,35,6.8105451
"1312",0.5,0.72,35,6.82448052
"1313",0.5,0.74,35,6.83842584
"1314",0.5,0.76,35,6.85237116
"1315",0.5,0.78,36,6.86631648
"1316",0.5,0.8,36,6.8802618
"1317",0.5,0.82,36,6.89420712
"1318",0.5,0.84,36,6.90815244
"1319",0.5,0.86,36,6.92209776
"1320",0.5,0.88,36,6.93604308
"1321",0.5,0.9,37,6.9501718
"1322",0.5,0.92,37,6.96439364
"1323",0.5,0.94,37,6.97861548
"1324",0.5,0.96,37,6.99283732
"1325",0.5,0.98,37,7.00705916
"1326",0.5,1,37,7.021281
"1327",0.52,0,29,6.42549688
"1328",0.52,0.02,29,6.4283579552
"1329",0.52,0.04,29,6.4312190304
"1330",0.52,0.06,29,6.4340801056
"1331",0.52,0.08,29,6.4369411808
"1332",0.52,0.1,29,6.442912
"1333",0.52,0.12,29,6.453820976
"1334",0.52,0.14,30,6.464729952
"1335",0.52,0.16,30,6.475638928
"1336",0.52,0.18,30,6.486547904
"1337",0.52,0.2,30,6.497958528
"1338",0.52,0.22,31,6.5109957728
"1339",0.52,0.24,31,6.5240330176
"1340",0.52,0.26,31,6.5370702624
"1341",0.52,0.28,31,6.5501075072
"1342",0.52,0.3,31,6.563144752
"1343",0.52,0.32,32,6.5761819968
"1344",0.52,0.34,32,6.5892192416
"1345",0.52,0.36,32,6.6022738208
"1346",0.52,0.38,32,6.615877664
"1347",0.52,0.4,33,6.6296236
"1348",0.52,0.42,33,6.643369536
"1349",0.52,0.44,33,6.657115472
"1350",0.52,0.46,33,6.670861408
"1351",0.52,0.48,33,6.684607344
"1352",0.52,0.5,34,6.69835328
"1353",0.52,0.52,34,6.712099216
"1354",0.52,0.54,34,6.725845152
"1355",0.52,0.56,34,6.739591088
"1356",0.52,0.58,34,6.753337024
"1357",0.52,0.6,34,6.767105104
"1358",0.52,0.62,35,6.7809257808
"1359",0.52,0.64,35,6.7947464576
"1360",0.52,0.66,35,6.8085671344
"1361",0.52,0.68,35,6.8223878112
"1362",0.52,0.7,35,6.836400456
"1363",0.52,0.72,35,6.8504420064
"1364",0.52,0.74,36,6.8644995888
"1365",0.52,0.76,36,6.8785571712
"1366",0.52,0.78,36,6.8926147536
"1367",0.52,0.8,36,6.906672336
"1368",0.52,0.82,36,6.9207299184
"1369",0.52,0.84,36,6.9347875008
"1370",0.52,0.86,37,6.9488450832
"1371",0.52,0.88,37,6.9629026656
"1372",0.52,0.9,37,6.977185144
"1373",0.52,0.92,37,6.9915268512
"1374",0.52,0.94,37,7.0058685584
"1375",0.52,0.96,37,7.0202102656
"1376",0.52,0.98,37,7.0345519728
"1377",0.52,1,37,7.04889368
"1378",0.54,0,29,6.44789276
"1379",0.54,0.02,29,6.4508560904
"1380",0.54,0.04,29,6.4538194208
"1381",0.54,0.06,29,6.4570554872
"1382",0.54,0.08,30,6.4607217296
"1383",0.54,0.1,30,6.4671235
"1384",0.54,0.12,30,6.478135952
"1385",0.54,0.14,30,6.489148404
"1386",0.54,0.16,30,6.500160856
"1387",0.54,0.18,31,6.511173308
"1388",0.54,0.2,31,6.522552232
"1389",0.54,0.22,31,6.5348057856
"1390",0.54,0.24,31,6.5479391152
"1391",0.54,0.26,31,6.5610724448
"1392",0.54,0.28,32,6.5742057744
"1393",0.54,0.3,32,6.587339104
"1394",0.54,0.32,32,6.6004724336
"1395",0.54,0.34,32,6.6136057632
"1396",0.54,0.36,32,6.6267390928
"1397",0.54,0.38,33,6.640095048
"1398",0.54,0.4,33,6.6539468
"1399",0.54,0.42,33,6.667798552
"1400",0.54,0.44,33,6.681650304
"1401",0.54,0.46,34,6.695502056
"1402",0.54,0.48,34,6.709353808
"1403",0.54,0.5,34,6.72320556
"1404",0.54,0.52,34,6.737057312
"1405",0.54,0.54,34,6.750909064
"1406",0.54,0.56,34,6.764760816
"1407",0.54,0.58,35,6.778612568
"1408",0.54,0.6,35,6.79246432
"1409",0.54,0.62,35,6.8063919016
"1410",0.54,0.64,35,6.8203203952
"1411",0.54,0.66,35,6.8342488888
"1412",0.54,0.68,35,6.8481773824
"1413",0.54,0.7,36,6.862255812
"1414",0.54,0.72,36,6.8764091152
"1415",0.54,0.74,36,6.8905733376
"1416",0.54,0.76,36,6.9047431824
"1417",0.54,0.78,36,6.9189130272
"1418",0.54,0.8,36,6.933082872
"1419",0.54,0.82,36,6.9472527168
"1420",0.54,0.84,37,6.9614225616
"1421",0.54,0.86,37,6.9755924064
"1422",0.54,0.88,37,6.9897808944
"1423",0.54,0.9,37,7.004198488
"1424",0.54,0.92,37,7.0186600624
"1425",0.54,0.94,37,7.0331216368
"1426",0.54,0.96,37,7.0475832112
"1427",0.54,0.98,38,7.0620447856
"1428",0.54,1,38,7.07650636
"1429",0.56,0,30,6.47028864
"1430",0.56,0.02,30,6.4733542256
"1431",0.56,0.04,30,6.4770578272
"1432",0.56,0.06,30,6.4808464208
"1433",0.56,0.08,30,6.4846350144
"1434",0.56,0.1,30,6.491335
"1435",0.56,0.12,30,6.502450928
"1436",0.56,0.14,31,6.513566856
"1437",0.56,0.16,31,6.524682784
"1438",0.56,0.18,31,6.535798712
"1439",0.56,0.2,31,6.547212048
"1440",0.56,0.22,31,6.5592483488
"1441",0.56,0.24,32,6.5724225696
"1442",0.56,0.26,32,6.5856175328
"1443",0.56,0.28,32,6.5988829984
"1444",0.56,0.3,32,6.612148464
"1445",0.56,0.32,32,6.6254139296
"1446",0.56,0.34,33,6.6386793952
"1447",0.56,0.36,33,6.6519448608
"1448",0.56,0.38,33,6.6652103264
"1449",0.56,0.4,33,6.678777168
"1450",0.56,0.42,33,6.6926750144
"1451",0.56,0.44,34,6.7065728608
"1452",0.56,0.46,34,6.7204707072
"1453",0.56,0.48,34,6.7343685536
"1454",0.56,0.5,34,6.7482664
"1455",0.56,0.52,34,6.7621642464
"1456",0.56,0.54,35,6.7760620928
"1457",0.56,0.56,35,6.789985552
"1458",0.56,0.58,35,6.803946016
"1459",0.56,0.6,35,6.81790648
"1460",0.56,0.62,35,6.8319634688
"1461",0.56,0.64,35,6.8461410784
"1462",0.56,0.66,36,6.8603276096
"1463",0.56,0.68,36,6.8745141408
"1464",0.56,0.7,36,6.888700672
"1465",0.56,0.72,36,6.9028872032
"1466",0.56,0.74,36,6.9170782032
"1467",0.56,0.76,36,6.9312811168
"1468",0.56,0.78,36,6.9454840304
"1469",0.56,0.8,37,6.959686944
"1470",0.56,0.82,37,6.9738898576
"1471",0.56,0.84,37,6.9880927712
"1472",0.56,0.86,37,7.0023397296
"1473",0.56,0.88,37,7.0166754816
"1474",0.56,0.9,37,7.031211832
"1475",0.56,0.92,37,7.0457932736
"1476",0.56,0.94,38,7.0603747152
"1477",0.56,0.96,38,7.0749561568
"1478",0.56,0.98,38,7.0895375984
"1479",0.56,1,38,7.10411904
"1480",0.58,0,30,6.49290452
"1481",0.58,0.02,30,6.4968154648
"1482",0.58,0.04,30,6.5007264096
"1483",0.58,0.06,30,6.5046373544
"1484",0.58,0.08,30,6.5085482992
"1485",0.58,0.1,31,6.5155465
"1486",0.58,0.12,31,6.526765904
"1487",0.58,0.14,31,6.537985308
"1488",0.58,0.16,31,6.549204712
"1489",0.58,0.18,31,6.560424116
"1490",0.58,0.2,32,6.571871864
"1491",0.58,0.22,32,6.5841441184
"1492",0.58,0.24,32,6.5974484496
"1493",0.58,0.26,32,6.6108213504
"1494",0.58,0.28,32,6.6241942512
"1495",0.58,0.3,33,6.637567152
"1496",0.58,0.32,33,6.6509400528
"1497",0.58,0.34,33,6.6643129536
"1498",0.58,0.36,33,6.6776858544
"1499",0.58,0.38,33,6.691090968
"1500",0.58,0.4,34,6.7046544
"1501",0.58,0.42,34,6.7186067792
"1502",0.58,0.44,34,6.7326221344
"1503",0.58,0.46,34,6.7466374896
"1504",0.58,0.48,34,6.7606528448
"1505",0.58,0.5,35,6.7746682
"1506",0.58,0.52,35,6.7886835552
"1507",0.58,0.54,35,6.8026989104
"1508",0.58,0.56,35,6.8167142656
"1509",0.58,0.58,35,6.830760776
"1510",0.58,0.6,35,6.844876912
"1511",0.58,0.62,36,6.8591071984
"1512",0.58,0.64,36,6.8733374848
"1513",0.58,0.66,36,6.8876311256
"1514",0.58,0.68,36,6.9019335088
"1515",0.58,0.7,36,6.916235892
"1516",0.58,0.72,36,6.9305382752
"1517",0.58,0.74,36,6.9448406584
"1518",0.58,0.76,37,6.9591430416
"1519",0.58,0.78,37,6.9734454248
"1520",0.58,0.8,37,6.987747808
"1521",0.58,0.82,37,7.0020781408
"1522",0.58,0.84,37,7.0164092896
"1523",0.58,0.86,37,7.0307404384
"1524",0.58,0.88,37,7.0450715872
"1525",0.58,0.9,38,7.059402736
"1526",0.58,0.92,38,7.0737338848
"1527",0.58,0.94,38,7.0880650336
"1528",0.58,0.96,38,7.1024140432
"1529",0.58,0.98,38,7.1170304112
"1530",0.58,1,38,7.13173172
"1531",0.6,0,31,6.5163284
"1532",0.6,0.02,31,6.520361696
"1533",0.6,0.04,31,6.524394992
"1534",0.6,0.06,31,6.528428288
"1535",0.6,0.08,31,6.532461584
"1536",0.6,0.1,31,6.539758
"1537",0.6,0.12,31,6.55108088
"1538",0.6,0.14,31,6.56240376
"1539",0.6,0.16,32,6.57372664
"1540",0.6,0.18,32,6.58504952
"1541",0.6,0.2,32,6.59653168
"1542",0.6,0.22,32,6.609064496
"1543",0.6,0.24,32,6.622544832
"1544",0.6,0.26,33,6.636025168
"1545",0.6,0.28,33,6.649505504
"1546",0.6,0.3,33,6.66298584
"1547",0.6,0.32,33,6.676466176
"1548",0.6,0.34,33,6.689946512
"1549",0.6,0.36,34,6.703426848
"1550",0.6,0.38,34,6.71704872
"1551",0.6,0.4,34,6.7307228
"1552",0.6,0.42,34,6.744538544
"1553",0.6,0.44,34,6.758671408
"1554",0.6,0.46,35,6.772804272
"1555",0.6,0.48,35,6.786937136
"1556",0.6,0.5,35,6.80107
"1557",0.6,0.52,35,6.815202864
"1558",0.6,0.54,35,6.829335728
"1559",0.6,0.56,35,6.843468592
"1560",0.6,0.58,36,6.85762952
"1561",0.6,0.6,36,6.87190104
"1562",0.6,0.62,36,6.886250928
"1563",0.6,0.64,36,6.900600816
"1564",0.6,0.66,36,6.914990552
"1565",0.6,0.68,36,6.929414096
"1566",0.6,0.7,36,6.94383764
"1567",0.6,0.72,37,6.958261184
"1568",0.6,0.74,37,6.972684728
"1569",0.6,0.76,37,6.987108272
"1570",0.6,0.78,37,7.001531816
"1571",0.6,0.8,37,7.01595536
"1572",0.6,0.82,37,7.030400656
"1573",0.6,0.84,37,7.044853872
"1574",0.6,0.86,38,7.059307088
"1575",0.6,0.88,38,7.073760304
"1576",0.6,0.9,38,7.08821352
"1577",0.6,0.92,38,7.102666736
"1578",0.6,0.94,38,7.117119952
"1579",0.6,0.96,38,7.131573168
"1580",0.6,0.98,38,7.146026384
"1581",0.6,1,38,7.160664
"1582",0.62,0,31,6.54098716
"1583",0.62,0.02,31,6.5439079272
"1584",0.62,0.04,31,6.5480635744
"1585",0.62,0.06,31,6.5522192216
"1586",0.62,0.08,31,6.5566997136
"1587",0.62,0.1,31,6.5639695
"1588",0.62,0.12,32,6.575395856
"1589",0.62,0.14,32,6.586822212
"1590",0.62,0.16,32,6.598248568
"1591",0.62,0.18,32,6.609674924
"1592",0.62,0.2,32,6.621191496
"1593",0.62,0.22,33,6.6340534432
"1594",0.62,0.24,33,6.6476412144
"1595",0.62,0.26,33,6.6612289856
"1596",0.62,0.28,33,6.6748167568
"1597",0.62,0.3,33,6.688404528
"1598",0.62,0.32,34,6.7019922992
"1599",0.62,0.34,34,6.7155800704
"1600",0.62,0.36,34,6.729221744
"1601",0.62,0.38,34,6.743006472
"1602",0.62,0.4,34,6.7567912
"1603",0.62,0.42,34,6.770575928
"1604",0.62,0.44,35,6.7847206816
"1605",0.62,0.46,35,6.7989710544
"1606",0.62,0.48,35,6.8132214272
"1607",0.62,0.5,35,6.8274718
"1608",0.62,0.52,35,6.8417221728
"1609",0.62,0.54,36,6.8559725456
"1610",0.62,0.56,36,6.8702229184
"1611",0.62,0.58,36,6.884498264
"1612",0.62,0.6,36,6.898925168
"1613",0.62,0.62,36,6.9133946576
"1614",0.62,0.64,36,6.9278641472
"1615",0.62,0.66,36,6.9423499784
"1616",0.62,0.68,37,6.9568946832
"1617",0.62,0.7,37,6.971439388
"1618",0.62,0.72,37,6.9859840928
"1619",0.62,0.74,37,7.0005287976
"1620",0.62,0.76,37,7.0150735024
"1621",0.62,0.78,37,7.0296182072
"1622",0.62,0.8,37,7.044162912
"1623",0.62,0.82,38,7.0587231712
"1624",0.62,0.84,38,7.0732984544
"1625",0.62,0.86,38,7.0878737376
"1626",0.62,0.88,38,7.1024490208
"1627",0.62,0.9,38,7.117024304
"1628",0.62,0.92,38,7.1315995872
"1629",0.62,0.94,38,7.1461748704
"1630",0.62,0.96,38,7.1607501536
"1631",0.62,0.98,39,7.175357632
"1632",0.62,1,39,7.1902088
"1633",0.64,0,32,6.56566352
"1634",0.64,0.02,32,6.5682176848
"1635",0.64,0.04,32,6.5717934496
"1636",0.64,0.06,32,6.5764146144
"1637",0.64,0.08,32,6.5810357792
"1638",0.64,0.1,32,6.588181
"1639",0.64,0.12,32,6.599710832
"1640",0.64,0.14,32,6.611240664
"1641",0.64,0.16,32,6.622770496
"1642",0.64,0.18,33,6.634300328
"1643",0.64,0.2,33,6.645851312
"1644",0.64,0.22,33,6.6590423904
"1645",0.64,0.24,33,6.6727375968
"1646",0.64,0.26,33,6.6864328032
"1647",0.64,0.28,34,6.7001280096
"1648",0.64,0.3,34,6.713823216
"1649",0.64,0.32,34,6.72753976
"1650",0.64,0.34,34,6.74127228
"1651",0.64,0.36,34,6.755068848
"1652",0.64,0.38,34,6.768964224
"1653",0.64,0.4,35,6.7828596
"1654",0.64,0.42,35,6.796754976
"1655",0.64,0.44,35,6.8107699552
"1656",0.64,0.46,35,6.8251378368
"1657",0.64,0.48,35,6.8395057184
"1658",0.64,0.5,35,6.8538736
"1659",0.64,0.52,36,6.8682414816
"1660",0.64,0.54,36,6.8826093632
"1661",0.64,0.56,36,6.8969772448
"1662",0.64,0.58,36,6.911367008
"1663",0.64,0.6,36,6.925949296
"1664",0.64,0.62,36,6.9405383872
"1665",0.64,0.64,37,6.9551274784
"1666",0.64,0.66,37,6.9697165696
"1667",0.64,0.68,37,6.9843752704
"1668",0.64,0.7,37,6.999041136
"1669",0.64,0.72,37,7.0137070016
"1670",0.64,0.74,37,7.0283728672
"1671",0.64,0.76,37,7.0430387328
"1672",0.64,0.78,38,7.0577045984
"1673",0.64,0.8,38,7.072370464
"1674",0.64,0.82,38,7.0870456864
"1675",0.64,0.84,38,7.1017430368
"1676",0.64,0.86,38,7.1164403872
"1677",0.64,0.88,38,7.1311377376
"1678",0.64,0.9,38,7.145835088
"1679",0.64,0.92,38,7.1605324384
"1680",0.64,0.94,39,7.1752297888
"1681",0.64,0.96,39,7.1899271392
"1682",0.64,0.98,39,7.20475328
"1683",0.64,1,39,7.2197536
"1684",0.66,0,32,6.59033988
"1685",0.66,0.02,32,6.5930732528
"1686",0.66,0.04,32,6.5960263856
"1687",0.66,0.06,32,6.6006239536
"1688",0.66,0.08,32,6.6053718448
"1689",0.66,0.1,32,6.6123925
"1690",0.66,0.12,32,6.624025808
"1691",0.66,0.14,33,6.635659116
"1692",0.66,0.16,33,6.647292424
"1693",0.66,0.18,33,6.658925732
"1694",0.66,0.2,33,6.67055904
"1695",0.66,0.22,33,6.68405936
"1696",0.66,0.24,34,6.69790136
"1697",0.66,0.26,34,6.71174336
"1698",0.66,0.28,34,6.72558536
"1699",0.66,0.3,34,6.73942736
"1700",0.66,0.32,34,6.75326936
"1701",0.66,0.34,34,6.76711136
"1702",0.66,0.36,35,6.78095336
"1703",0.66,0.38,35,6.794921976
"1704",0.66,0.4,35,6.808928
"1705",0.66,0.42,35,6.822934024
"1706",0.66,0.44,35,6.836940048
"1707",0.66,0.46,35,6.8513046192
"1708",0.66,0.48,36,6.8657900096
"1709",0.66,0.5,36,6.8802754
"1710",0.66,0.52,36,6.8947607904
"1711",0.66,0.54,36,6.9092461808
"1712",0.66,0.56,36,6.9237315712
"1713",0.66,0.58,36,6.9382647312
"1714",0.66,0.6,37,6.952973424
"1715",0.66,0.62,37,6.9676821168
"1716",0.66,0.64,37,6.9823908096
"1717",0.66,0.66,37,6.9970995024
"1718",0.66,0.68,37,7.0118558576
"1719",0.66,0.7,37,7.026642884
"1720",0.66,0.72,37,7.0414299104
"1721",0.66,0.74,38,7.0562169368
"1722",0.66,0.76,38,7.0710039632
"1723",0.66,0.78,38,7.0857909896
"1724",0.66,0.8,38,7.100578016
"1725",0.66,0.82,38,7.1153682016
"1726",0.66,0.84,38,7.1301876192
"1727",0.66,0.86,38,7.1450070368
"1728",0.66,0.88,38,7.1598264544
"1729",0.66,0.9,39,7.174645872
"1730",0.66,0.92,39,7.1894652896
"1731",0.66,0.94,39,7.2042847072
"1732",0.66,0.96,39,7.2191041248
"1733",0.66,0.98,39,7.23416642
"1734",0.66,1,39,7.2492984
"1735",0.68,0,32,6.61520176
"1736",0.68,0.02,32,6.6182106944
"1737",0.68,0.04,32,6.6212196288
"1738",0.68,0.06,32,6.6253210688
"1739",0.68,0.08,33,6.6304053184
"1740",0.68,0.1,33,6.636604
"1741",0.68,0.12,33,6.6483412096
"1742",0.68,0.14,33,6.6600887312
"1743",0.68,0.16,33,6.6719135776
"1744",0.68,0.18,33,6.6839115248
"1745",0.68,0.2,34,6.695928992
"1746",0.68,0.22,34,6.70924156
"1747",0.68,0.24,34,6.72319304
"1748",0.68,0.26,34,6.73714452
"1749",0.68,0.28,34,6.751096
"1750",0.68,0.3,34,6.76504748
"1751",0.68,0.32,35,6.77899896
"1752",0.68,0.34,35,6.79295044
"1753",0.68,0.36,35,6.80690192
"1754",0.68,0.38,35,6.820879728
"1755",0.68,0.4,35,6.8349964
"1756",0.68,0.42,35,6.849113072
"1757",0.68,0.44,36,6.863229744
"1758",0.68,0.46,36,6.8774714016
"1759",0.68,0.48,36,6.8920743008
"1760",0.68,0.5,36,6.9066772
"1761",0.68,0.52,36,6.9212800992
"1762",0.68,0.54,36,6.9358829984
"1763",0.68,0.56,37,6.9504858976
"1764",0.68,0.58,37,6.9651692576
"1765",0.68,0.6,37,6.979997552
"1766",0.68,0.62,37,6.9948258464
"1767",0.68,0.64,37,7.0096541408
"1768",0.68,0.66,37,7.0244824352
"1769",0.68,0.68,37,7.0393364448
"1770",0.68,0.7,38,7.054244632
"1771",0.68,0.72,38,7.0691528192
"1772",0.68,0.74,38,7.0840610064
"1773",0.68,0.76,38,7.0989691936
"1774",0.68,0.78,38,7.1138773808
"1775",0.68,0.8,38,7.128785568
"1776",0.68,0.82,38,7.1436937552
"1777",0.68,0.84,38,7.1586322016
"1778",0.68,0.86,39,7.1735736864
"1779",0.68,0.88,39,7.1885151712
"1780",0.68,0.9,39,7.203456656
"1781",0.68,0.92,39,7.2183981408
"1782",0.68,0.94,39,7.2333396256
"1783",0.68,0.96,39,7.248327856
"1784",0.68,0.98,39,7.26357956
"1785",0.68,1,39,7.2788432
"1786",0.7,0,33,6.6402834
"1787",0.7,0.02,33,6.643348136
"1788",0.7,0.04,33,6.646412872
"1789",0.7,0.06,33,6.650366312
"1790",0.7,0.08,33,6.655579816
"1791",0.7,0.1,33,6.66144868
"1792",0.7,0.12,33,6.673215008
"1793",0.7,0.14,33,6.685327176
"1794",0.7,0.16,34,6.697439344
"1795",0.7,0.18,34,6.709551512
"1796",0.7,0.2,34,6.72166368
"1797",0.7,0.22,34,6.73442376
"1798",0.7,0.24,34,6.74848472
"1799",0.7,0.26,34,6.76254568
"1800",0.7,0.28,35,6.77660664
"1801",0.7,0.3,35,6.7906676
"1802",0.7,0.32,35,6.80472856
"1803",0.7,0.34,35,6.81878952
"1804",0.7,0.36,35,6.83285048
"1805",0.7,0.38,35,6.84691144
"1806",0.7,0.4,36,6.8610648
"1807",0.7,0.42,36,6.87529212
"1808",0.7,0.44,36,6.88951944
"1809",0.7,0.46,36,6.90374676
"1810",0.7,0.48,36,6.918358592
"1811",0.7,0.5,36,6.933079
"1812",0.7,0.52,36,6.947799408
"1813",0.7,0.54,37,6.962519816
"1814",0.7,0.56,37,6.977240224
"1815",0.7,0.58,37,6.992073784
"1816",0.7,0.6,37,7.00702168
"1817",0.7,0.62,37,7.021969576
"1818",0.7,0.64,37,7.036917472
"1819",0.7,0.66,37,7.051865368
"1820",0.7,0.68,38,7.066817032
"1821",0.7,0.7,38,7.08184638
"1822",0.7,0.72,38,7.096875728
"1823",0.7,0.74,38,7.111905076
"1824",0.7,0.76,38,7.126934424
"1825",0.7,0.78,38,7.141963772
"1826",0.7,0.8,38,7.15699312
"1827",0.7,0.82,39,7.172022468
"1828",0.7,0.84,39,7.187076784
"1829",0.7,0.86,39,7.202140336
"1830",0.7,0.88,39,7.217203888
"1831",0.7,0.9,39,7.23226744
"1832",0.7,0.92,39,7.247330992
"1833",0.7,0.94,39,7.262394544
"1834",0.7,0.96,39,7.2775974
"1835",0.7,0.98,39,7.2929927
"1836",0.7,1,40,7.308388
"1837",0.72,0,33,6.66536504
"1838",0.72,0.02,33,6.6684855776
"1839",0.72,0.04,33,6.6716061152
"1840",0.72,0.06,33,6.6754115552
"1841",0.72,0.08,33,6.6807543136
"1842",0.72,0.1,33,6.686922712
"1843",0.72,0.12,34,6.6985123328
"1844",0.72,0.14,34,6.7107387216
"1845",0.72,0.16,34,6.7229651104
"1846",0.72,0.18,34,6.7351914992
"1847",0.72,0.2,34,6.747417888
"1848",0.72,0.22,34,6.7600600528
"1849",0.72,0.24,35,6.7737764
"1850",0.72,0.26,35,6.78794684
"1851",0.72,0.28,35,6.80211728
"1852",0.72,0.3,35,6.81628772
"1853",0.72,0.32,35,6.83045816
"1854",0.72,0.34,35,6.8446286
"1855",0.72,0.36,36,6.85879904
"1856",0.72,0.38,36,6.87296948
"1857",0.72,0.4,36,6.88713992
"1858",0.72,0.42,36,6.901471168
"1859",0.72,0.44,36,6.915809136
"1860",0.72,0.46,36,6.9304098048
"1861",0.72,0.48,36,6.9451873824
"1862",0.72,0.5,37,6.95996496
"1863",0.72,0.52,37,6.9747425376
"1864",0.72,0.54,37,6.9895201152
"1865",0.72,0.56,37,7.0042976928
"1866",0.72,0.58,37,7.0190752704
"1867",0.72,0.6,37,7.034045808
"1868",0.72,0.62,37,7.0491133056
"1869",0.72,0.64,38,7.0641808032
"1870",0.72,0.66,38,7.0792483008
"1871",0.72,0.68,38,7.0943157984
"1872",0.72,0.7,38,7.109448128
"1873",0.72,0.72,38,7.1245986368
"1874",0.72,0.74,38,7.1397491456
"1875",0.72,0.76,38,7.1548996544
"1876",0.72,0.78,39,7.1700501632
"1877",0.72,0.8,39,7.185200672
"1878",0.72,0.82,39,7.2003511808
"1879",0.72,0.84,39,7.2155213664
"1880",0.72,0.86,39,7.2307069856
"1881",0.72,0.88,39,7.2458926048
"1882",0.72,0.9,39,7.261078224
"1883",0.72,0.92,39,7.2762638432
"1884",0.72,0.94,39,7.2914494624
"1885",0.72,0.96,40,7.30687888
"1886",0.72,0.98,40,7.32240584
"1887",0.72,1,40,7.3379328
"1888",0.74,0,33,6.69044668
"1889",0.74,0.02,33,6.6936230192
"1890",0.74,0.04,34,6.6967993584
"1891",0.74,0.06,34,6.7004567984
"1892",0.74,0.08,34,6.7059288112
"1893",0.74,0.1,34,6.712400504
"1894",0.74,0.12,34,6.7238096576
"1895",0.74,0.14,34,6.7361502672
"1896",0.74,0.16,34,6.7484908768
"1897",0.74,0.18,34,6.7608314864
"1898",0.74,0.2,35,6.773172096
"1899",0.74,0.22,35,6.7858600576
"1900",0.74,0.24,35,6.7991965984
"1901",0.74,0.26,35,6.8134933216
"1902",0.74,0.28,35,6.8277900448
"1903",0.74,0.3,35,6.842086768
"1904",0.74,0.32,36,6.8563834912
"1905",0.74,0.34,36,6.8706802144
"1906",0.74,0.36,36,6.8849769376
"1907",0.74,0.38,36,6.8992736608
"1908",0.74,0.4,36,6.913576656
"1909",0.74,0.42,36,6.9279549008
"1910",0.74,0.44,36,6.9425275424
"1911",0.74,0.46,37,6.9574268016
"1912",0.74,0.48,37,6.9723260608
"1913",0.74,0.5,37,6.98722532
"1914",0.74,0.52,37,7.0021245792
"1915",0.74,0.54,37,7.0170238384
"1916",0.74,0.56,37,7.0319230976
"1917",0.74,0.58,37,7.0468223568
"1918",0.74,0.6,38,7.061721616
"1919",0.74,0.62,38,7.0766208752
"1920",0.74,0.64,38,7.0917130368
"1921",0.74,0.66,38,7.1068626992
"1922",0.74,0.68,38,7.1220123616
"1923",0.74,0.7,38,7.137206468
"1924",0.74,0.72,38,7.1524407008
"1925",0.74,0.74,38,7.1676749336
"1926",0.74,0.76,39,7.1829091664
"1927",0.74,0.78,39,7.1981433992
"1928",0.74,0.8,39,7.213408224
"1929",0.74,0.82,39,7.2286798936
"1930",0.74,0.84,39,7.2439659488
"1931",0.74,0.86,39,7.2592736352
"1932",0.74,0.88,39,7.2745813216
"1933",0.74,0.9,39,7.289889008
"1934",0.74,0.92,40,7.3051966944
"1935",0.74,0.94,40,7.320514432
"1936",0.74,0.96,40,7.33616036
"1937",0.74,0.98,40,7.35181898
"1938",0.74,1,40,7.3674776
"1939",0.76,0,34,6.71552832
"1940",0.76,0.02,34,6.7187604608
"1941",0.76,0.04,34,6.7219926016
"1942",0.76,0.06,34,6.7255020416
"1943",0.76,0.08,34,6.7311033088
"1944",0.76,0.1,34,6.737878296
"1945",0.76,0.12,34,6.7491069824
"1946",0.76,0.14,34,6.7615618128
"1947",0.76,0.16,35,6.7740166432
"1948",0.76,0.18,35,6.7864714736
"1949",0.76,0.2,35,6.798926304
"1950",0.76,0.22,35,6.8116600624
"1951",0.76,0.24,35,6.8252061216
"1952",0.76,0.26,35,6.8396189584
"1953",0.76,0.28,35,6.8540317952
"1954",0.76,0.3,36,6.868444632
"1955",0.76,0.32,36,6.8828574688
"1956",0.76,0.34,36,6.8972703056
"1957",0.76,0.36,36,6.9116831424
"1958",0.76,0.38,36,6.9261142128
"1959",0.76,0.4,36,6.940545744
"1960",0.76,0.42,37,6.9550426784
"1961",0.76,0.44,37,6.9696423488
"1962",0.76,0.46,37,6.984540848
"1963",0.76,0.48,37,6.999560064
"1964",0.76,0.5,37,7.01457928
"1965",0.76,0.52,37,7.029598496
"1966",0.76,0.54,37,7.044617712
"1967",0.76,0.56,38,7.059636928
"1968",0.76,0.58,38,7.074656144
"1969",0.76,0.6,38,7.08967536
"1970",0.76,0.62,38,7.104694576
"1971",0.76,0.64,38,7.1199274496
"1972",0.76,0.66,38,7.1352003424
"1973",0.76,0.68,38,7.1504732352
"1974",0.76,0.7,38,7.165746128
"1975",0.76,0.72,39,7.1810545792
"1976",0.76,0.74,39,7.1964153264
"1977",0.76,0.76,39,7.2117760736
"1978",0.76,0.78,39,7.2271368208
"1979",0.76,0.8,39,7.242497568
"1980",0.76,0.82,39,7.2578583152
"1981",0.76,0.84,39,7.2732281568
"1982",0.76,0.86,39,7.2886258272
"1983",0.76,0.88,40,7.3040234976
"1984",0.76,0.9,40,7.319421168
"1985",0.76,0.92,40,7.3348188384
"1986",0.76,0.94,40,7.3502195408
"1987",0.76,0.96,40,7.3656693472
"1988",0.76,0.98,40,7.38123212
"1989",0.76,1,40,7.3970224
"1990",0.78,0,34,6.74060996
"1991",0.78,0.02,34,6.7438979024
"1992",0.78,0.04,34,6.7471858448
"1993",0.78,0.06,34,6.7505472848
"1994",0.78,0.08,34,6.7562778064
"1995",0.78,0.1,34,6.763356088
"1996",0.78,0.12,35,6.7744043072
"1997",0.78,0.14,35,6.7869733584
"1998",0.78,0.16,35,6.7995424096
"1999",0.78,0.18,35,6.8121114608
"2000",0.78,0.2,35,6.824680512
"2001",0.78,0.22,35,6.8374600672
"2002",0.78,0.24,35,6.8512156448
"2003",0.78,0.26,36,6.8657445952
"2004",0.78,0.28,36,6.8802735456
"2005",0.78,0.3,36,6.894802496
"2006",0.78,0.32,36,6.9093314464
"2007",0.78,0.34,36,6.9238718112
"2008",0.78,0.36,36,6.9384194848
"2009",0.78,0.38,37,6.9529671584
"2010",0.78,0.4,37,6.967514832
"2011",0.78,0.42,37,6.9822136952
"2012",0.78,0.44,37,6.9969321664
"2013",0.78,0.46,37,7.011744564
"2014",0.78,0.48,37,7.026886952
"2015",0.78,0.5,37,7.04202934
"2016",0.78,0.52,38,7.057171728
"2017",0.78,0.54,38,7.072314116
"2018",0.78,0.56,38,7.087456504
"2019",0.78,0.58,38,7.102598892
"2020",0.78,0.6,38,7.11774128
"2021",0.78,0.62,38,7.132883668
"2022",0.78,0.64,38,7.1482604688
"2023",0.78,0.66,38,7.1636598072
"2024",0.78,0.68,39,7.1790591456
"2025",0.78,0.7,39,7.194458484
"2026",0.78,0.72,39,7.2098578224
"2027",0.78,0.74,39,7.2252571608
"2028",0.78,0.76,39,7.2407401536
"2029",0.78,0.78,39,7.2562422208
"2030",0.78,0.8,39,7.271744288
"2031",0.78,0.82,39,7.2872463552
"2032",0.78,0.84,40,7.3027484224
"2033",0.78,0.86,40,7.3182504896
"2034",0.78,0.88,40,7.3337525568
"2035",0.78,0.9,40,7.349254624
"2036",0.78,0.92,40,7.3647566912
"2037",0.78,0.94,40,7.3802587584
"2038",0.78,0.96,40,7.3958183216
"2039",0.78,0.98,40,7.4113966008
"2040",0.78,1,40,7.42697488
"2041",0.8,0,34,6.7659444
"2042",0.8,0.02,34,6.769035344
"2043",0.8,0.04,35,6.772379088
"2044",0.8,0.06,35,6.775722832
"2045",0.8,0.08,35,6.781452304
"2046",0.8,0.1,35,6.78883388
"2047",0.8,0.12,35,6.799701632
"2048",0.8,0.14,35,6.812384904
"2049",0.8,0.16,35,6.825068176
"2050",0.8,0.18,35,6.837751448
"2051",0.8,0.2,35,6.85043472
"2052",0.8,0.22,36,6.863260072
"2053",0.8,0.24,36,6.877225168
"2054",0.8,0.26,36,6.891870232
"2055",0.8,0.28,36,6.906515296
"2056",0.8,0.3,36,6.92116484
"2057",0.8,0.32,36,6.935828656
"2058",0.8,0.34,37,6.950492472
"2059",0.8,0.36,37,6.965156288
"2060",0.8,0.38,37,6.979820104
"2061",0.8,0.4,37,6.99454744
"2062",0.8,0.42,37,7.009384712
"2063",0.8,0.44,37,7.024221984
"2064",0.8,0.46,37,7.039059256
"2065",0.8,0.48,38,7.05421384
"2066",0.8,0.5,38,7.0694794
"2067",0.8,0.52,38,7.08474496
"2068",0.8,0.54,38,7.10001052
"2069",0.8,0.56,38,7.11527608
"2070",0.8,0.58,38,7.13054164
"2071",0.8,0.6,38,7.1458072
"2072",0.8,0.62,38,7.16107276
"2073",0.8,0.64,39,7.176593488
"2074",0.8,0.66,39,7.192119272
"2075",0.8,0.68,39,7.207645056
"2076",0.8,0.7,39,7.22317084
"2077",0.8,0.72,39,7.238696624
"2078",0.8,0.74,39,7.254222408
"2079",0.8,0.76,39,7.269836096
"2080",0.8,0.78,39,7.285466888
"2081",0.8,0.8,40,7.30109768
"2082",0.8,0.82,40,7.316728472
"2083",0.8,0.84,40,7.332359264
"2084",0.8,0.86,40,7.347990056
"2085",0.8,0.88,40,7.363620848
"2086",0.8,0.9,40,7.37925164
"2087",0.8,0.92,40,7.394882432
"2088",0.8,0.94,40,7.410513224
"2089",0.8,0.96,40,7.426144016
"2090",0.8,0.98,41,7.441774808
"2091",0.8,1,41,7.4576632
"2092",0.82,0,35,6.79169324
"2093",0.82,0.02,35,6.7941836992
"2094",0.82,0.04,35,6.7975723312
"2095",0.82,0.06,35,6.8009718768
"2096",0.82,0.08,35,6.8068098928
"2097",0.82,0.1,35,6.8143638
"2098",0.82,0.12,35,6.8249989568
"2099",0.82,0.14,35,6.8377964496
"2100",0.82,0.16,35,6.8505939424
"2101",0.82,0.18,36,6.8634235056
"2102",0.82,0.2,36,6.876438944
"2103",0.82,0.22,36,6.8895280384
"2104",0.82,0.24,36,6.9032346912
"2105",0.82,0.26,36,6.9179958688
"2106",0.82,0.28,36,6.9327732576
"2107",0.82,0.3,36,6.947553216
"2108",0.82,0.32,37,6.9623331744
"2109",0.82,0.34,37,6.9771131328
"2110",0.82,0.36,37,6.9918930912
"2111",0.82,0.38,37,7.0066730496
"2112",0.82,0.4,37,7.021599656
"2113",0.82,0.42,37,7.0365557288
"2114",0.82,0.44,37,7.0515118016
"2115",0.82,0.46,38,7.0664678744
"2116",0.82,0.48,38,7.081540728
"2117",0.82,0.5,38,7.09692946
"2118",0.82,0.52,38,7.112318192
"2119",0.82,0.54,38,7.127706924
"2120",0.82,0.56,38,7.143095656
"2121",0.82,0.58,38,7.158484388
"2122",0.82,0.6,39,7.17387312
"2123",0.82,0.62,39,7.1892742776
"2124",0.82,0.64,39,7.2049265072
"2125",0.82,0.66,39,7.2205787368
"2126",0.82,0.68,39,7.2362309664
"2127",0.82,0.7,39,7.251883196
"2128",0.82,0.72,39,7.2675354256
"2129",0.82,0.74,39,7.2831876552
"2130",0.82,0.76,40,7.2989320384
"2131",0.82,0.78,40,7.3146915552
"2132",0.82,0.8,40,7.330451072
"2133",0.82,0.82,40,7.3462105888
"2134",0.82,0.84,40,7.3619701056
"2135",0.82,0.86,40,7.3777296224
"2136",0.82,0.88,40,7.3934891392
"2137",0.82,0.9,40,7.409248656
"2138",0.82,0.92,40,7.4250081728
"2139",0.82,0.94,41,7.4407676896
"2140",0.82,0.96,41,7.4565408768
"2141",0.82,0.98,41,7.4726066784
"2142",0.82,1,41,7.48867248
"2143",0.84,0,35,6.81744288
"2144",0.84,0.02,35,6.8199309488
"2145",0.84,0.04,35,6.8227655744
"2146",0.84,0.06,35,6.8262209216
"2147",0.84,0.08,35,6.8327153536
"2148",0.84,0.1,35,6.8405006
"2149",0.84,0.12,35,6.8508548096
"2150",0.84,0.14,36,6.8634484688
"2151",0.84,0.16,36,6.8765349664
"2152",0.84,0.18,36,6.8896727472
"2153",0.84,0.2,36,6.902813984
"2154",0.84,0.22,36,6.9161177264
"2155",0.84,0.24,36,6.9296217024
"2156",0.84,0.26,36,6.9441526816
"2157",0.84,0.28,37,6.9590454912
"2158",0.84,0.3,37,6.973941592
"2159",0.84,0.32,37,6.9888376928
"2160",0.84,0.34,37,7.0037337936
"2161",0.84,0.36,37,7.0186560416
"2162",0.84,0.38,37,7.0335879728
"2163",0.84,0.4,37,7.048651872
"2164",0.84,0.42,38,7.0637267456
"2165",0.84,0.44,38,7.0788016192
"2166",0.84,0.46,38,7.0938764928
"2167",0.84,0.48,38,7.1089513664
"2168",0.84,0.5,38,7.12437952
"2169",0.84,0.52,38,7.139891424
"2170",0.84,0.54,38,7.155403328
"2171",0.84,0.56,39,7.170915232
"2172",0.84,0.58,39,7.186427136
"2173",0.84,0.6,39,7.20193904
"2174",0.84,0.62,39,7.2174808512
"2175",0.84,0.64,39,7.2332595264
"2176",0.84,0.66,39,7.2490382016
"2177",0.84,0.68,39,7.2648168768
"2178",0.84,0.7,39,7.280595552
"2179",0.84,0.72,39,7.2963742272
"2180",0.84,0.74,40,7.3121570432
"2181",0.84,0.76,40,7.3280279808
"2182",0.84,0.78,40,7.3439162224
"2183",0.84,0.8,40,7.359804464
"2184",0.84,0.82,40,7.3756927056
"2185",0.84,0.84,40,7.3915809472
"2186",0.84,0.86,40,7.4074691888
"2187",0.84,0.88,40,7.4233574304
"2188",0.84,0.9,40,7.439245672
"2189",0.84,0.92,41,7.4551339136
"2190",0.84,0.94,41,7.4710631024
"2191",0.84,0.96,41,7.4872693216
"2192",0.84,0.98,41,7.5034755408
"2193",0.84,1,41,7.51968176
"2194",0.86,0,35,6.84319252
"2195",0.86,0.02,35,6.8457083688
"2196",0.86,0.04,35,6.8482873872
"2197",0.86,0.06,35,6.8519034408
"2198",0.86,0.08,36,6.8587436944
"2199",0.86,0.1,36,6.866737772
"2200",0.86,0.12,36,6.87691424
"2201",0.86,0.14,36,6.8894017424
"2202",0.86,0.16,36,6.9026618656
"2203",0.86,0.18,36,6.9159864864
"2204",0.86,0.2,36,6.929412736
"2205",0.86,0.22,36,6.9428539256
"2206",0.86,0.24,37,6.9563337952
"2207",0.86,0.26,37,6.9704086824
"2208",0.86,0.28,37,6.9854591872
"2209",0.86,0.3,37,7.000509692
"2210",0.86,0.32,37,7.0155601968
"2211",0.86,0.34,37,7.0306107016
"2212",0.86,0.36,37,7.0456612064
"2213",0.86,0.38,38,7.0607117112
"2214",0.86,0.4,38,7.075762216
"2215",0.86,0.42,38,7.0908977624
"2216",0.86,0.44,38,7.1060914368
"2217",0.86,0.46,38,7.1212851112
"2218",0.86,0.48,38,7.1364953744
"2219",0.86,0.5,38,7.1521439
"2220",0.86,0.52,38,7.1677924256
"2221",0.86,0.54,39,7.1834409512
"2222",0.86,0.56,39,7.1990894768
"2223",0.86,0.58,39,7.2147380024
"2224",0.86,0.6,39,7.230386528
"2225",0.86,0.62,39,7.2460350536
"2226",0.86,0.64,39,7.2616835792
"2227",0.86,0.66,39,7.2774976664
"2228",0.86,0.68,39,7.2934027872
"2229",0.86,0.7,40,7.309307908
"2230",0.86,0.72,40,7.3252130288
"2231",0.86,0.74,40,7.3411369328
"2232",0.86,0.76,40,7.3571342272
"2233",0.86,0.78,40,7.3731408896
"2234",0.86,0.8,40,7.389157856
"2235",0.86,0.82,40,7.4051748224
"2236",0.86,0.84,40,7.4211917888
"2237",0.86,0.86,40,7.4372087552
"2238",0.86,0.88,41,7.4532257216
"2239",0.86,0.9,41,7.469242688
"2240",0.86,0.92,41,7.4853044928
"2241",0.86,0.94,41,7.5016511296
"2242",0.86,0.96,41,7.5179977664
"2243",0.86,0.98,41,7.5343444032
"2244",0.86,1,41,7.55069104
"2245",0.88,0,36,6.86894216
"2246",0.88,0.02,36,6.8714922704
"2247",0.88,0.04,36,6.8740657056
"2248",0.88,0.06,36,6.8777968864
"2249",0.88,0.08,36,6.8847720352
"2250",0.88,0.1,36,6.893156176
"2251",0.88,0.12,36,6.90318432
"2252",0.88,0.14,36,6.9154062992
"2253",0.88,0.16,36,6.9289139744
"2254",0.88,0.18,36,6.9424627312
"2255",0.88,0.2,37,6.956011488
"2256",0.88,0.22,37,6.9695973248
"2257",0.88,0.24,37,6.9831990016
"2258",0.88,0.26,37,6.9969530112
"2259",0.88,0.28,37,7.0120205216
"2260",0.88,0.3,37,7.027159136
"2261",0.88,0.32,37,7.0423282144
"2262",0.88,0.34,38,7.0574972928
"2263",0.88,0.36,38,7.0726663712
"2264",0.88,0.38,38,7.0878354496
"2265",0.88,0.4,38,7.103004528
"2266",0.88,0.42,38,7.1181736064
"2267",0.88,0.44,38,7.1333812544
"2268",0.88,0.46,38,7.1487714704
"2269",0.88,0.48,38,7.1645488352
"2270",0.88,0.5,39,7.1803262
"2271",0.88,0.52,39,7.1961035648
"2272",0.88,0.54,39,7.2118809296
"2273",0.88,0.56,39,7.2276582944
"2274",0.88,0.58,39,7.2434356592
"2275",0.88,0.6,39,7.259213024
"2276",0.88,0.62,39,7.2749903888
"2277",0.88,0.64,39,7.2907677536
"2278",0.88,0.66,40,7.3065451184
"2279",0.88,0.68,40,7.3223224832
"2280",0.88,0.7,40,7.338099848
"2281",0.88,0.72,40,7.3540518304
"2282",0.88,0.74,40,7.3701343984
"2283",0.88,0.76,40,7.3862424576
"2284",0.88,0.78,40,7.4023680928
"2285",0.88,0.8,40,7.418511248
"2286",0.88,0.82,40,7.4346569392
"2287",0.88,0.84,41,7.4508026304
"2288",0.88,0.86,41,7.4669483216
"2289",0.88,0.88,41,7.4830940128
"2290",0.88,0.9,41,7.499265048
"2291",0.88,0.92,41,7.5157521024
"2292",0.88,0.94,41,7.5322391568
"2293",0.88,0.96,41,7.5487262112
"2294",0.88,0.98,41,7.5652132656
"2295",0.88,1,41,7.58174552
"2296",0.9,0,36,6.896251
"2297",0.9,0.02,36,6.897363308
"2298",0.9,0.04,36,6.900148512
"2299",0.9,0.06,36,6.903690332
"2300",0.9,0.08,36,6.910800376
"2301",0.9,0.1,36,6.91957458
"2302",0.9,0.12,36,6.929473536
"2303",0.9,0.14,36,6.941596448
"2304",0.9,0.16,37,6.955267712
"2305",0.9,0.18,37,6.968938976
"2306",0.9,0.2,37,6.98261724
"2307",0.9,0.22,37,6.996340724
"2308",0.9,0.24,37,7.010068848
"2309",0.9,0.26,37,7.023963756
"2310",0.9,0.28,37,7.039163648
"2311",0.9,0.3,38,7.05439858
"2312",0.9,0.32,38,7.069633512
"2313",0.9,0.34,38,7.084868444
"2314",0.9,0.36,38,7.100103376
"2315",0.9,0.38,38,7.115338308
"2316",0.9,0.4,38,7.13057324
"2317",0.9,0.42,38,7.145808172
"2318",0.9,0.44,38,7.161043104
"2319",0.9,0.46,39,7.17670354
"2320",0.9,0.48,39,7.192602296
"2321",0.9,0.5,39,7.2085085
"2322",0.9,0.52,39,7.224414704
"2323",0.9,0.54,39,7.240320908
"2324",0.9,0.56,39,7.256227112
"2325",0.9,0.58,39,7.272133316
"2326",0.9,0.6,39,7.28803952
"2327",0.9,0.62,40,7.303945724
"2328",0.9,0.64,40,7.319851928
"2329",0.9,0.66,40,7.335758132
"2330",0.9,0.68,40,7.351664336
"2331",0.9,0.7,40,7.36766424
"2332",0.9,0.72,40,7.383698984
"2333",0.9,0.74,40,7.399733728
"2334",0.9,0.76,40,7.415768472
"2335",0.9,0.78,40,7.431803216
"2336",0.9,0.8,41,7.44795044
"2337",0.9,0.82,41,7.464182336
"2338",0.9,0.84,41,7.480414232
"2339",0.9,0.86,41,7.496687888
"2340",0.9,0.88,41,7.512962304
"2341",0.9,0.9,41,7.52957224
"2342",0.9,0.92,41,7.546199712
"2343",0.9,0.94,41,7.562827184
"2344",0.9,0.96,41,7.579454656
"2345",0.9,0.98,41,7.596122572
"2346",0.9,1,42,7.6128146
"2347",0.92,0,36,6.924924
"2348",0.92,0.02,36,6.9257972064
"2349",0.92,0.04,36,6.9272277376
"2350",0.92,0.06,36,6.9303234032
"2351",0.92,0.08,36,6.9370729664
"2352",0.92,0.1,36,6.946051736
"2353",0.92,0.12,37,6.9560817856
"2354",0.92,0.14,37,6.9678456624
"2355",0.92,0.16,37,6.9817273056
"2356",0.92,0.18,37,6.9956089488
"2357",0.92,0.2,37,7.009520432
"2358",0.92,0.22,37,7.0234535952
"2359",0.92,0.24,37,7.0373867584
"2360",0.92,0.26,37,7.0513425968
"2361",0.92,0.28,38,7.0663067744
"2362",0.92,0.3,38,7.081665224
"2363",0.92,0.32,38,7.0970236736
"2364",0.92,0.34,38,7.1123821232
"2365",0.92,0.36,38,7.1277405728
"2366",0.92,0.38,38,7.1430990224
"2367",0.92,0.4,38,7.158457472
"2368",0.92,0.42,39,7.1738159216
"2369",0.92,0.44,39,7.1891743712
"2370",0.92,0.46,39,7.204817576
"2371",0.92,0.48,39,7.2207749728
"2372",0.92,0.5,39,7.23679836
"2373",0.92,0.52,39,7.2528217472
"2374",0.92,0.54,39,7.2688451344
"2375",0.92,0.56,39,7.2848685216
"2376",0.92,0.58,40,7.3008919088
"2377",0.92,0.6,40,7.316915296
"2378",0.92,0.62,40,7.3329386832
"2379",0.92,0.64,40,7.3489620704
"2380",0.92,0.66,40,7.3650534736
"2381",0.92,0.68,40,7.3812178528
"2382",0.92,0.7,40,7.397382232
"2383",0.92,0.72,40,7.4135466112
"2384",0.92,0.74,40,7.4297109904
"2385",0.92,0.76,41,7.4458753696
"2386",0.92,0.78,41,7.4620397488
"2387",0.92,0.8,41,7.478204128
"2388",0.92,0.82,41,7.4943685072
"2389",0.92,0.84,41,7.5105328864
"2390",0.92,0.86,41,7.5266972656
"2391",0.92,0.88,41,7.5431670144
"2392",0.92,0.9,41,7.559890472
"2393",0.92,0.92,41,7.5766473216
"2394",0.92,0.94,41,7.5934152112
"2395",0.92,0.96,42,7.6102146752
"2396",0.92,0.98,42,7.6270491776
"2397",0.92,1,42,7.64388368
"2398",0.94,0,37,6.953694
"2399",0.94,0.02,37,6.9544634576
"2400",0.94,0.04,37,6.9553548096
"2401",0.94,0.06,37,6.9573968384
"2402",0.94,0.08,37,6.9636394448
"2403",0.94,0.1,37,6.973049136
"2404",0.94,0.12,37,6.9834685328
"2405",0.94,0.14,37,6.9945098368
"2406",0.94,0.16,37,7.0085179392
"2407",0.94,0.18,37,7.0225279016
"2408",0.94,0.2,37,7.036586824
"2409",0.94,0.22,37,7.0506457464
"2410",0.94,0.24,38,7.064752144
"2411",0.94,0.26,38,7.078906916
"2412",0.94,0.28,38,7.0935412544
"2413",0.94,0.3,38,7.109027724
"2414",0.94,0.32,38,7.1245141936
"2415",0.94,0.34,38,7.1400006632
"2416",0.94,0.36,38,7.1554871328
"2417",0.94,0.38,39,7.1709736024
"2418",0.94,0.4,39,7.186460072
"2419",0.94,0.42,39,7.2019540248
"2420",0.94,0.44,39,7.2174513936
"2421",0.94,0.46,39,7.2332523048
"2422",0.94,0.48,39,7.2492898624
"2423",0.94,0.5,39,7.26544114
"2424",0.94,0.52,39,7.2815990048
"2425",0.94,0.54,40,7.2977568696
"2426",0.94,0.56,40,7.3139147344
"2427",0.94,0.58,40,7.3300725992
"2428",0.94,0.6,40,7.346230464
"2429",0.94,0.62,40,7.3623883288
"2430",0.94,0.64,40,7.3785461936
"2431",0.94,0.66,40,7.3947619616
"2432",0.94,0.68,40,7.4110073168
"2433",0.94,0.7,40,7.427252672
"2434",0.94,0.72,41,7.4434980272
"2435",0.94,0.74,41,7.4597433824
"2436",0.94,0.76,41,7.4759887376
"2437",0.94,0.78,41,7.4922762816
"2438",0.94,0.8,41,7.508570296
"2439",0.94,0.82,41,7.5248643104
"2440",0.94,0.84,41,7.5411583248
"2441",0.94,0.86,41,7.5577198912
"2442",0.94,0.88,41,7.5745898096
"2443",0.94,0.9,41,7.591459728
"2444",0.94,0.92,42,7.6083296464
"2445",0.94,0.94,42,7.6251995648
"2446",0.94,0.96,42,7.642146896
"2447",0.94,0.98,42,7.659131828
"2448",0.94,1,42,7.67611676
"2449",0.96,0,37,6.982464
"2450",0.96,0.02,37,6.9832301984
"2451",0.96,0.04,37,6.9839963968
"2452",0.96,0.06,37,6.9849238096
"2453",0.96,0.08,37,6.9903967424
"2454",0.96,0.1,37,7.000507632
"2455",0.96,0.12,37,7.0111156576
"2456",0.96,0.14,37,7.0219192672
"2457",0.96,0.16,37,7.035371664
"2458",0.96,0.18,37,7.049641776
"2459",0.96,0.2,38,7.06393296
"2460",0.96,0.22,38,7.0782263184
"2461",0.96,0.24,38,7.0925368928
"2462",0.96,0.26,38,7.1068474672
"2463",0.96,0.28,38,7.1212697248
"2464",0.96,0.3,38,7.136729008
"2465",0.96,0.32,38,7.1523531072
"2466",0.96,0.34,38,7.1679772064
"2467",0.96,0.36,39,7.1836013056
"2468",0.96,0.38,39,7.1992254048
"2469",0.96,0.4,39,7.214849504
"2470",0.96,0.42,39,7.2304736032
"2471",0.96,0.44,39,7.2460977024
"2472",0.96,0.46,39,7.2619601632
"2473",0.96,0.48,39,7.2781297216
"2474",0.96,0.5,39,7.29431976
"2475",0.96,0.52,40,7.3106093632
"2476",0.96,0.54,40,7.3268989664
"2477",0.96,0.56,40,7.3431885696
"2478",0.96,0.58,40,7.3594781728
"2479",0.96,0.6,40,7.375767776
"2480",0.96,0.62,40,7.3920573792
"2481",0.96,0.64,40,7.4083469824
"2482",0.96,0.66,40,7.4247024944
"2483",0.96,0.68,41,7.4410811712
"2484",0.96,0.7,41,7.457459848
"2485",0.96,0.72,41,7.4738385248
"2486",0.96,0.74,41,7.4902172016
"2487",0.96,0.76,41,7.5065958784
"2488",0.96,0.78,41,7.5229745552
"2489",0.96,0.8,41,7.539353232
"2490",0.96,0.82,41,7.5557319088
"2491",0.96,0.84,41,7.5725605952
"2492",0.96,0.86,41,7.5895833808
"2493",0.96,0.88,42,7.6066061664
"2494",0.96,0.9,42,7.623632712
"2495",0.96,0.92,42,7.6407754496
"2496",0.96,0.94,42,7.6579181872
"2497",0.96,0.96,42,7.6750609248
"2498",0.96,0.98,42,7.6922036624
"2499",0.96,1,42,7.7093464
"2500",0.98,0,37,7.011234
"2501",0.98,0.02,37,7.0119969392
"2502",0.98,0.04,37,7.0127598784
"2503",0.98,0.06,37,7.0135228176
"2504",0.98,0.08,37,7.0174571712
"2505",0.98,0.1,37,7.028251328
"2506",0.98,0.12,37,7.0391313776
"2507",0.98,0.14,37,7.0500389696
"2508",0.98,0.16,38,7.062679976
"2509",0.98,0.18,38,7.077102528
"2510",0.98,0.2,38,7.09152744
"2511",0.98,0.22,38,7.105983736
"2512",0.98,0.24,38,7.120440032
"2513",0.98,0.26,38,7.134896328
"2514",0.98,0.28,38,7.149352624
"2515",0.98,0.3,38,7.164488204
"2516",0.98,0.32,39,7.1802390336
"2517",0.98,0.34,39,7.1959898632
"2518",0.98,0.36,39,7.2117406928
"2519",0.98,0.38,39,7.2274915224
"2520",0.98,0.4,39,7.243242352
"2521",0.98,0.42,39,7.2589931816
"2522",0.98,0.44,39,7.2747440112
"2523",0.98,0.46,39,7.2906680216
"2524",0.98,0.48,40,7.3069695808
"2525",0.98,0.5,40,7.32329642
"2526",0.98,0.52,40,7.3397384192
"2527",0.98,0.54,40,7.3561804184
"2528",0.98,0.56,40,7.3726224176
"2529",0.98,0.58,40,7.3890644168
"2530",0.98,0.6,40,7.405506416
"2531",0.98,0.62,40,7.4219484152
"2532",0.98,0.64,40,7.4383904144
"2533",0.98,0.66,41,7.4548324136
"2534",0.98,0.68,41,7.4712744128
"2535",0.98,0.7,41,7.487716412
"2536",0.98,0.72,41,7.5041790224
"2537",0.98,0.74,41,7.5206910208
"2538",0.98,0.76,41,7.5372030192
"2539",0.98,0.78,41,7.5537150176
"2540",0.98,0.8,41,7.570227016
"2541",0.98,0.82,41,7.5871636064
"2542",0.98,0.84,42,7.6043382768
"2543",0.98,0.86,42,7.6216251552
"2544",0.98,0.88,42,7.6389257616
"2545",0.98,0.9,42,7.656226368
"2546",0.98,0.92,42,7.6735269744
"2547",0.98,0.94,42,7.6908275808
"2548",0.98,0.96,42,7.7081281872
"2549",0.98,0.98,42,7.7254287936
"2550",0.98,1,42,7.7427294
"2551",1,0,37,7.040004
"2552",1,0.02,37,7.04076368
"2553",1,0.04,37,7.04152336
"2554",1,0.06,37,7.04228304
"2555",1,0.08,37,7.04544184
"2556",1,0.1,38,7.0564788
"2557",1,0.12,38,7.06751576
"2558",1,0.14,38,7.07855272
"2559",1,0.16,38,7.09030104
"2560",1,0.18,38,7.10479792
"2561",1,0.2,38,7.1192948
"2562",1,0.22,38,7.13385232
"2563",1,0.24,38,7.14843544
"2564",1,0.26,38,7.16301856
"2565",1,0.28,39,7.17760168
"2566",1,0.3,39,7.1931414
"2567",1,0.32,39,7.20899296
"2568",1,0.34,39,7.22484452
"2569",1,0.36,39,7.24069608
"2570",1,0.38,39,7.25654764
"2571",1,0.4,39,7.2723992
"2572",1,0.42,39,7.28826076
"2573",1,0.44,40,7.30413432
"2574",1,0.46,40,7.32001496
"2575",1,0.48,40,7.33603248
"2576",1,0.5,40,7.352538
"2577",1,0.52,40,7.36911552
"2578",1,0.54,40,7.38569304
"2579",1,0.56,40,7.40227056
"2580",1,0.58,40,7.41884808
"2581",1,0.6,40,7.4354256
"2582",1,0.62,41,7.45200312
"2583",1,0.64,41,7.46858064
"2584",1,0.66,41,7.48515816
"2585",1,0.68,41,7.50173568
"2586",1,0.7,41,7.5183132
"2587",1,0.72,41,7.53489072
"2588",1,0.74,41,7.55146824
"2589",1,0.76,41,7.56804576
"2590",1,0.78,41,7.58508328
"2591",1,0.8,42,7.6023508
"2592",1,0.82,42,7.61981172
"2593",1,0.84,42,7.63727264
"2594",1,0.86,42,7.65473356
"2595",1,0.88,42,7.67219448
"2596",1,0.9,42,7.6896554
"2597",1,0.92,42,7.70711632
"2598",1,0.94,42,7.72457724
"2599",1,0.96,42,7.74203816
"2600",1,0.98,42,7.75949908
"2601",1,1,43,7.77696
