0,0,10,10
0,0.02,9.90196078431373,9.90196
0,0.04,9.80769230769231,9.80769
0,0.06,9.71698113207547,9.71698
0,0.08,9.62962962962963,9.629835
0,0.1,9.54545454545455,9.550225
0,0.12,9.46428571428572,9.47439
0,0.14,9.3859649122807,9.40183
0,0.16,9.31034482758621,9.33167
0,0.18,9.23728813559323,9.26397
0,0.2,9.16666666666667,9.197955
0,0.22,9.09836065573771,9.13396
0,0.24,9.03225806451613,9.072405
0,0.26,8.96825396825397,9.01251
0,0.28,8.90625,8.955185
0,0.3,8.84615384615385,8.89943
0,0.32,8.78787878787879,8.8455
0,0.34,8.73134328358209,8.792905
0,0.36,8.6764705882353,8.74152
0,0.38,8.6231884057971,8.6919
0,0.4,8.57142857142857,8.64344
0,0.42,8.52112676056339,8.59687
0,0.44,8.47222222222222,8.551055
0,0.46,8.42465753424658,8.506765
0,0.48,8.37837837837838,8.463995
0,0.5,8.33333333333334,8.42175
0,0.52,8.28947368421053,8.38083
0,0.54,8.24675324675325,8.341355
0,0.56,8.20512820512821,8.301595
0,0.58,8.16455696202532,8.2628
0,0.6,8.125,8.22651
0,0.62,8.08641975308642,8.19054
0,0.64,8.04878048780488,8.155305
0,0.66,8.01204819277109,8.120725
0,0.68,7.97619047619048,8.0874
0,0.7,7.94117647058824,8.05381
0,0.72,7.90697674418605,8.022145
0,0.74,7.87356321839081,7.989525
0,0.76,7.84090909090909,7.95905
0,0.78,7.80898876404495,7.92928
0,0.8,7.77777777777778,7.898765
0,0.82,7.74725274725275,7.86989
0,0.84,7.71739130434783,7.84203
0,0.86,7.68817204301075,7.813655
0,0.88,7.65957446808511,7.786945
0,0.9,7.63157894736842,7.76022
0,0.92,7.60416666666667,7.734425
0,0.94,7.57731958762887,7.70898
0,0.96,7.55102040816327,7.6838
0,0.98,7.52525252525253,7.66064
0,1,7.5,7.635185
0.02,0,10,10
0.02,0.02,9.9,9.9
0.02,0.04,9.80392156862745,9.80392
0.02,0.06,9.71153846153846,9.71154
0.02,0.08,9.62264150943396,9.62289
0.02,0.1,9.53703703703704,9.544515
0.02,0.12,9.45454545454546,9.466
0.02,0.14,9.375,9.391275
0.02,0.16,9.29824561403509,9.32368
0.02,0.18,9.22413793103449,9.24943
0.02,0.2,9.15254237288136,9.189465
0.02,0.22,9.08333333333333,9.123115
0.02,0.24,9.01639344262295,9.06491
0.02,0.26,8.95161290322581,9.005435
0.02,0.28,8.88888888888889,8.941715
0.02,0.3,8.828125,8.887625
0.02,0.32,8.76923076923077,8.83332
0.02,0.34,8.71212121212121,8.79003
0.02,0.36,8.65671641791045,8.729105
0.02,0.38,8.60294117647059,8.67835
0.02,0.4,8.55072463768116,8.63701
0.02,0.42,8.5,8.586965
0.02,0.44,8.45070422535211,8.55308
0.02,0.46,8.40277777777778,8.4937
0.02,0.48,8.35616438356164,8.453495
0.02,0.5,8.31081081081081,8.41285
0.02,0.52,8.26666666666667,8.37069
0.02,0.54,8.22368421052632,8.33655
0.02,0.56,8.18181818181818,8.297955
0.02,0.58,8.14102564102564,8.264565
0.02,0.6,8.10126582278481,8.2272
0.02,0.62,8.0625,8.19103
0.02,0.64,8.02469135802469,8.15879
0.02,0.66,7.98780487804878,8.12844
0.02,0.68,7.95180722891566,8.09379
0.02,0.7,7.91666666666667,8.059425
0.02,0.72,7.88235294117647,8.024655
0.02,0.74,7.84883720930233,7.997675
0.02,0.76,7.81609195402299,7.975395
0.02,0.78,7.78409090909091,7.933615
0.02,0.8,7.75280898876405,7.914325
0.02,0.82,7.72222222222222,7.887805
0.02,0.84,7.69230769230769,7.859705
0.02,0.86,7.66304347826087,7.82856
0.02,0.88,7.63440860215054,7.803335
0.02,0.9,7.60638297872341,7.783055
0.02,0.92,7.57894736842105,7.79973
0.02,0.94,7.55208333333334,7.79137
0.02,0.96,7.52577319587629,7.762125
0.02,0.98,7.5,7.74003
0.02,1,7.47474747474748,7.71343
0.04,0,10,10
0.04,0.02,9.89795918367347,9.89796
0.04,0.04,9.8,9.8
0.04,0.06,9.70588235294118,9.70588
0.04,0.08,9.61538461538462,9.615745
0.04,0.1,9.52830188679245,9.53652
0.04,0.12,9.44444444444445,9.45469
0.04,0.14,9.36363636363636,9.38078
0.04,0.16,9.28571428571429,9.308175
0.04,0.18,9.21052631578948,9.239635
0.04,0.2,9.13793103448276,9.172885
0.04,0.22,9.06779661016949,9.107495
0.04,0.24,9,9.041385
0.04,0.26,8.9344262295082,8.979755
0.04,0.28,8.87096774193548,8.922105
0.04,0.3,8.80952380952381,8.865405
0.04,0.32,8.75,8.810235
0.04,0.34,8.69230769230769,8.756505
0.04,0.36,8.63636363636364,8.703515
0.04,0.38,8.58208955223881,8.653385
0.04,0.4,8.52941176470588,8.606765
0.04,0.42,8.47826086956522,8.5556
0.04,0.44,8.42857142857143,8.51267
0.04,0.46,8.38028169014084,8.467455
0.04,0.48,8.33333333333333,8.42481
0.04,0.5,8.28767123287671,8.38474
0.04,0.52,8.24324324324324,8.33786
0.04,0.54,8.2,8.29836
0.04,0.56,8.1578947368421,8.265265
0.04,0.58,8.11688311688312,8.21737
0.04,0.6,8.07692307692308,8.18551
0.04,0.62,8.03797468354431,8.150545
0.04,0.64,8,8.111515
0.04,0.66,7.96296296296296,8.07636
0.04,0.68,7.92682926829268,8.046415
0.04,0.7,7.89156626506024,8.011655
0.04,0.72,7.85714285714286,7.98223
0.04,0.74,7.82352941176471,7.94979
0.04,0.76,7.79069767441861,7.917415
0.04,0.78,7.75862068965517,7.88759
0.04,0.8,7.72727272727273,7.85903
0.04,0.82,7.69662921348315,7.829825
0.04,0.84,7.66666666666667,7.80191
0.04,0.86,7.63736263736264,7.775825
0.04,0.88,7.60869565217391,7.74931
0.04,0.9,7.58064516129032,7.72176
0.04,0.92,7.5531914893617,7.694095
0.04,0.94,7.52631578947369,7.673325
0.04,0.96,7.5,7.64429
0.04,0.98,7.47422680412371,7.617295
0.04,1,7.44897959183674,7.59433
0.06,0,10,10
0.06,0.02,9.89583333333333,9.89583
0.06,0.04,9.79591836734694,9.79592
0.06,0.06,9.7,9.7
0.06,0.08,9.6078431372549,9.60806
0.06,0.1,9.51923076923077,9.525305
0.06,0.12,9.43396226415095,9.447045
0.06,0.14,9.35185185185185,9.368455
0.06,0.16,9.27272727272728,9.298335
0.06,0.18,9.19642857142857,9.22384
0.06,0.2,9.12280701754386,9.156965
0.06,0.22,9.05172413793104,9.09035
0.06,0.24,8.98305084745763,9.026455
0.06,0.26,8.91666666666667,8.96234
0.06,0.28,8.85245901639345,8.905045
0.06,0.3,8.79032258064516,8.847215
0.06,0.32,8.73015873015873,8.79164
0.06,0.34,8.671875,8.73693
0.06,0.36,8.61538461538462,8.68609
0.06,0.38,8.56060606060606,8.634635
0.06,0.4,8.50746268656716,8.58252
0.06,0.42,8.45588235294118,8.535665
0.06,0.44,8.40579710144928,8.491935
0.06,0.46,8.35714285714286,8.44308
0.06,0.48,8.30985915492958,8.399905
0.06,0.5,8.26388888888889,8.357795
0.06,0.52,8.21917808219179,8.313745
0.06,0.54,8.17567567567568,8.274935
0.06,0.56,8.13333333333334,8.23412
0.06,0.58,8.0921052631579,8.198125
0.06,0.6,8.05194805194805,8.15854
0.06,0.62,8.01282051282051,8.12424
0.06,0.64,7.9746835443038,8.08514
0.06,0.66,7.9375,8.05258
0.06,0.68,7.90123456790124,8.01871
0.06,0.7,7.86585365853659,7.98366
0.06,0.72,7.83132530120482,7.95178
0.06,0.74,7.79761904761905,7.92052
0.06,0.76,7.76470588235294,7.88834
0.06,0.78,7.73255813953489,7.858575
0.06,0.8,7.70114942528736,7.828695
0.06,0.82,7.67045454545454,7.7977
0.06,0.84,7.64044943820225,7.77385
0.06,0.86,7.61111111111111,7.745325
0.06,0.88,7.58241758241758,7.71916
0.06,0.9,7.55434782608696,7.69015
0.06,0.92,7.52688172043011,7.66718
0.06,0.94,7.5,7.639425
0.06,0.96,7.47368421052632,7.614645
0.06,0.98,7.44791666666667,7.59278
0.06,1,7.42268041237113,7.56342
0.08,0,10,10
0.08,0.02,9.8936170212766,9.89362
0.08,0.04,9.79166666666667,9.79167
0.08,0.06,9.69387755102041,9.69388
0.08,0.08,9.6,9.600505
0.08,0.1,9.50980392156863,9.5158
0.08,0.12,9.42307692307693,9.435595
0.08,0.14,9.33962264150944,9.35889
0.08,0.16,9.25925925925926,9.28254
0.08,0.18,9.18181818181818,9.21257
0.08,0.2,9.10714285714286,9.14141
0.08,0.22,9.03508771929825,9.074975
0.08,0.24,8.96551724137931,9.009425
0.08,0.26,8.89830508474576,8.947245
0.08,0.28,8.83333333333334,8.888225
0.08,0.3,8.77049180327869,8.828495
0.08,0.32,8.70967741935484,8.770915
0.08,0.34,8.65079365079366,8.71738
0.08,0.36,8.59375,8.66454
0.08,0.38,8.53846153846154,8.613345
0.08,0.4,8.48484848484849,8.563095
0.08,0.42,8.43283582089552,8.514355
0.08,0.44,8.38235294117647,8.46879
0.08,0.46,8.33333333333334,8.42019
0.08,0.48,8.28571428571429,8.377215
0.08,0.5,8.23943661971831,8.336415
0.08,0.52,8.19444444444445,8.28911
0.08,0.54,8.15068493150685,8.25089
0.08,0.56,8.10810810810811,8.211725
0.08,0.58,8.06666666666667,8.171145
0.08,0.6,8.02631578947368,8.13435
0.08,0.62,7.98701298701299,8.099375
0.08,0.64,7.94871794871795,8.062995
0.08,0.66,7.91139240506329,8.025175
0.08,0.68,7.875,7.99068
0.08,0.7,7.83950617283951,7.956605
0.08,0.72,7.80487804878049,7.92675
0.08,0.74,7.7710843373494,7.895065
0.08,0.76,7.73809523809524,7.860735
0.08,0.78,7.70588235294118,7.832455
0.08,0.8,7.67441860465116,7.80079
0.08,0.82,7.64367816091954,7.77117
0.08,0.84,7.61363636363637,7.744065
0.08,0.86,7.58426966292135,7.71669
0.08,0.88,7.55555555555556,7.68859
0.08,0.9,7.52747252747253,7.66471
0.08,0.92,7.5,7.638315
0.08,0.94,7.47311827956989,7.611375
0.08,0.96,7.4468085106383,7.583265
0.08,0.98,7.42105263157895,7.560305
0.08,1,7.39583333333334,7.53732
0.1,0,10,10
0.1,0.02,9.89130434782609,9.8913
0.1,0.04,9.78723404255319,9.78723
0.1,0.06,9.6875,9.6875
0.1,0.08,9.59183673469388,9.59298
0.1,0.1,9.5,9.50618
0.1,0.12,9.41176470588236,9.42561
0.1,0.14,9.32692307692308,9.346825
0.1,0.16,9.24528301886793,9.270645
0.1,0.18,9.16666666666667,9.196985
0.1,0.2,9.09090909090909,9.124775
0.1,0.22,9.01785714285715,9.05745
0.1,0.24,8.94736842105263,8.99084
0.1,0.26,8.87931034482759,8.92945
0.1,0.28,8.8135593220339,8.86799
0.1,0.3,8.75,8.808695
0.1,0.32,8.68852459016393,8.75188
0.1,0.34,8.62903225806452,8.69636
0.1,0.36,8.57142857142857,8.64305
0.1,0.38,8.515625,8.591255
0.1,0.4,8.46153846153846,8.541155
0.1,0.42,8.40909090909091,8.492335
0.1,0.44,8.35820895522388,8.44333
0.1,0.46,8.30882352941177,8.39732
0.1,0.48,8.26086956521739,8.35213
0.1,0.5,8.21428571428572,8.30844
0.1,0.52,8.16901408450704,8.26819
0.1,0.54,8.125,8.226935
0.1,0.56,8.08219178082192,8.18571
0.1,0.58,8.04054054054054,8.146065
0.1,0.6,8,8.11053
0.1,0.62,7.96052631578948,8.07224
0.1,0.64,7.92207792207792,8.036505
0.1,0.66,7.88461538461539,8.00083
0.1,0.68,7.84810126582279,7.96416
0.1,0.7,7.8125,7.931755
0.1,0.72,7.77777777777778,7.897895
0.1,0.74,7.74390243902439,7.86757
0.1,0.76,7.71084337349398,7.836775
0.1,0.78,7.67857142857143,7.805595
0.1,0.8,7.64705882352941,7.77484
0.1,0.82,7.61627906976744,7.746675
0.1,0.84,7.58620689655172,7.71435
0.1,0.86,7.55681818181818,7.690365
0.1,0.88,7.52808988764045,7.66137
0.1,0.9,7.5,7.634605
0.1,0.92,7.47252747252747,7.60877
0.1,0.94,7.44565217391304,7.582945
0.1,0.96,7.41935483870968,7.55677
0.1,0.98,7.3936170212766,7.534785
0.1,1,7.36842105263158,7.50847
0.12,0,10,10
0.12,0.02,9.88888888888889,9.88889
0.12,0.04,9.78260869565218,9.78261
0.12,0.06,9.68085106382979,9.68085
0.12,0.08,9.58333333333334,9.583895
0.12,0.1,9.48979591836735,9.49727
0.12,0.12,9.4,9.41383
0.12,0.14,9.31372549019608,9.33311
0.12,0.16,9.23076923076923,9.25676
0.12,0.18,9.15094339622642,9.181995
0.12,0.2,9.07407407407408,9.109855
0.12,0.22,9,9.04078
0.12,0.24,8.92857142857143,8.973625
0.12,0.26,8.85964912280702,8.9098
0.12,0.28,8.79310344827586,8.849605
0.12,0.3,8.72881355932203,8.788305
0.12,0.32,8.66666666666667,8.730875
0.12,0.34,8.60655737704918,8.674365
0.12,0.36,8.5483870967742,8.621105
0.12,0.38,8.4920634920635,8.56831
0.12,0.4,8.4375,8.5169
0.12,0.42,8.38461538461539,8.467615
0.12,0.44,8.33333333333334,8.420375
0.12,0.46,8.28358208955224,8.37178
0.12,0.48,8.23529411764706,8.32928
0.12,0.5,8.18840579710145,8.284235
0.12,0.52,8.14285714285714,8.23973
0.12,0.54,8.09859154929578,8.19925
0.12,0.56,8.05555555555556,8.1593
0.12,0.58,8.01369863013699,8.12079
0.12,0.6,7.97297297297298,8.08201
0.12,0.62,7.93333333333333,8.043495
0.12,0.64,7.89473684210526,8.00806
0.12,0.66,7.85714285714286,7.9742
0.12,0.68,7.82051282051282,7.93853
0.12,0.7,7.78481012658228,7.90409
0.12,0.72,7.75,7.87174
0.12,0.74,7.71604938271605,7.83931
0.12,0.76,7.68292682926829,7.80845
0.12,0.78,7.65060240963856,7.777755
0.12,0.8,7.61904761904762,7.748535
0.12,0.82,7.58823529411765,7.71856
0.12,0.84,7.55813953488372,7.688615
0.12,0.86,7.52873563218391,7.661905
0.12,0.88,7.5,7.63468
0.12,0.9,7.47191011235955,7.60707
0.12,0.92,7.44444444444445,7.58223
0.12,0.94,7.41758241758242,7.55819
0.12,0.96,7.39130434782609,7.529825
0.12,0.98,7.36559139784946,7.50594
0.12,1,7.34042553191489,7.48178
0.14,0,10,10
0.14,0.02,9.88636363636364,9.88636
0.14,0.04,9.77777777777778,9.77778
0.14,0.06,9.67391304347826,9.67391
0.14,0.08,9.57446808510639,9.57498
0.14,0.1,9.47916666666667,9.486635
0.14,0.12,9.38775510204082,9.401955
0.14,0.14,9.3,9.3204
0.14,0.16,9.21568627450981,9.24155
0.14,0.18,9.13461538461539,9.166715
0.14,0.2,9.05660377358491,9.093845
0.14,0.22,8.98148148148149,9.02459
0.14,0.24,8.90909090909091,8.95634
0.14,0.26,8.83928571428572,8.89025
0.14,0.28,8.7719298245614,8.827305
0.14,0.3,8.70689655172414,8.76791
0.14,0.32,8.64406779661017,8.7074
0.14,0.34,8.58333333333334,8.653455
0.14,0.36,8.52459016393443,8.59746
0.14,0.38,8.46774193548387,8.546445
0.14,0.4,8.41269841269842,8.49441
0.14,0.42,8.359375,8.44544
0.14,0.44,8.30769230769231,8.394325
0.14,0.46,8.25757575757576,8.350265
0.14,0.48,8.2089552238806,8.30339
0.14,0.5,8.16176470588236,8.259015
0.14,0.52,8.11594202898551,8.215425
0.14,0.54,8.07142857142858,8.174285
0.14,0.56,8.02816901408451,8.13379
0.14,0.58,7.98611111111111,8.09361
0.14,0.6,7.94520547945206,8.05424
0.14,0.62,7.90540540540541,8.02011
0.14,0.64,7.86666666666667,7.98361
0.14,0.66,7.82894736842105,7.945965
0.14,0.68,7.7922077922078,7.91191
0.14,0.7,7.75641025641026,7.877425
0.14,0.72,7.72151898734178,7.844635
0.14,0.74,7.6875,7.81323
0.14,0.76,7.65432098765432,7.781485
0.14,0.78,7.6219512195122,7.75026
0.14,0.8,7.59036144578314,7.720865
0.14,0.82,7.55952380952381,7.69129
0.14,0.84,7.52941176470589,7.66213
0.14,0.86,7.5,7.63531
0.14,0.88,7.47126436781609,7.606975
0.14,0.9,7.44318181818182,7.58117
0.14,0.92,7.41573033707865,7.55456
0.14,0.94,7.38888888888889,7.528425
0.14,0.96,7.36263736263736,7.504395
0.14,0.98,7.33695652173913,7.47863
0.14,1,7.31182795698925,7.45533
0.16,0,10,10
0.16,0.02,9.88372093023256,9.88372
0.16,0.04,9.77272727272727,9.77273
0.16,0.06,9.66666666666667,9.66667
0.16,0.08,9.56521739130435,9.566635
0.16,0.1,9.46808510638298,9.47683
0.16,0.12,9.375,9.389595
0.16,0.14,9.28571428571429,9.30667
0.16,0.16,9.2,9.226245
0.16,0.18,9.11764705882353,9.14916
0.16,0.2,9.03846153846154,9.07562
0.16,0.22,8.9622641509434,9.00375
0.16,0.24,8.88888888888889,8.9356
0.16,0.26,8.81818181818182,8.870935
0.16,0.28,8.75,8.807825
0.16,0.3,8.68421052631579,8.74654
0.16,0.32,8.62068965517242,8.685875
0.16,0.34,8.55932203389831,8.63048
0.16,0.36,8.5,8.574795
0.16,0.38,8.44262295081968,8.52214
0.16,0.4,8.38709677419355,8.47062
0.16,0.42,8.33333333333334,8.421315
0.16,0.44,8.28125,8.3699
0.16,0.46,8.23076923076924,8.323885
0.16,0.48,8.18181818181818,8.27772
0.16,0.5,8.13432835820896,8.233265
0.16,0.52,8.08823529411765,8.18973
0.16,0.54,8.04347826086957,8.149625
0.16,0.56,8,8.10827
0.16,0.58,7.95774647887324,8.069055
0.16,0.6,7.91666666666667,8.02896
0.16,0.62,7.87671232876712,7.992715
0.16,0.64,7.83783783783784,7.955235
0.16,0.66,7.8,7.91938
0.16,0.68,7.76315789473684,7.88543
0.16,0.7,7.72727272727273,7.852815
0.16,0.72,7.6923076923077,7.81648
0.16,0.74,7.65822784810127,7.786175
0.16,0.76,7.625,7.754165
0.16,0.78,7.5925925925926,7.72381
0.16,0.8,7.5609756097561,7.693575
0.16,0.82,7.53012048192771,7.66474
0.16,0.84,7.5,7.63469
0.16,0.86,7.47058823529412,7.60789
0.16,0.88,7.44186046511628,7.58012
0.16,0.9,7.41379310344828,7.553465
0.16,0.92,7.38636363636363,7.528035
0.16,0.94,7.35955056179776,7.501555
0.16,0.96,7.33333333333334,7.47723
0.16,0.98,7.30769230769231,7.452805
0.16,1,7.28260869565218,7.42763
0.18,0,10,10
0.18,0.02,9.88095238095238,9.88095
0.18,0.04,9.76744186046512,9.76744
0.18,0.06,9.65909090909091,9.65909
0.18,0.08,9.55555555555556,9.55687
0.18,0.1,9.45652173913044,9.465875
0.18,0.12,9.36170212765958,9.37739
0.18,0.14,9.27083333333334,9.29359
0.18,0.16,9.18367346938776,9.21212
0.18,0.18,9.1,9.13398
0.18,0.2,9.01960784313726,9.059575
0.18,0.22,8.9423076923077,8.9872
0.18,0.24,8.86792452830189,8.917925
0.18,0.26,8.7962962962963,8.85087
0.18,0.28,8.72727272727273,8.787845
0.18,0.3,8.66071428571429,8.725775
0.18,0.32,8.59649122807018,8.66588
0.18,0.34,8.53448275862069,8.608465
0.18,0.36,8.47457627118644,8.552605
0.18,0.38,8.41666666666667,8.49763
0.18,0.4,8.36065573770492,8.4469
0.18,0.42,8.30645161290323,8.394325
0.18,0.44,8.25396825396826,8.346795
0.18,0.46,8.203125,8.29938
0.18,0.48,8.15384615384616,8.253875
0.18,0.5,8.10606060606061,8.20809
0.18,0.52,8.05970149253731,8.165555
0.18,0.54,8.01470588235294,8.12244
0.18,0.56,7.97101449275362,8.08274
0.18,0.58,7.92857142857143,8.04209
0.18,0.6,7.88732394366197,8.00343
0.18,0.62,7.84722222222222,7.96499
0.18,0.64,7.80821917808219,7.92911
0.18,0.66,7.77027027027027,7.89311
0.18,0.68,7.73333333333333,7.85754
0.18,0.7,7.69736842105263,7.824945
0.18,0.72,7.66233766233766,7.79171
0.18,0.74,7.62820512820513,7.759045
0.18,0.76,7.59493670886076,7.72658
0.18,0.78,7.5625,7.69724
0.18,0.8,7.53086419753086,7.666345
0.18,0.82,7.5,7.636055
0.18,0.84,7.46987951807229,7.608015
0.18,0.86,7.44047619047619,7.57839
0.18,0.88,7.41176470588235,7.553925
0.18,0.9,7.38372093023256,7.52409
0.18,0.92,7.35632183908046,7.50109
0.18,0.94,7.32954545454546,7.476305
0.18,0.96,7.30337078651685,7.44936
0.18,0.98,7.27777777777778,7.42366
0.18,1,7.25274725274725,7.399405
0.2,0,10,10
0.2,0.02,9.87804878048781,9.87805
0.2,0.04,9.76190476190476,9.7619
0.2,0.06,9.65116279069768,9.65116
0.2,0.08,9.54545454545455,9.54773
0.2,0.1,9.44444444444445,9.455055
0.2,0.12,9.34782608695653,9.36432
0.2,0.14,9.25531914893617,9.27932
0.2,0.16,9.16666666666667,9.19739
0.2,0.18,9.08163265306123,9.11791
0.2,0.2,9,9.041645
0.2,0.22,8.92156862745098,8.967705
0.2,0.24,8.84615384615385,8.898285
0.2,0.26,8.77358490566038,8.830935
0.2,0.28,8.70370370370371,8.76658
0.2,0.3,8.63636363636364,8.704805
0.2,0.32,8.57142857142857,8.643325
0.2,0.34,8.50877192982456,8.585305
0.2,0.36,8.44827586206897,8.529095
0.2,0.38,8.38983050847458,8.47521
0.2,0.4,8.33333333333333,8.4221
0.2,0.42,8.27868852459017,8.3719
0.2,0.44,8.2258064516129,8.321645
0.2,0.46,8.17460317460318,8.274335
0.2,0.48,8.125,8.226825
0.2,0.5,8.07692307692308,8.18145
0.2,0.52,8.03030303030303,8.138915
0.2,0.54,7.98507462686567,8.0965
0.2,0.56,7.94117647058824,8.054645
0.2,0.58,7.89855072463768,8.015705
0.2,0.6,7.85714285714286,7.976145
0.2,0.62,7.81690140845071,7.93899
0.2,0.64,7.77777777777778,7.90152
0.2,0.66,7.73972602739726,7.86497
0.2,0.68,7.70270270270271,7.83098
0.2,0.7,7.66666666666667,7.796735
0.2,0.72,7.63157894736842,7.76248
0.2,0.74,7.5974025974026,7.731455
0.2,0.76,7.56410256410257,7.69933
0.2,0.78,7.53164556962025,7.66827
0.2,0.8,7.5,7.63852
0.2,0.82,7.46913580246914,7.608195
0.2,0.84,7.43902439024391,7.58044
0.2,0.86,7.40963855421687,7.552485
0.2,0.88,7.38095238095238,7.5241
0.2,0.9,7.35294117647059,7.497075
0.2,0.92,7.32558139534884,7.4718
0.2,0.94,7.29885057471264,7.44578
0.2,0.96,7.27272727272727,7.4208
0.2,0.98,7.24719101123596,7.39795
0.2,1,7.22222222222222,7.37192
0.22,0,10,10
0.22,0.02,9.875,9.875
0.22,0.04,9.75609756097561,9.7561
0.22,0.06,9.64285714285714,9.64286
0.22,0.08,9.53488372093024,9.538545
0.22,0.1,9.43181818181818,9.442915
0.22,0.12,9.33333333333333,9.35178
0.22,0.14,9.23913043478261,9.265175
0.22,0.16,9.14893617021277,9.180665
0.22,0.18,9.0625,9.10071
0.22,0.2,8.97959183673469,9.022575
0.22,0.22,8.9,8.949605
0.22,0.24,8.82352941176471,8.877955
0.22,0.26,8.75,8.80909
0.22,0.28,8.67924528301887,8.744955
0.22,0.3,8.61111111111111,8.681055
0.22,0.32,8.54545454545454,8.620185
0.22,0.34,8.48214285714286,8.56004
0.22,0.36,8.42105263157895,8.505505
0.22,0.38,8.36206896551724,8.451665
0.22,0.4,8.30508474576271,8.39629
0.22,0.42,8.25000000000001,8.3449
0.22,0.44,8.19672131147541,8.294985
0.22,0.46,8.14516129032258,8.24659
0.22,0.48,8.09523809523809,8.200635
0.22,0.5,8.046875,8.15547
0.22,0.52,8,8.111395
0.22,0.54,7.95454545454545,8.067335
0.22,0.56,7.91044776119403,8.026595
0.22,0.58,7.86764705882353,7.98684
0.22,0.6,7.82608695652174,7.94839
0.22,0.62,7.78571428571429,7.90995
0.22,0.64,7.74647887323944,7.87334
0.22,0.66,7.70833333333333,7.835595
0.22,0.68,7.67123287671233,7.80225
0.22,0.7,7.63513513513514,7.767505
0.22,0.72,7.6,7.734195
0.22,0.74,7.56578947368421,7.701665
0.22,0.76,7.53246753246753,7.67
0.22,0.78,7.5,7.639305
0.22,0.8,7.46835443037975,7.608805
0.22,0.82,7.4375,7.57947
0.22,0.84,7.40740740740741,7.54952
0.22,0.86,7.3780487804878,7.521995
0.22,0.88,7.34939759036145,7.495635
0.22,0.9,7.32142857142857,7.467925
0.22,0.92,7.29411764705883,7.442005
0.22,0.94,7.26744186046512,7.416275
0.22,0.96,7.24137931034483,7.392975
0.22,0.98,7.21590909090909,7.36679
0.22,1,7.19101123595506,7.344
0.24,0,10,10
0.24,0.02,9.87179487179487,9.87179
0.24,0.04,9.75,9.75
0.24,0.06,9.63414634146342,9.63415
0.24,0.08,9.52380952380952,9.52845
0.24,0.1,9.41860465116279,9.431535
0.24,0.12,9.31818181818182,9.338635
0.24,0.14,9.22222222222222,9.24943
0.24,0.16,9.1304347826087,9.164195
0.24,0.18,9.04255319148936,9.082275
0.24,0.2,8.95833333333333,9.004885
0.24,0.22,8.87755102040817,8.929705
0.24,0.24,8.8,8.858015
0.24,0.26,8.72549019607843,8.786805
0.24,0.28,8.65384615384616,8.72196
0.24,0.3,8.58490566037736,8.65764
0.24,0.32,8.51851851851852,8.595795
0.24,0.34,8.45454545454546,8.536425
0.24,0.36,8.39285714285714,8.47962
0.24,0.38,8.33333333333334,8.42494
0.24,0.4,8.27586206896552,8.36997
0.24,0.42,8.22033898305085,8.318645
0.24,0.44,8.16666666666667,8.26693
0.24,0.46,8.11475409836066,8.21951
0.24,0.48,8.06451612903226,8.173295
0.24,0.5,8.01587301587302,8.12685
0.24,0.52,7.96875,8.082135
0.24,0.54,7.92307692307693,8.03987
0.24,0.56,7.87878787878788,7.997395
0.24,0.58,7.83582089552239,7.95843
0.24,0.6,7.79411764705883,7.91971
0.24,0.62,7.7536231884058,7.88124
0.24,0.64,7.71428571428572,7.843115
0.24,0.66,7.67605633802817,7.806775
0.24,0.68,7.63888888888889,7.772375
0.24,0.7,7.6027397260274,7.73687
0.24,0.72,7.56756756756757,7.70494
0.24,0.74,7.53333333333334,7.67122
0.24,0.76,7.5,7.640695
0.24,0.78,7.46753246753247,7.61051
0.24,0.8,7.43589743589744,7.580305
0.24,0.82,7.40506329113924,7.54913
0.24,0.84,7.375,7.520265
0.24,0.86,7.34567901234568,7.494185
0.24,0.88,7.31707317073171,7.465945
0.24,0.9,7.28915662650603,7.43835
0.24,0.92,7.26190476190476,7.413075
0.24,0.94,7.23529411764706,7.38625
0.24,0.96,7.2093023255814,7.361345
0.24,0.98,7.18390804597701,7.33821
0.24,1,7.15909090909091,7.31435
0.26,0,10,10
0.26,0.02,9.86842105263158,9.86842
0.26,0.04,9.74358974358974,9.74359
0.26,0.06,9.625,9.625
0.26,0.08,9.51219512195122,9.517665
0.26,0.1,9.40476190476191,9.418355
0.26,0.12,9.30232558139535,9.324805
0.26,0.14,9.20454545454545,9.23402
0.26,0.16,9.11111111111111,9.146675
0.26,0.18,9.02173913043478,9.063605
0.26,0.2,8.93617021276596,8.98453
0.26,0.22,8.85416666666667,8.908735
0.26,0.24,8.77551020408163,8.834445
0.26,0.26,8.7,8.76546
0.26,0.28,8.62745098039216,8.698135
0.26,0.3,8.55769230769231,8.63338
0.26,0.32,8.49056603773585,8.57068
0.26,0.34,8.42592592592593,8.51087
0.26,0.36,8.36363636363637,8.453905
0.26,0.38,8.30357142857143,8.396995
0.26,0.4,8.24561403508772,8.34313
0.26,0.42,8.18965517241379,8.290115
0.26,0.44,8.13559322033898,8.239945
0.26,0.46,8.08333333333333,8.19156
0.26,0.48,8.0327868852459,8.14425
0.26,0.5,7.98387096774194,8.098615
0.26,0.52,7.93650793650794,8.05436
0.26,0.54,7.890625,8.01157
0.26,0.56,7.84615384615385,7.967835
0.26,0.58,7.8030303030303,7.92845
0.26,0.6,7.76119402985075,7.888665
0.26,0.62,7.72058823529412,7.8512
0.26,0.64,7.68115942028985,7.81311
0.26,0.66,7.64285714285714,7.77714
0.26,0.68,7.6056338028169,7.741505
0.26,0.7,7.56944444444444,7.708815
0.26,0.72,7.53424657534247,7.67459
0.26,0.74,7.5,7.64131
0.26,0.76,7.46666666666667,7.609965
0.26,0.78,7.43421052631579,7.578585
0.26,0.8,7.4025974025974,7.548315
0.26,0.82,7.37179487179487,7.521325
0.26,0.84,7.34177215189873,7.49094
0.26,0.86,7.3125,7.463805
0.26,0.88,7.28395061728395,7.43599
0.26,0.9,7.25609756097561,7.40985
0.26,0.92,7.2289156626506,7.38338
0.26,0.94,7.20238095238095,7.358575
0.26,0.96,7.1764705882353,7.33257
0.26,0.98,7.15116279069767,7.307205
0.26,1,7.1264367816092,7.28427
0.28,0,10,10
0.28,0.02,9.86486486486487,9.86486
0.28,0.04,9.73684210526316,9.73684
0.28,0.06,9.61538461538462,9.61538
0.28,0.08,9.5,9.506705
0.28,0.1,9.39024390243903,9.40622
0.28,0.12,9.28571428571429,9.30818
0.28,0.14,9.18604651162791,9.216635
0.28,0.16,9.0909090909091,9.129165
0.28,0.18,9,9.04462
0.28,0.2,8.91304347826087,8.96479
0.28,0.22,8.82978723404255,8.886565
0.28,0.24,8.75,8.812435
0.28,0.26,8.67346938775511,8.742145
0.28,0.28,8.6,8.673125
0.28,0.3,8.52941176470589,8.607905
0.28,0.32,8.46153846153847,8.54455
0.28,0.34,8.39622641509434,8.48382
0.28,0.36,8.33333333333334,8.42647
0.28,0.38,8.27272727272727,8.36893
0.28,0.4,8.21428571428572,8.31464
0.28,0.42,8.15789473684211,8.26228
0.28,0.44,8.10344827586207,8.21051
0.28,0.46,8.05084745762712,8.16229
0.28,0.48,8,8.115535
0.28,0.5,7.95081967213115,8.068915
0.28,0.52,7.90322580645162,8.023975
0.28,0.54,7.85714285714286,7.982225
0.28,0.56,7.8125,7.9394
0.28,0.58,7.76923076923077,7.897905
0.28,0.6,7.72727272727273,7.858665
0.28,0.62,7.68656716417911,7.819935
0.28,0.64,7.64705882352941,7.78242
0.28,0.66,7.60869565217391,7.746405
0.28,0.68,7.57142857142857,7.709985
0.28,0.7,7.53521126760563,7.676525
0.28,0.72,7.5,7.64262
0.28,0.74,7.46575342465753,7.61118
0.28,0.76,7.43243243243243,7.57907
0.28,0.78,7.4,7.548515
0.28,0.8,7.36842105263158,7.516905
0.28,0.82,7.33766233766234,7.48798
0.28,0.84,7.30769230769231,7.45972
0.28,0.86,7.27848101265823,7.43266
0.28,0.88,7.25,7.404855
0.28,0.9,7.22222222222222,7.378015
0.28,0.92,7.19512195121952,7.351625
0.28,0.94,7.16867469879518,7.32703
0.28,0.96,7.14285714285715,7.30169
0.28,0.98,7.11764705882353,7.278575
0.28,1,7.09302325581396,7.25339
0.3,0,10,10
0.3,0.02,9.86111111111111,9.86111
0.3,0.04,9.72972972972973,9.72973
0.3,0.06,9.60526315789474,9.60526
0.3,0.08,9.48717948717949,9.494105
0.3,0.1,9.375,9.39094
0.3,0.12,9.26829268292683,9.29243
0.3,0.14,9.16666666666667,9.19902
0.3,0.16,9.06976744186047,9.109735
0.3,0.18,8.97727272727273,9.023575
0.3,0.2,8.88888888888889,8.942325
0.3,0.22,8.80434782608696,8.86366
0.3,0.24,8.72340425531915,8.787575
0.3,0.26,8.64583333333333,8.71704
0.3,0.28,8.57142857142857,8.648065
0.3,0.3,8.5,8.58142
0.3,0.32,8.43137254901961,8.51795
0.3,0.34,8.36538461538462,8.45688
0.3,0.36,8.30188679245283,8.39711
0.3,0.38,8.24074074074074,8.3417
0.3,0.4,8.18181818181819,8.28647
0.3,0.42,8.125,8.23222
0.3,0.44,8.07017543859649,8.180865
0.3,0.46,8.01724137931035,8.13216
0.3,0.48,7.96610169491526,8.083665
0.3,0.5,7.91666666666667,8.03763
0.3,0.52,7.8688524590164,7.99278
0.3,0.54,7.82258064516129,7.950425
0.3,0.56,7.77777777777778,7.907935
0.3,0.58,7.734375,7.866615
0.3,0.6,7.6923076923077,7.827845
0.3,0.62,7.65151515151515,7.788175
0.3,0.64,7.61194029850747,7.751285
0.3,0.66,7.57352941176471,7.71511
0.3,0.68,7.53623188405798,7.67817
0.3,0.7,7.5,7.6454
0.3,0.72,7.46478873239437,7.61112
0.3,0.74,7.43055555555556,7.578915
0.3,0.76,7.39726027397261,7.54741
0.3,0.78,7.36486486486487,7.516295
0.3,0.8,7.33333333333334,7.486715
0.3,0.82,7.30263157894737,7.45539
0.3,0.84,7.27272727272728,7.42679
0.3,0.86,7.24358974358975,7.399595
0.3,0.88,7.21518987341772,7.371835
0.3,0.9,7.1875,7.34595
0.3,0.92,7.1604938271605,7.32017
0.3,0.94,7.13414634146342,7.295075
0.3,0.96,7.10843373493976,7.270655
0.3,0.98,7.08333333333334,7.245245
0.3,1,7.05882352941177,7.22268
0.32,0,10,10
0.32,0.02,9.85714285714286,9.85714
0.32,0.04,9.72222222222222,9.72222
0.32,0.06,9.5945945945946,9.594645
0.32,0.08,9.47368421052632,9.481465
0.32,0.1,9.35897435897436,9.37692
0.32,0.12,9.25,9.276945
0.32,0.14,9.14634146341464,9.181085
0.32,0.16,9.04761904761905,9.090625
0.32,0.18,8.95348837209303,9.00152
0.32,0.2,8.86363636363637,8.91952
0.32,0.22,8.77777777777778,8.839075
0.32,0.24,8.69565217391305,8.763005
0.32,0.26,8.61702127659575,8.6903
0.32,0.28,8.54166666666667,8.621025
0.32,0.3,8.46938775510204,8.554035
0.32,0.32,8.4,8.489005
0.32,0.34,8.33333333333334,8.42856
0.32,0.36,8.26923076923077,8.368335
0.32,0.38,8.20754716981132,8.3101
0.32,0.4,8.14814814814815,8.2546
0.32,0.42,8.0909090909091,8.20115
0.32,0.44,8.03571428571429,8.15074
0.32,0.46,7.98245614035088,8.100105
0.32,0.48,7.93103448275862,8.052445
0.32,0.5,7.88135593220339,8.0066
0.32,0.52,7.83333333333333,7.961465
0.32,0.54,7.78688524590164,7.91753
0.32,0.56,7.74193548387097,7.87475
0.32,0.58,7.6984126984127,7.833665
0.32,0.6,7.65625,7.79333
0.32,0.62,7.61538461538462,7.75431
0.32,0.64,7.57575757575758,7.71843
0.32,0.66,7.53731343283582,7.68171
0.32,0.68,7.5,7.64598
0.32,0.7,7.46376811594203,7.611525
0.32,0.72,7.42857142857143,7.578965
0.32,0.74,7.3943661971831,7.5466
0.32,0.76,7.36111111111111,7.51416
0.32,0.78,7.32876712328767,7.482545
0.32,0.8,7.2972972972973,7.453555
0.32,0.82,7.26666666666667,7.42334
0.32,0.84,7.23684210526316,7.395475
0.32,0.86,7.20779220779221,7.36819
0.32,0.88,7.17948717948718,7.340065
0.32,0.9,7.15189873417722,7.313765
0.32,0.92,7.125,7.287465
0.32,0.94,7.09876543209877,7.26175
0.32,0.96,7.07317073170732,7.237275
0.32,0.98,7.04819277108434,7.213725
0.32,1,7.02380952380953,7.190025
0.34,0,10,10
0.34,0.02,9.85294117647059,9.85294
0.34,0.04,9.71428571428572,9.71429
0.34,0.06,9.58333333333333,9.583685
0.34,0.08,9.45945945945946,9.469115
0.34,0.1,9.3421052631579,9.36164
0.34,0.12,9.23076923076923,9.259735
0.34,0.14,9.125,9.16249
0.34,0.16,9.02439024390244,9.068955
0.34,0.18,8.92857142857143,8.979795
0.34,0.2,8.83720930232558,8.895845
0.34,0.22,8.75,8.814995
0.34,0.24,8.66666666666667,8.73764
0.34,0.26,8.58695652173913,8.663945
0.34,0.28,8.51063829787234,8.593995
0.34,0.3,8.4375,8.52537
0.34,0.32,8.36734693877551,8.461805
0.34,0.34,8.3,8.39921
0.34,0.36,8.23529411764706,8.337725
0.34,0.38,8.17307692307692,8.28075
0.34,0.4,8.11320754716981,8.2251
0.34,0.42,8.05555555555556,8.17035
0.34,0.44,8,8.11854
0.34,0.46,7.94642857142857,8.067395
0.34,0.48,7.89473684210526,8.019325
0.34,0.5,7.8448275862069,7.97234
0.34,0.52,7.79661016949153,7.92844
0.34,0.54,7.75,7.8851
0.34,0.56,7.70491803278689,7.84094
0.34,0.58,7.66129032258065,7.800455
0.34,0.6,7.61904761904762,7.761355
0.34,0.62,7.578125,7.722355
0.34,0.64,7.53846153846154,7.684395
0.34,0.66,7.5,7.64792
0.34,0.68,7.46268656716418,7.612555
0.34,0.7,7.4264705882353,7.577935
0.34,0.72,7.39130434782609,7.545235
0.34,0.74,7.35714285714286,7.511725
0.34,0.76,7.32394366197183,7.47963
0.34,0.78,7.29166666666667,7.448805
0.34,0.8,7.26027397260274,7.419635
0.34,0.82,7.22972972972973,7.39047
0.34,0.84,7.2,7.361565
0.34,0.86,7.17105263157895,7.333155
0.34,0.88,7.14285714285714,7.30672
0.34,0.9,7.11538461538462,7.28097
0.34,0.92,7.08860759493671,7.254905
0.34,0.94,7.0625,7.22903
0.34,0.96,7.03703703703704,7.2047
0.34,0.98,7.01219512195122,7.18055
0.34,1,6.98795180722892,7.157135
0.36,0,10,10
0.36,0.02,9.84848484848485,9.84848
0.36,0.04,9.70588235294118,9.70588
0.36,0.06,9.57142857142857,9.57196
0.36,0.08,9.44444444444445,9.455405
0.36,0.1,9.32432432432433,9.345495
0.36,0.12,9.21052631578947,9.24182
0.36,0.14,9.1025641025641,9.14248
0.36,0.16,9,9.047145
0.36,0.18,8.90243902439025,8.956005
0.36,0.2,8.80952380952381,8.87143
0.36,0.22,8.72093023255814,8.7892
0.36,0.24,8.63636363636363,8.71048
0.36,0.26,8.55555555555556,8.635735
0.36,0.28,8.47826086956522,8.563815
0.36,0.3,8.40425531914894,8.49621
0.36,0.32,8.33333333333333,8.42966
0.36,0.34,8.26530612244898,8.36646
0.36,0.36,8.2,8.305635
0.36,0.38,8.13725490196079,8.24754
0.36,0.4,8.07692307692308,8.191695
0.36,0.42,8.0188679245283,8.137705
0.36,0.44,7.96296296296296,8.084625
0.36,0.46,7.90909090909091,8.03545
0.36,0.48,7.85714285714286,7.986335
0.36,0.5,7.80701754385965,7.938935
0.36,0.52,7.75862068965517,7.89349
0.36,0.54,7.71186440677966,7.849195
0.36,0.56,7.66666666666667,7.806605
0.36,0.58,7.62295081967213,7.765735
0.36,0.6,7.58064516129032,7.7251
0.36,0.62,7.53968253968254,7.686995
0.36,0.64,7.5,7.650875
0.36,0.66,7.46153846153846,7.613795
0.36,0.68,7.42424242424242,7.577765
0.36,0.7,7.38805970149254,7.54268
0.36,0.72,7.35294117647059,7.51046
0.36,0.74,7.31884057971015,7.47726
0.36,0.76,7.28571428571429,7.44567
0.36,0.78,7.25352112676056,7.41431
0.36,0.8,7.22222222222222,7.38504
0.36,0.82,7.19178082191781,7.355515
0.36,0.84,7.16216216216216,7.32807
0.36,0.86,7.13333333333334,7.299305
0.36,0.88,7.10526315789474,7.272425
0.36,0.9,7.07792207792208,7.247065
0.36,0.92,7.05128205128205,7.22017
0.36,0.94,7.0253164556962,7.19502
0.36,0.96,7,7.17163
0.36,0.98,6.97530864197531,7.147665
0.36,1,6.95121951219512,7.123895
0.38,0,10,10
0.38,0.02,9.84375,9.84375
0.38,0.04,9.6969696969697,9.69697
0.38,0.06,9.55882352941177,9.56013
0.38,0.08,9.42857142857143,9.44212
0.38,0.1,9.30555555555556,9.329165
0.38,0.12,9.18918918918919,9.222795
0.38,0.14,9.07894736842105,9.120565
0.38,0.16,8.97435897435898,9.024385
0.38,0.18,8.875,8.932855
0.38,0.2,8.78048780487805,8.8446
0.38,0.22,8.69047619047619,8.76205
0.38,0.24,8.6046511627907,8.682755
0.38,0.26,8.52272727272727,8.606245
0.38,0.28,8.44444444444444,8.535075
0.38,0.3,8.3695652173913,8.465865
0.38,0.32,8.29787234042553,8.399175
0.38,0.34,8.22916666666667,8.335015
0.38,0.36,8.16326530612245,8.274215
0.38,0.38,8.1,8.214785
0.38,0.4,8.03921568627451,8.158845
0.38,0.42,7.98076923076923,8.10395
0.38,0.44,7.92452830188679,8.050835
0.38,0.46,7.87037037037037,7.99959
0.38,0.48,7.81818181818182,7.951465
0.38,0.5,7.76785714285714,7.904605
0.38,0.52,7.71929824561404,7.859055
0.38,0.54,7.67241379310345,7.81391
0.38,0.56,7.6271186440678,7.77111
0.38,0.58,7.58333333333333,7.73087
0.38,0.6,7.54098360655738,7.68943
0.38,0.62,7.5,7.65151
0.38,0.64,7.46031746031746,7.61299
0.38,0.66,7.421875,7.57677
0.38,0.68,7.38461538461538,7.54298
0.38,0.7,7.34848484848485,7.508455
0.38,0.72,7.3134328358209,7.47489
0.38,0.74,7.27941176470588,7.44205
0.38,0.76,7.2463768115942,7.411005
0.38,0.78,7.21428571428571,7.3803
0.38,0.8,7.1830985915493,7.34969
0.38,0.82,7.15277777777778,7.319915
0.38,0.84,7.12328767123288,7.29211
0.38,0.86,7.0945945945946,7.26452
0.38,0.88,7.06666666666667,7.23782
0.38,0.9,7.03947368421053,7.211845
0.38,0.92,7.01298701298701,7.186925
0.38,0.94,6.98717948717949,7.161875
0.38,0.96,6.9620253164557,7.136755
0.38,0.98,6.9375,7.11351
0.38,1,6.91358024691358,7.09027
0.4,0,10,10
0.4,0.02,9.83870967741935,9.83871
0.4,0.04,9.6875,9.687635
0.4,0.06,9.54545454545455,9.54841
0.4,0.08,9.41176470588236,9.426715
0.4,0.1,9.28571428571429,9.311675
0.4,0.12,9.16666666666667,9.202675
0.4,0.14,9.05405405405406,9.09879
0.4,0.16,8.94736842105263,9.000815
0.4,0.18,8.84615384615384,8.90719
0.4,0.2,8.75,8.819425
0.4,0.22,8.65853658536586,8.734045
0.4,0.24,8.57142857142857,8.652685
0.4,0.26,8.48837209302326,8.576085
0.4,0.28,8.40909090909091,8.50306
0.4,0.3,8.33333333333334,8.432985
0.4,0.32,8.26086956521739,8.3657
0.4,0.34,8.19148936170213,8.30132
0.4,0.36,8.125,8.23977
0.4,0.38,8.06122448979592,8.18136
0.4,0.4,8,8.12395
0.4,0.42,7.94117647058824,8.068065
0.4,0.44,7.88461538461539,8.016125
0.4,0.46,7.83018867924528,7.964505
0.4,0.48,7.77777777777778,7.915135
0.4,0.5,7.72727272727273,7.868075
0.4,0.52,7.67857142857143,7.821625
0.4,0.54,7.63157894736842,7.77858
0.4,0.56,7.58620689655173,7.735805
0.4,0.58,7.54237288135593,7.69448
0.4,0.6,7.5,7.65411
0.4,0.62,7.45901639344263,7.61478
0.4,0.64,7.41935483870968,7.57755
0.4,0.66,7.38095238095238,7.542035
0.4,0.68,7.34375,7.507415
0.4,0.7,7.30769230769231,7.471005
0.4,0.72,7.27272727272727,7.43837
0.4,0.74,7.23880597014926,7.40519
0.4,0.76,7.20588235294118,7.37387
0.4,0.78,7.17391304347826,7.34369
0.4,0.8,7.14285714285714,7.312875
0.4,0.82,7.11267605633803,7.28529
0.4,0.84,7.08333333333333,7.25535
0.4,0.86,7.05479452054795,7.228805
0.4,0.88,7.02702702702703,7.203225
0.4,0.9,7,7.17587
0.4,0.92,6.97368421052632,7.14989
0.4,0.94,6.94805194805195,7.126415
0.4,0.96,6.92307692307692,7.101675
0.4,0.98,6.89873417721519,7.07766
0.4,1,6.875,7.05502
0.42,0,10,10
0.42,0.02,9.83333333333334,9.83333
0.42,0.04,9.67741935483871,9.6777
0.42,0.06,9.53125,9.536185
0.42,0.08,9.39393939393939,9.41127
0.42,0.1,9.26470588235294,9.292965
0.42,0.12,9.14285714285714,9.18202
0.42,0.14,9.02777777777778,9.07559
0.42,0.16,8.91891891891892,8.975615
0.42,0.18,8.81578947368421,8.879785
0.42,0.2,8.71794871794872,8.790145
0.42,0.22,8.625,8.704405
0.42,0.24,8.53658536585366,8.622035
0.42,0.26,8.45238095238095,8.544065
0.42,0.28,8.37209302325581,8.47016
0.42,0.3,8.29545454545455,8.39963
0.42,0.32,8.22222222222222,8.33134
0.42,0.34,8.15217391304348,8.266655
0.42,0.36,8.08510638297872,8.203405
0.42,0.38,8.02083333333333,8.145045
0.42,0.4,7.95918367346939,8.088365
0.42,0.42,7.9,8.03199
0.42,0.44,7.84313725490196,7.97867
0.42,0.46,7.78846153846154,7.92756
0.42,0.48,7.73584905660377,7.878785
0.42,0.5,7.68518518518519,7.83018
0.42,0.52,7.63636363636364,7.78503
0.42,0.54,7.58928571428572,7.740415
0.42,0.56,7.54385964912281,7.69766
0.42,0.58,7.5,7.65657
0.42,0.6,7.45762711864407,7.617235
0.42,0.62,7.41666666666667,7.57804
0.42,0.64,7.37704918032787,7.54056
0.42,0.66,7.33870967741936,7.503185
0.42,0.68,7.3015873015873,7.46889
0.42,0.7,7.265625,7.434335
0.42,0.72,7.23076923076923,7.40163
0.42,0.74,7.1969696969697,7.36861
0.42,0.76,7.16417910447761,7.336535
0.42,0.78,7.13235294117647,7.30681
0.42,0.8,7.10144927536232,7.276305
0.42,0.82,7.07142857142857,7.248065
0.42,0.84,7.04225352112676,7.220215
0.42,0.86,7.01388888888889,7.192295
0.42,0.88,6.98630136986302,7.16495
0.42,0.9,6.95945945945946,7.14002
0.42,0.92,6.93333333333333,7.114355
0.42,0.94,6.90789473684211,7.08885
0.42,0.96,6.88311688311689,7.065545
0.42,0.98,6.85897435897436,7.041905
0.42,1,6.83544303797468,7.018905
0.44,0,10,10
0.44,0.02,9.82758620689656,9.82759
0.44,0.04,9.66666666666667,9.66715
0.44,0.06,9.51612903225807,9.52271
0.44,0.08,9.375,9.394435
0.44,0.1,9.24242424242424,9.27358
0.44,0.12,9.11764705882353,9.159015
0.44,0.14,9,9.050795
0.44,0.16,8.88888888888889,8.94908
0.44,0.18,8.78378378378379,8.85249
0.44,0.2,8.68421052631579,8.76043
0.44,0.22,8.58974358974359,8.67308
0.44,0.24,8.5,8.589995
0.44,0.26,8.41463414634146,8.511185
0.44,0.28,8.33333333333334,8.435065
0.44,0.3,8.25581395348838,8.36508
0.44,0.32,8.18181818181818,8.296305
0.44,0.34,8.11111111111111,8.22997
0.44,0.36,8.04347826086957,8.168045
0.44,0.38,7.97872340425532,8.10834
0.44,0.4,7.91666666666667,8.04922
0.44,0.42,7.85714285714286,7.9947
0.44,0.44,7.8,7.941025
0.44,0.46,7.74509803921569,7.89007
0.44,0.48,7.6923076923077,7.84032
0.44,0.5,7.64150943396227,7.79315
0.44,0.52,7.59259259259259,7.746685
0.44,0.54,7.54545454545455,7.702235
0.44,0.56,7.5,7.659095
0.44,0.58,7.4561403508772,7.61743
0.44,0.6,7.41379310344828,7.57797
0.44,0.62,7.37288135593221,7.5392
0.44,0.64,7.33333333333334,7.501605
0.44,0.66,7.29508196721312,7.464525
0.44,0.68,7.25806451612904,7.42964
0.44,0.7,7.22222222222222,7.395735
0.44,0.72,7.1875,7.36186
0.44,0.74,7.15384615384616,7.32944
0.44,0.76,7.12121212121212,7.298845
0.44,0.78,7.08955223880597,7.26785
0.44,0.8,7.05882352941177,7.23913
0.44,0.82,7.02898550724638,7.209405
0.44,0.84,7,7.18231
0.44,0.86,6.9718309859155,7.154985
0.44,0.88,6.94444444444445,7.128745
0.44,0.9,6.91780821917808,7.101865
0.44,0.92,6.89189189189189,7.07747
0.44,0.94,6.86666666666667,7.05202
0.44,0.96,6.8421052631579,7.028865
0.44,0.98,6.81818181818182,7.005385
0.44,1,6.7948717948718,6.983695
0.46,0,10,10
0.46,0.02,9.82142857142857,9.82143
0.46,0.04,9.65517241379311,9.656865
0.46,0.06,9.5,9.50826
0.46,0.08,9.35483870967742,9.377135
0.46,0.1,9.21875,9.252815
0.46,0.12,9.09090909090909,9.135985
0.46,0.14,8.97058823529412,9.025855
0.46,0.16,8.85714285714286,8.92186
0.46,0.18,8.75,8.82227
0.46,0.2,8.64864864864865,8.72977
0.46,0.22,8.55263157894737,8.640795
0.46,0.24,8.46153846153846,8.55643
0.46,0.26,8.375,8.476435
0.46,0.28,8.29268292682927,8.40055
0.46,0.3,8.21428571428572,8.32843
0.46,0.32,8.13953488372093,8.25894
0.46,0.34,8.06818181818182,8.19371
0.46,0.36,8.00000000000001,8.130045
0.46,0.38,7.93478260869565,8.06973
0.46,0.4,7.87234042553192,8.010555
0.46,0.42,7.8125,7.95585
0.46,0.44,7.75510204081633,7.900795
0.46,0.46,7.7,7.849135
0.46,0.48,7.64705882352941,7.80124
0.46,0.5,7.59615384615385,7.752025
0.46,0.52,7.54716981132076,7.70592
0.46,0.54,7.5,7.661215
0.46,0.56,7.45454545454546,7.618815
0.46,0.58,7.41071428571429,7.57808
0.46,0.6,7.36842105263158,7.536845
0.46,0.62,7.32758620689656,7.498285
0.46,0.64,7.28813559322034,7.461685
0.46,0.66,7.25,7.4252
0.46,0.68,7.21311475409836,7.39004
0.46,0.7,7.17741935483871,7.35502
0.46,0.72,7.14285714285715,7.321635
0.46,0.74,7.109375,7.2899
0.46,0.76,7.07692307692308,7.25864
0.46,0.78,7.04545454545455,7.228605
0.46,0.8,7.01492537313433,7.19899
0.46,0.82,6.98529411764706,7.171055
0.46,0.84,6.95652173913044,7.1429
0.46,0.86,6.92857142857143,7.116765
0.46,0.88,6.90140845070423,7.089965
0.46,0.9,6.875,7.063795
0.46,0.92,6.84931506849315,7.03857
0.46,0.94,6.82432432432433,7.014875
0.46,0.96,6.8,6.991465
0.46,0.98,6.77631578947369,6.967435
0.46,1,6.75324675324675,6.943835
0.48,0,10,10
0.48,0.02,9.81481481481481,9.81481
0.48,0.04,9.64285714285714,9.645065
0.48,0.06,9.48275862068965,9.493465
0.48,0.08,9.33333333333334,9.35748
0.48,0.1,9.19354838709678,9.23116
0.48,0.12,9.0625,9.11073
0.48,0.14,8.93939393939394,8.998525
0.48,0.16,8.82352941176471,8.892385
0.48,0.18,8.71428571428572,8.7904
0.48,0.2,8.61111111111112,8.69793
0.48,0.22,8.51351351351351,8.606945
0.48,0.24,8.42105263157895,8.52047
0.48,0.26,8.33333333333333,8.440225
0.48,0.28,8.25,8.363225
0.48,0.3,8.17073170731707,8.289715
0.48,0.32,8.0952380952381,8.22113
0.48,0.34,8.02325581395349,8.154185
0.48,0.36,7.95454545454545,8.08851
0.48,0.38,7.88888888888889,8.028595
0.48,0.4,7.82608695652174,7.9693
0.48,0.42,7.76595744680851,7.91375
0.48,0.44,7.70833333333333,7.85964
0.48,0.46,7.6530612244898,7.80952
0.48,0.48,7.6,7.759125
0.48,0.5,7.54901960784314,7.710275
0.48,0.52,7.5,7.66506
0.48,0.54,7.45283018867925,7.61996
0.48,0.56,7.40740740740741,7.577625
0.48,0.58,7.36363636363637,7.53645
0.48,0.6,7.32142857142857,7.49572
0.48,0.62,7.28070175438597,7.458475
0.48,0.64,7.24137931034483,7.42024
0.48,0.66,7.20338983050847,7.38246
0.48,0.68,7.16666666666667,7.348675
0.48,0.7,7.13114754098361,7.31446
0.48,0.72,7.09677419354839,7.281165
0.48,0.74,7.06349206349206,7.249825
0.48,0.76,7.03125,7.21949
0.48,0.78,7,7.188385
0.48,0.8,6.96969696969697,7.15904
0.48,0.82,6.94029850746269,7.13034
0.48,0.84,6.91176470588235,7.10311
0.48,0.86,6.88405797101449,7.075995
0.48,0.88,6.85714285714286,7.04924
0.48,0.9,6.83098591549296,7.02443
0.48,0.92,6.80555555555556,6.999645
0.48,0.94,6.78082191780822,6.974925
0.48,0.96,6.75675675675676,6.95202
0.48,0.98,6.73333333333334,6.929595
0.48,1,6.71052631578947,6.906815
0.5,0,10,10
0.5,0.02,9.80769230769231,9.80772
0.5,0.04,9.62962962962963,9.63371
0.5,0.06,9.46428571428572,9.476585
0.5,0.08,9.31034482758621,9.337435
0.5,0.1,9.16666666666667,9.206625
0.5,0.12,9.03225806451613,9.084715
0.5,0.14,8.90625,8.96964
0.5,0.16,8.78787878787879,8.860455
0.5,0.18,8.6764705882353,8.75811
0.5,0.2,8.57142857142857,8.66247
0.5,0.22,8.47222222222222,8.570645
0.5,0.24,8.37837837837838,8.48438
0.5,0.26,8.28947368421053,8.40199
0.5,0.28,8.20512820512821,8.324375
0.5,0.3,8.125,8.25019
0.5,0.32,8.04878048780488,8.179405
0.5,0.34,7.97619047619048,8.112675
0.5,0.36,7.90697674418605,8.04835
0.5,0.38,7.84090909090909,7.987465
0.5,0.4,7.77777777777778,7.92841
0.5,0.42,7.71739130434783,7.87077
0.5,0.44,7.65957446808511,7.816665
0.5,0.46,7.60416666666667,7.76523
0.5,0.48,7.55102040816327,7.71523
0.5,0.5,7.5,7.667485
0.5,0.52,7.45098039215686,7.62137
0.5,0.54,7.40384615384616,7.57631
0.5,0.56,7.35849056603774,7.5345
0.5,0.58,7.31481481481482,7.49248
0.5,0.6,7.27272727272727,7.452095
0.5,0.62,7.23214285714286,7.41375
0.5,0.64,7.19298245614035,7.37617
0.5,0.66,7.1551724137931,7.340175
0.5,0.68,7.11864406779661,7.305435
0.5,0.7,7.08333333333334,7.272065
0.5,0.72,7.04918032786885,7.23912
0.5,0.74,7.01612903225806,7.205695
0.5,0.76,6.98412698412699,7.176335
0.5,0.78,6.953125,7.146815
0.5,0.8,6.92307692307692,7.11676
0.5,0.82,6.8939393939394,7.08877
0.5,0.84,6.86567164179105,7.06171
0.5,0.86,6.83823529411765,7.035035
0.5,0.88,6.81159420289855,7.008585
0.5,0.9,6.78571428571429,6.98394
0.5,0.92,6.76056338028169,6.960025
0.5,0.94,6.73611111111111,6.93443
0.5,0.96,6.71232876712329,6.911545
0.5,0.98,6.68918918918919,6.88997
0.5,1,6.66666666666667,6.86631
0.52,0,10,10
0.52,0.02,9.8,9.800235
0.52,0.04,9.61538461538462,9.62092
0.52,0.06,9.44444444444445,9.458825
0.52,0.08,9.28571428571429,9.316145
0.52,0.1,9.13793103448276,9.182545
0.52,0.12,9,9.05588
0.52,0.14,8.87096774193548,8.93928
0.52,0.16,8.75,8.827635
0.52,0.18,8.63636363636364,8.723145
0.52,0.2,8.52941176470589,8.625565
0.52,0.22,8.42857142857143,8.53171
0.52,0.24,8.33333333333334,8.442955
0.52,0.26,8.24324324324324,8.361445
0.52,0.28,8.15789473684211,8.282665
0.52,0.3,8.07692307692308,8.207385
0.52,0.32,8,8.136805
0.52,0.34,7.92682926829268,8.06869
0.52,0.36,7.85714285714286,8.00398
0.52,0.38,7.7906976744186,7.94288
0.52,0.4,7.72727272727273,7.88302
0.52,0.42,7.66666666666667,7.826285
0.52,0.44,7.60869565217391,7.77117
0.52,0.46,7.5531914893617,7.720535
0.52,0.48,7.5,7.67011
0.52,0.5,7.44897959183674,7.62113
0.52,0.52,7.4,7.575565
0.52,0.54,7.35294117647059,7.53183
0.52,0.56,7.30769230769231,7.488795
0.52,0.58,7.26415094339623,7.447355
0.52,0.6,7.22222222222222,7.406295
0.52,0.62,7.18181818181818,7.368955
0.52,0.64,7.14285714285715,7.332245
0.52,0.66,7.10526315789474,7.296035
0.52,0.68,7.06896551724138,7.26205
0.52,0.7,7.03389830508475,7.22856
0.52,0.72,7,7.194705
0.52,0.74,6.9672131147541,7.163525
0.52,0.76,6.93548387096774,7.13287
0.52,0.78,6.90476190476191,7.103785
0.52,0.8,6.875,7.07328
0.52,0.82,6.84615384615385,7.046305
0.52,0.84,6.81818181818182,7.018785
0.52,0.86,6.79104477611941,6.9921
0.52,0.88,6.76470588235294,6.965945
0.52,0.9,6.73913043478261,6.941025
0.52,0.92,6.71428571428572,6.91704
0.52,0.94,6.69014084507042,6.89277
0.52,0.96,6.66666666666667,6.870845
0.52,0.98,6.64383561643836,6.84791
0.52,1,6.62162162162162,6.826745
0.54,0,10,10
0.54,0.02,9.79166666666667,9.792045
0.54,0.04,9.6,9.607395
0.54,0.06,9.42307692307693,9.44032
0.54,0.08,9.25925925925926,9.29279
0.54,0.1,9.10714285714286,9.155295
0.54,0.12,8.96551724137931,9.02604
0.54,0.14,8.83333333333333,8.90465
0.54,0.16,8.70967741935484,8.79223
0.54,0.18,8.59375,8.685615
0.54,0.2,8.48484848484848,8.585925
0.54,0.22,8.38235294117647,8.49161
0.54,0.24,8.28571428571429,8.401585
0.54,0.26,8.19444444444445,8.318385
0.54,0.28,8.10810810810811,8.239055
0.54,0.3,8.02631578947368,8.162975
0.54,0.32,7.94871794871795,8.092525
0.54,0.34,7.875,8.022555
0.54,0.36,7.80487804878049,7.958115
0.54,0.38,7.73809523809524,7.896285
0.54,0.4,7.67441860465116,7.83637
0.54,0.42,7.61363636363636,7.779155
0.54,0.44,7.55555555555556,7.72542
0.54,0.46,7.5,7.67232
0.54,0.48,7.4468085106383,7.62224
0.54,0.5,7.39583333333333,7.575535
0.54,0.52,7.34693877551021,7.529875
0.54,0.54,7.3,7.486195
0.54,0.56,7.25490196078432,7.441195
0.54,0.58,7.21153846153846,7.399745
0.54,0.6,7.16981132075472,7.361515
0.54,0.62,7.12962962962963,7.322325
0.54,0.64,7.09090909090909,7.286255
0.54,0.66,7.05357142857143,7.249235
0.54,0.68,7.01754385964912,7.21529
0.54,0.7,6.98275862068965,7.182305
0.54,0.72,6.94915254237288,7.14896
0.54,0.74,6.91666666666667,7.11865
0.54,0.76,6.88524590163934,7.088675
0.54,0.78,6.85483870967742,7.05827
0.54,0.8,6.82539682539683,7.030095
0.54,0.82,6.796875,7.002895
0.54,0.84,6.76923076923077,6.97522
0.54,0.86,6.74242424242424,6.94872
0.54,0.88,6.71641791044776,6.92381
0.54,0.9,6.69117647058824,6.898965
0.54,0.92,6.66666666666667,6.87502
0.54,0.94,6.64285714285714,6.851935
0.54,0.96,6.61971830985916,6.82923
0.54,0.98,6.59722222222222,6.807375
0.54,1,6.57534246575343,6.785305
0.56,0,10,10
0.56,0.02,9.78260869565218,9.78307
0.56,0.04,9.58333333333333,9.59227
0.56,0.06,9.40000000000001,9.41971
0.56,0.08,9.23076923076923,9.267605
0.56,0.1,9.07407407407408,9.125925
0.56,0.12,8.92857142857143,8.993175
0.56,0.14,8.79310344827586,8.869755
0.56,0.16,8.66666666666667,8.753965
0.56,0.18,8.5483870967742,8.646525
0.56,0.2,8.4375,8.54448
0.56,0.22,8.33333333333334,8.4485
0.56,0.24,8.23529411764706,8.357185
0.56,0.26,8.14285714285714,8.27348
0.56,0.28,8.05555555555556,8.192145
0.56,0.3,7.97297297297298,8.117285
0.56,0.32,7.89473684210526,8.044705
0.56,0.34,7.82051282051282,7.976675
0.56,0.36,7.75,7.9107
0.56,0.38,7.68292682926829,7.848695
0.56,0.4,7.61904761904762,7.78812
0.56,0.42,7.55813953488372,7.73118
0.56,0.44,7.5,7.67641
0.56,0.46,7.44444444444445,7.62434
0.56,0.48,7.39130434782609,7.574675
0.56,0.5,7.3404255319149,7.52652
0.56,0.52,7.29166666666667,7.481225
0.56,0.54,7.24489795918367,7.43647
0.56,0.56,7.2,7.394785
0.56,0.58,7.15686274509804,7.352245
0.56,0.6,7.11538461538462,7.31387
0.56,0.62,7.07547169811321,7.275155
0.56,0.64,7.03703703703704,7.23726
0.56,0.66,7,7.202865
0.56,0.68,6.96428571428572,7.16951
0.56,0.7,6.92982456140351,7.13561
0.56,0.72,6.89655172413793,7.102665
0.56,0.74,6.86440677966102,7.07201
0.56,0.76,6.83333333333333,7.041455
0.56,0.78,6.80327868852459,7.01291
0.56,0.8,6.7741935483871,6.984105
0.56,0.82,6.74603174603175,6.9574
0.56,0.84,6.71875,6.929575
0.56,0.86,6.69230769230769,6.904635
0.56,0.88,6.66666666666667,6.878
0.56,0.9,6.64179104477612,6.854675
0.56,0.92,6.61764705882353,6.832735
0.56,0.94,6.59420289855073,6.807675
0.56,0.96,6.57142857142857,6.784775
0.56,0.98,6.54929577464789,6.763485
0.56,1,6.52777777777778,6.742995
0.58,0,10,10
0.58,0.02,9.77272727272727,9.774045
0.58,0.04,9.56521739130435,9.5759
0.58,0.06,9.375,9.39831
0.58,0.08,9.2,9.240545
0.58,0.1,9.03846153846154,9.09507
0.58,0.12,8.88888888888889,8.958485
0.58,0.14,8.75,8.833025
0.58,0.16,8.62068965517242,8.715165
0.58,0.18,8.5,8.603635
0.58,0.2,8.38709677419355,8.500035
0.58,0.22,8.28125,8.403825
0.58,0.24,8.18181818181818,8.312345
0.58,0.26,8.08823529411765,8.22585
0.58,0.28,8,8.145035
0.58,0.3,7.91666666666667,8.067745
0.58,0.32,7.83783783783784,7.99455
0.58,0.34,7.76315789473684,7.925525
0.58,0.36,7.69230769230769,7.85967
0.58,0.38,7.625,7.79755
0.58,0.4,7.5609756097561,7.736685
0.58,0.42,7.5,7.681045
0.58,0.44,7.44186046511628,7.62608
0.58,0.46,7.38636363636364,7.574005
0.58,0.48,7.33333333333334,7.523535
0.58,0.5,7.28260869565218,7.475995
0.58,0.52,7.23404255319149,7.43022
0.58,0.54,7.1875,7.385805
0.58,0.56,7.14285714285715,7.343655
0.58,0.58,7.1,7.30326
0.58,0.6,7.05882352941177,7.26346
0.58,0.62,7.01923076923077,7.225855
0.58,0.64,6.9811320754717,7.18819
0.58,0.66,6.94444444444445,7.154015
0.58,0.68,6.90909090909091,7.120225
0.58,0.7,6.875,7.08667
0.58,0.72,6.8421052631579,7.054585
0.58,0.74,6.81034482758621,7.023775
0.58,0.76,6.77966101694915,6.994325
0.58,0.78,6.75,6.965495
0.58,0.8,6.72131147540984,6.936775
0.58,0.82,6.69354838709678,6.90986
0.58,0.84,6.66666666666667,6.884045
0.58,0.86,6.640625,6.858305
0.58,0.88,6.61538461538462,6.83418
0.58,0.9,6.59090909090909,6.80912
0.58,0.92,6.56716417910448,6.78619
0.58,0.94,6.54411764705883,6.762775
0.58,0.96,6.52173913043478,6.741505
0.58,0.98,6.5,6.720255
0.58,1,6.47887323943662,6.699315
0.6,0,10,10
0.6,0.02,9.76190476190476,9.76452
0.6,0.04,9.54545454545454,9.55887
0.6,0.06,9.34782608695652,9.374235
0.6,0.08,9.16666666666667,9.211345
0.6,0.1,9,9.06119
0.6,0.12,8.84615384615385,8.92235
0.6,0.14,8.70370370370371,8.79271
0.6,0.16,8.57142857142857,8.67126
0.6,0.18,8.44827586206897,8.559365
0.6,0.2,8.33333333333334,8.454475
0.6,0.22,8.22580645161291,8.35474
0.6,0.24,8.125,8.262495
0.6,0.26,8.03030303030303,8.176105
0.6,0.28,7.94117647058824,8.09369
0.6,0.3,7.85714285714286,8.0161
0.6,0.32,7.77777777777778,7.942325
0.6,0.34,7.7027027027027,7.87374
0.6,0.36,7.63157894736842,7.80732
0.6,0.38,7.56410256410257,7.743285
0.6,0.4,7.5,7.68578
0.6,0.42,7.4390243902439,7.62767
0.6,0.44,7.38095238095238,7.57294
0.6,0.46,7.32558139534884,7.52055
0.6,0.48,7.27272727272728,7.47106
0.6,0.5,7.22222222222222,7.42326
0.6,0.52,7.17391304347826,7.37661
0.6,0.54,7.12765957446809,7.333295
0.6,0.56,7.08333333333333,7.290795
0.6,0.58,7.04081632653062,7.25141
0.6,0.6,7,7.212295
0.6,0.62,6.96078431372549,7.173615
0.6,0.64,6.92307692307692,7.13848
0.6,0.66,6.88679245283019,7.103035
0.6,0.68,6.85185185185185,7.069605
0.6,0.7,6.81818181818182,7.03679
0.6,0.72,6.78571428571429,7.00507
0.6,0.74,6.75438596491228,6.974925
0.6,0.76,6.72413793103448,6.94539
0.6,0.78,6.69491525423729,6.91581
0.6,0.8,6.66666666666667,6.88907
0.6,0.82,6.63934426229508,6.86193
0.6,0.84,6.61290322580645,6.83638
0.6,0.86,6.58730158730159,6.811355
0.6,0.88,6.5625,6.78605
0.6,0.9,6.53846153846154,6.763005
0.6,0.92,6.51515151515152,6.73904
0.6,0.94,6.49253731343284,6.71701
0.6,0.96,6.47058823529412,6.696115
0.6,0.98,6.44927536231884,6.673645
0.6,1,6.42857142857143,6.65398
0.62,0,10,10
0.62,0.02,9.75,9.75434
0.62,0.04,9.52380952380953,9.539915
0.62,0.06,9.31818181818182,9.348015
0.62,0.08,9.1304347826087,9.17972
0.62,0.1,8.95833333333334,9.024435
0.62,0.12,8.8,8.881725
0.62,0.14,8.65384615384616,8.74878
0.62,0.16,8.51851851851852,8.625915
0.62,0.18,8.39285714285715,8.512015
0.62,0.2,8.27586206896552,8.4042
0.62,0.22,8.16666666666667,8.30488
0.62,0.24,8.06451612903226,8.20893
0.62,0.26,7.96875,8.121885
0.62,0.28,7.87878787878788,8.03947
0.62,0.3,7.79411764705882,7.961315
0.62,0.32,7.71428571428572,7.88645
0.62,0.34,7.63888888888889,7.81783
0.62,0.36,7.56756756756757,7.751015
0.62,0.38,7.5,7.68845
0.62,0.4,7.43589743589744,7.628255
0.62,0.42,7.375,7.572405
0.62,0.44,7.31707317073171,7.51651
0.62,0.46,7.26190476190476,7.46521
0.62,0.48,7.2093023255814,7.41507
0.62,0.5,7.15909090909091,7.36827
0.62,0.52,7.11111111111111,7.32188
0.62,0.54,7.06521739130435,7.278195
0.62,0.56,7.02127659574468,7.23641
0.62,0.58,6.97916666666667,7.196135
0.62,0.6,6.93877551020408,7.157775
0.62,0.62,6.9,7.122025
0.62,0.64,6.86274509803922,7.08386
0.62,0.66,6.82692307692308,7.04998
0.62,0.68,6.79245283018868,7.015875
0.62,0.7,6.75925925925926,6.98411
0.62,0.72,6.72727272727273,6.95369
0.62,0.74,6.69642857142857,6.92281
0.62,0.76,6.66666666666667,6.89351
0.62,0.78,6.63793103448276,6.86523
0.62,0.8,6.61016949152543,6.83924
0.62,0.82,6.58333333333333,6.812695
0.62,0.84,6.55737704918033,6.787115
0.62,0.86,6.53225806451613,6.76196
0.62,0.88,6.50793650793651,6.73814
0.62,0.9,6.484375,6.71426
0.62,0.92,6.46153846153846,6.69145
0.62,0.94,6.43939393939394,6.66917
0.62,0.96,6.41791044776119,6.648585
0.62,0.98,6.39705882352941,6.62718
0.62,1,6.3768115942029,6.60831
0.64,0,10,10
0.64,0.02,9.73684210526316,9.74273
0.64,0.04,9.5,9.519285
0.64,0.06,9.28571428571429,9.31941
0.64,0.08,9.09090909090909,9.14516
0.64,0.1,8.91304347826087,8.986015
0.64,0.12,8.75,8.83833
0.64,0.14,8.6,8.70285
0.64,0.16,8.46153846153846,8.576575
0.64,0.18,8.33333333333333,8.460505
0.64,0.2,8.21428571428572,8.351
0.64,0.22,8.10344827586207,8.248895
0.64,0.24,8,8.15347
0.64,0.26,7.90322580645161,8.064755
0.64,0.28,7.8125,7.98185
0.64,0.3,7.72727272727273,7.9031
0.64,0.32,7.64705882352941,7.828895
0.64,0.34,7.57142857142857,7.759205
0.64,0.36,7.5,7.691835
0.64,0.38,7.43243243243243,7.629465
0.64,0.4,7.36842105263158,7.569935
0.64,0.42,7.30769230769231,7.512895
0.64,0.44,7.25,7.45789
0.64,0.46,7.19512195121951,7.405235
0.64,0.48,7.14285714285714,7.35687
0.64,0.5,7.09302325581395,7.308715
0.64,0.52,7.04545454545455,7.264835
0.64,0.54,7,7.221615
0.64,0.56,6.95652173913044,7.17994
0.64,0.58,6.91489361702128,7.14077
0.64,0.6,6.875,7.10164
0.64,0.62,6.83673469387755,7.06472
0.64,0.64,6.8,7.028985
0.64,0.66,6.76470588235294,6.99593
0.64,0.68,6.73076923076923,6.961745
0.64,0.7,6.69811320754717,6.93035
0.64,0.72,6.66666666666667,6.90059
0.64,0.74,6.63636363636364,6.86955
0.64,0.76,6.60714285714286,6.84163
0.64,0.78,6.57894736842105,6.813715
0.64,0.8,6.55172413793103,6.78686
0.64,0.82,6.52542372881356,6.760575
0.64,0.84,6.5,6.73618
0.64,0.86,6.47540983606557,6.71128
0.64,0.88,6.45161290322581,6.68675
0.64,0.9,6.42857142857143,6.665065
0.64,0.92,6.40625,6.6422
0.64,0.94,6.38461538461539,6.62117
0.64,0.96,6.36363636363637,6.600725
0.64,0.98,6.34328358208955,6.580005
0.64,1,6.32352941176471,6.560475
0.66,0,10,10
0.66,0.02,9.72222222222222,9.729245
0.66,0.04,9.47368421052632,9.49593
0.66,0.06,9.25,9.28887
0.66,0.08,9.04761904761905,9.108395
0.66,0.1,8.86363636363637,8.943165
0.66,0.12,8.69565217391304,8.79166
0.66,0.14,8.54166666666667,8.65244
0.66,0.16,8.4,8.52319
0.66,0.18,8.26923076923077,8.403235
0.66,0.2,8.14814814814815,8.293935
0.66,0.22,8.03571428571429,8.19073
0.66,0.24,7.93103448275862,8.094765
0.66,0.26,7.83333333333333,8.005095
0.66,0.28,7.74193548387097,7.92018
0.66,0.3,7.65625,7.84178
0.66,0.32,7.57575757575758,7.766735
0.66,0.34,7.5,7.69771
0.66,0.36,7.42857142857143,7.63096
0.66,0.38,7.36111111111111,7.567505
0.66,0.4,7.2972972972973,7.507915
0.66,0.42,7.23684210526316,7.45019
0.66,0.44,7.17948717948718,7.39606
0.66,0.46,7.125,7.34548
0.66,0.48,7.07317073170732,7.296045
0.66,0.5,7.02380952380952,7.24953
0.66,0.52,6.97674418604651,7.203995
0.66,0.54,6.93181818181818,7.161045
0.66,0.56,6.88888888888889,7.12035
0.66,0.58,6.84782608695652,7.08014
0.66,0.6,6.80851063829787,7.043515
0.66,0.62,6.77083333333333,7.00664
0.66,0.64,6.73469387755102,6.97262
0.66,0.66,6.7,6.93855
0.66,0.68,6.66666666666667,6.906465
0.66,0.7,6.63461538461539,6.8748
0.66,0.72,6.60377358490566,6.844505
0.66,0.74,6.57407407407408,6.814595
0.66,0.76,6.54545454545455,6.78672
0.66,0.78,6.51785714285714,6.75997
0.66,0.8,6.49122807017544,6.73321
0.66,0.82,6.46551724137931,6.70746
0.66,0.84,6.44067796610169,6.68369
0.66,0.86,6.41666666666667,6.65909
0.66,0.88,6.39344262295082,6.636135
0.66,0.9,6.37096774193548,6.61376
0.66,0.92,6.34920634920635,6.59162
0.66,0.94,6.328125,6.570775
0.66,0.96,6.30769230769231,6.54977
0.66,0.98,6.28787878787879,6.53026
0.66,1,6.26865671641791,6.511435
0.68,0,10,10
0.68,0.02,9.70588235294118,9.71497
0.68,0.04,9.44444444444445,9.470775
0.68,0.06,9.21052631578947,9.255
0.68,0.08,9,9.06662
0.68,0.1,8.80952380952381,8.89652
0.68,0.12,8.63636363636364,8.740205
0.68,0.14,8.47826086956522,8.59767
0.68,0.16,8.33333333333334,8.465345
0.68,0.18,8.2,8.3453
0.68,0.2,8.07692307692308,8.23193
0.68,0.22,7.96296296296297,8.12693
0.68,0.24,7.85714285714286,8.02957
0.68,0.26,7.75862068965518,7.94028
0.68,0.28,7.66666666666667,7.85533
0.68,0.3,7.58064516129032,7.77613
0.68,0.32,7.5,7.70107
0.68,0.34,7.42424242424243,7.630825
0.68,0.36,7.35294117647059,7.56472
0.68,0.38,7.28571428571429,7.502095
0.68,0.4,7.22222222222222,7.441995
0.68,0.42,7.16216216216216,7.386115
0.68,0.44,7.10526315789474,7.33226
0.68,0.46,7.05128205128205,7.27991
0.68,0.48,7,7.232185
0.68,0.5,6.95121951219512,7.186075
0.68,0.52,6.90476190476191,7.141735
0.68,0.54,6.86046511627907,7.09935
0.68,0.56,6.81818181818182,7.05849
0.68,0.58,6.77777777777778,7.02011
0.68,0.6,6.73913043478261,6.98192
0.68,0.62,6.70212765957447,6.94665
0.68,0.64,6.66666666666667,6.911855
0.68,0.66,6.63265306122449,6.87879
0.68,0.68,6.6,6.846785
0.68,0.7,6.56862745098039,6.815475
0.68,0.72,6.53846153846154,6.786485
0.68,0.74,6.50943396226415,6.7583
0.68,0.76,6.48148148148148,6.73063
0.68,0.78,6.45454545454546,6.703715
0.68,0.8,6.42857142857143,6.67704
0.68,0.82,6.40350877192983,6.652485
0.68,0.84,6.37931034482759,6.628625
0.68,0.86,6.35593220338983,6.6053
0.68,0.88,6.33333333333333,6.582485
0.68,0.9,6.31147540983607,6.56164
0.68,0.92,6.29032258064516,6.538995
0.68,0.94,6.26984126984127,6.51863
0.68,0.96,6.25,6.49914
0.68,0.98,6.23076923076923,6.47969
0.68,1,6.21212121212121,6.46067
0.7,0,10,10
0.7,0.02,9.6875,9.698635
0.7,0.04,9.41176470588236,9.44228
0.7,0.06,9.16666666666667,9.21732
0.7,0.08,8.94736842105264,9.020805
0.7,0.1,8.75,8.84487
0.7,0.12,8.57142857142857,8.68452
0.7,0.14,8.40909090909091,8.5384
0.7,0.16,8.26086956521739,8.40275
0.7,0.18,8.125,8.28014
0.7,0.2,8,8.166515
0.7,0.22,7.88461538461539,8.059735
0.7,0.24,7.77777777777778,7.9625
0.7,0.26,7.67857142857143,7.87099
0.7,0.28,7.58620689655173,7.785705
0.7,0.3,7.5,7.706435
0.7,0.32,7.41935483870968,7.631895
0.7,0.34,7.34375,7.56162
0.7,0.36,7.27272727272727,7.49621
0.7,0.38,7.20588235294118,7.432045
0.7,0.4,7.14285714285714,7.37389
0.7,0.42,7.08333333333334,7.31761
0.7,0.44,7.02702702702703,7.26403
0.7,0.46,6.97368421052632,7.213335
0.7,0.48,6.92307692307693,7.16546
0.7,0.5,6.875,7.11976
0.7,0.52,6.82926829268293,7.076425
0.7,0.54,6.78571428571429,7.034095
0.7,0.56,6.74418604651163,6.994605
0.7,0.58,6.70454545454546,6.955725
0.7,0.6,6.66666666666667,6.918995
0.7,0.62,6.6304347826087,6.883095
0.7,0.64,6.59574468085107,6.8499
0.7,0.66,6.5625,6.81732
0.7,0.68,6.53061224489796,6.786435
0.7,0.7,6.5,6.756005
0.7,0.72,6.47058823529412,6.727465
0.7,0.74,6.44230769230769,6.69874
0.7,0.76,6.41509433962264,6.671875
0.7,0.78,6.38888888888889,6.645825
0.7,0.8,6.36363636363637,6.62088
0.7,0.82,6.33928571428572,6.59582
0.7,0.84,6.31578947368421,6.57233
0.7,0.86,6.29310344827586,6.54943
0.7,0.88,6.27118644067797,6.527495
0.7,0.9,6.25,6.50603
0.7,0.92,6.22950819672131,6.485835
0.7,0.94,6.20967741935484,6.465495
0.7,0.96,6.19047619047619,6.44657
0.7,0.98,6.171875,6.42692
0.7,1,6.15384615384616,6.408445
0.72,0,10,10
0.72,0.02,9.66666666666667,9.680905
0.72,0.04,9.375,9.409865
0.72,0.06,9.11764705882353,9.17471
0.72,0.08,8.88888888888889,8.97105
0.72,0.1,8.68421052631579,8.787975
0.72,0.12,8.5,8.62218
0.72,0.14,8.33333333333333,8.47362
0.72,0.16,8.18181818181819,8.33517
0.72,0.18,8.04347826086957,8.209345
0.72,0.2,7.91666666666667,8.09339
0.72,0.22,7.8,7.987675
0.72,0.24,7.6923076923077,7.88783
0.72,0.26,7.59259259259259,7.797285
0.72,0.28,7.5,7.71126
0.72,0.3,7.41379310344828,7.631505
0.72,0.32,7.33333333333334,7.557785
0.72,0.34,7.25806451612904,7.48692
0.72,0.36,7.1875,7.421355
0.72,0.38,7.12121212121212,7.359345
0.72,0.4,7.05882352941177,7.300375
0.72,0.42,7,7.245505
0.72,0.44,6.94444444444445,7.192505
0.72,0.46,6.89189189189189,7.142385
0.72,0.48,6.8421052631579,7.0954
0.72,0.5,6.7948717948718,7.04989
0.72,0.52,6.75,7.006065
0.72,0.54,6.70731707317073,6.965555
0.72,0.56,6.66666666666667,6.9264
0.72,0.58,6.62790697674419,6.887985
0.72,0.6,6.59090909090909,6.85298
0.72,0.62,6.55555555555556,6.818475
0.72,0.64,6.52173913043478,6.78569
0.72,0.66,6.48936170212766,6.753645
0.72,0.68,6.45833333333333,6.72307
0.72,0.7,6.42857142857143,6.693855
0.72,0.72,6.4,6.664735
0.72,0.74,6.37254901960784,6.637625
0.72,0.76,6.34615384615385,6.611485
0.72,0.78,6.32075471698114,6.586355
0.72,0.8,6.2962962962963,6.561985
0.72,0.82,6.27272727272728,6.537135
0.72,0.84,6.25,6.514145
0.72,0.86,6.2280701754386,6.492275
0.72,0.88,6.20689655172414,6.46984
0.72,0.9,6.1864406779661,6.449785
0.72,0.92,6.16666666666667,6.42957
0.72,0.94,6.14754098360656,6.410625
0.72,0.96,6.12903225806452,6.391725
0.72,0.98,6.11111111111111,6.373845
0.72,1,6.09375,6.35627
0.74,0,10,10
0.74,0.02,9.64285714285714,9.65975
0.74,0.04,9.33333333333334,9.3747
0.74,0.06,9.0625,9.125495
0.74,0.08,8.82352941176471,8.91547
0.74,0.1,8.61111111111111,8.725865
0.74,0.12,8.42105263157895,8.555465
0.74,0.14,8.25,8.401465
0.74,0.16,8.0952380952381,8.2623
0.74,0.18,7.95454545454545,8.133625
0.74,0.2,7.82608695652174,8.01667
0.74,0.22,7.70833333333334,7.909105
0.74,0.24,7.6,7.80898
0.74,0.26,7.5,7.71751
0.74,0.28,7.40740740740741,7.631805
0.74,0.3,7.32142857142857,7.552085
0.74,0.32,7.24137931034483,7.478275
0.74,0.34,7.16666666666667,7.40878
0.74,0.36,7.09677419354839,7.34426
0.74,0.38,7.03125,7.281775
0.74,0.4,6.96969696969697,7.22358
0.74,0.42,6.91176470588235,7.168695
0.74,0.44,6.85714285714286,7.11671
0.74,0.46,6.80555555555556,7.066825
0.74,0.48,6.75675675675676,7.021395
0.74,0.5,6.71052631578948,6.97606
0.74,0.52,6.66666666666667,6.93409
0.74,0.54,6.625,6.89395
0.74,0.56,6.58536585365854,6.85618
0.74,0.58,6.54761904761905,6.818865
0.74,0.6,6.51162790697675,6.783385
0.74,0.62,6.47727272727273,6.74981
0.74,0.64,6.44444444444445,6.71726
0.74,0.66,6.41304347826087,6.68631
0.74,0.68,6.38297872340426,6.65682
0.74,0.7,6.35416666666667,6.62844
0.74,0.72,6.3265306122449,6.599975
0.74,0.74,6.3,6.573565
0.74,0.76,6.27450980392157,6.54885
0.74,0.78,6.25,6.523535
0.74,0.8,6.22641509433962,6.49904
0.74,0.82,6.20370370370371,6.47592
0.74,0.84,6.18181818181818,6.45456
0.74,0.86,6.16071428571429,6.43361
0.74,0.88,6.14035087719298,6.412555
0.74,0.9,6.12068965517242,6.39163
0.74,0.92,6.10169491525424,6.37271
0.74,0.94,6.08333333333333,6.353225
0.74,0.96,6.06557377049181,6.335255
0.74,0.98,6.04838709677419,6.317295
0.74,1,6.03174603174603,6.300045
0.76,0,10,10
0.76,0.02,9.61538461538462,9.636285
0.76,0.04,9.28571428571429,9.33265
0.76,0.06,9,9.072255
0.76,0.08,8.75000000000001,8.851905
0.76,0.1,8.52941176470589,8.656455
0.76,0.12,8.33333333333334,8.47977
0.76,0.14,8.15789473684211,8.321945
0.76,0.16,8,8.1804
0.76,0.18,7.85714285714286,8.050605
0.76,0.2,7.72727272727273,7.932345
0.76,0.22,7.60869565217391,7.823105
0.76,0.24,7.5,7.7239
0.76,0.26,7.4,7.630485
0.76,0.28,7.30769230769231,7.546085
0.76,0.3,7.22222222222222,7.46739
0.76,0.32,7.14285714285715,7.393725
0.76,0.34,7.06896551724138,7.32367
0.76,0.36,7,7.259925
0.76,0.38,6.93548387096774,7.198025
0.76,0.4,6.875,7.142475
0.76,0.42,6.81818181818182,7.08779
0.76,0.44,6.76470588235294,7.03576
0.76,0.46,6.71428571428572,6.988465
0.76,0.48,6.66666666666667,6.94293
0.76,0.5,6.62162162162162,6.900005
0.76,0.52,6.57894736842105,6.85745
0.76,0.54,6.53846153846154,6.818335
0.76,0.56,6.5,6.78089
0.76,0.58,6.46341463414634,6.744845
0.76,0.6,6.42857142857143,6.71086
0.76,0.62,6.3953488372093,6.677395
0.76,0.64,6.36363636363636,6.64735
0.76,0.66,6.33333333333334,6.617835
0.76,0.68,6.30434782608696,6.587245
0.76,0.7,6.27659574468085,6.55987
0.76,0.72,6.25,6.533445
0.76,0.74,6.22448979591837,6.50738
0.76,0.76,6.2,6.4826
0.76,0.78,6.1764705882353,6.458205
0.76,0.8,6.15384615384616,6.436305
0.76,0.82,6.13207547169811,6.41295
0.76,0.84,6.11111111111111,6.39119
0.76,0.86,6.09090909090909,6.371185
0.76,0.88,6.07142857142857,6.35039
0.76,0.9,6.05263157894737,6.332245
0.76,0.92,6.03448275862069,6.312765
0.76,0.94,6.01694915254237,6.29533
0.76,0.96,6,6.27592
0.76,0.98,5.98360655737705,6.2594
0.76,1,5.96774193548387,6.244115
0.78,0,10,10
0.78,0.02,9.58333333333334,9.609035
0.78,0.04,9.23076923076923,9.285285
0.78,0.06,8.92857142857143,9.011065
0.78,0.08,8.66666666666667,8.780585
0.78,0.1,8.4375,8.57674
0.78,0.12,8.23529411764706,8.39656
0.78,0.14,8.05555555555556,8.23542
0.78,0.16,7.89473684210526,8.08999
0.78,0.18,7.75,7.957915
0.78,0.2,7.61904761904762,7.839235
0.78,0.22,7.5,7.730035
0.78,0.24,7.39130434782609,7.63078
0.78,0.26,7.29166666666667,7.537755
0.78,0.28,7.2,7.454165
0.78,0.3,7.11538461538462,7.375315
0.78,0.32,7.03703703703704,7.30213
0.78,0.34,6.96428571428572,7.233435
0.78,0.36,6.89655172413793,7.16941
0.78,0.38,6.83333333333333,7.1104
0.78,0.4,6.7741935483871,7.054875
0.78,0.42,6.71875,7.001455
0.78,0.44,6.66666666666667,6.95125
0.78,0.46,6.61764705882353,6.904365
0.78,0.48,6.57142857142857,6.85981
0.78,0.5,6.52777777777778,6.818385
0.78,0.52,6.48648648648649,6.77759
0.78,0.54,6.44736842105263,6.739435
0.78,0.56,6.41025641025641,6.703305
0.78,0.58,6.375,6.66766
0.78,0.6,6.34146341463415,6.63501
0.78,0.62,6.30952380952381,6.6028
0.78,0.64,6.27906976744186,6.572475
0.78,0.66,6.25,6.544425
0.78,0.68,6.22222222222222,6.51565
0.78,0.7,6.19565217391304,6.488535
0.78,0.72,6.17021276595745,6.463875
0.78,0.74,6.14583333333333,6.43882
0.78,0.76,6.12244897959184,6.414475
0.78,0.78,6.1,6.3909
0.78,0.8,6.07843137254902,6.368585
0.78,0.82,6.05769230769231,6.347745
0.78,0.84,6.03773584905661,6.32712
0.78,0.86,6.01851851851852,6.306865
0.78,0.88,6,6.28753
0.78,0.9,5.98214285714286,6.26895
0.78,0.92,5.96491228070176,6.250505
0.78,0.94,5.94827586206897,6.23429
0.78,0.96,5.93220338983051,6.21696
0.78,0.98,5.91666666666667,6.200305
0.78,1,5.9016393442623,6.18662
0.8,0,10,10
0.8,0.02,9.54545454545455,9.576155
0.8,0.04,9.16666666666667,9.23018
0.8,0.06,8.84615384615385,8.94074
0.8,0.08,8.57142857142857,8.69909
0.8,0.1,8.33333333333334,8.489135
0.8,0.12,8.125,8.30203
0.8,0.14,7.94117647058824,8.137745
0.8,0.16,7.77777777777778,7.989175
0.8,0.18,7.63157894736843,7.856535
0.8,0.2,7.5,7.73701
0.8,0.22,7.38095238095238,7.628705
0.8,0.24,7.27272727272727,7.52924
0.8,0.26,7.17391304347826,7.436805
0.8,0.28,7.08333333333333,7.353235
0.8,0.3,7,7.277125
0.8,0.32,6.92307692307692,7.20413
0.8,0.34,6.85185185185185,7.138935
0.8,0.36,6.78571428571429,7.07441
0.8,0.38,6.72413793103448,7.01729
0.8,0.4,6.66666666666667,6.961225
0.8,0.42,6.61290322580645,6.911275
0.8,0.44,6.5625,6.86168
0.8,0.46,6.51515151515152,6.81568
0.8,0.48,6.47058823529412,6.771605
0.8,0.5,6.42857142857143,6.73166
0.8,0.52,6.38888888888889,6.692315
0.8,0.54,6.35135135135135,6.657065
0.8,0.56,6.31578947368421,6.6205
0.8,0.58,6.28205128205128,6.58809
0.8,0.6,6.25,6.554965
0.8,0.62,6.21951219512195,6.524125
0.8,0.64,6.19047619047619,6.49571
0.8,0.66,6.16279069767442,6.46686
0.8,0.68,6.13636363636364,6.44151
0.8,0.7,6.11111111111111,6.415305
0.8,0.72,6.08695652173913,6.39004
0.8,0.74,6.06382978723404,6.365735
0.8,0.76,6.04166666666667,6.343335
0.8,0.78,6.02040816326531,6.320885
0.8,0.8,6,6.298945
0.8,0.82,5.98039215686275,6.28064
0.8,0.84,5.96153846153846,6.2593
0.8,0.86,5.9433962264151,6.24115
0.8,0.88,5.92592592592593,6.22219
0.8,0.9,5.90909090909091,6.20442
0.8,0.92,5.89285714285714,6.187215
0.8,0.94,5.87719298245614,6.170165
0.8,0.96,5.86206896551724,6.154615
0.8,0.98,5.84745762711865,6.13974
0.8,1,5.83333333333333,6.12512
0.82,0,10,10
0.82,0.02,9.5,9.537165
0.82,0.04,9.09090909090909,9.16395
0.82,0.06,8.75,8.85809
0.82,0.08,8.46153846153846,8.60446
0.82,0.1,8.21428571428572,8.385685
0.82,0.12,8,8.19477
0.82,0.14,7.8125,8.02792
0.82,0.16,7.64705882352941,7.87805
0.82,0.18,7.5,7.74457
0.82,0.2,7.36842105263158,7.624815
0.82,0.22,7.25,7.51628
0.82,0.24,7.14285714285714,7.417955
0.82,0.26,7.04545454545455,7.32742
0.82,0.28,6.95652173913043,7.244455
0.82,0.3,6.875,7.16865
0.82,0.32,6.8,7.098535
0.82,0.34,6.73076923076923,7.034775
0.82,0.36,6.66666666666667,6.971615
0.82,0.38,6.60714285714286,6.91708
0.82,0.4,6.55172413793104,6.86326
0.82,0.42,6.5,6.813135
0.82,0.44,6.45161290322581,6.765445
0.82,0.46,6.40625,6.72105
0.82,0.48,6.36363636363637,6.678915
0.82,0.5,6.32352941176471,6.64006
0.82,0.52,6.28571428571429,6.602945
0.82,0.54,6.25,6.567175
0.82,0.56,6.21621621621622,6.534395
0.82,0.58,6.18421052631579,6.50209
0.82,0.6,6.15384615384615,6.47081
0.82,0.62,6.125,6.44179
0.82,0.64,6.09756097560976,6.4146
0.82,0.66,6.07142857142857,6.387045
0.82,0.68,6.04651162790698,6.362005
0.82,0.7,6.02272727272727,6.336355
0.82,0.72,6,6.31489
0.82,0.74,5.97826086956522,6.29221
0.82,0.76,5.95744680851064,6.269645
0.82,0.78,5.9375,6.24843
0.82,0.8,5.91836734693878,6.228
0.82,0.82,5.9,6.20902
0.82,0.84,5.88235294117647,6.19015
0.82,0.86,5.86538461538462,6.17256
0.82,0.88,5.84905660377359,6.15442
0.82,0.9,5.83333333333333,6.13679
0.82,0.92,5.81818181818182,6.12114
0.82,0.94,5.80357142857143,6.10436
0.82,0.96,5.78947368421053,6.089735
0.82,0.98,5.77586206896552,6.074995
0.82,1,5.76271186440678,6.0621
0.84,0,10,10
0.84,0.02,9.44444444444444,9.488535
0.84,0.04,9,9.08706
0.84,0.06,8.63636363636364,8.7617
0.84,0.08,8.33333333333334,8.49604
0.84,0.1,8.07692307692308,8.268295
0.84,0.12,7.85714285714286,8.073315
0.84,0.14,7.66666666666667,7.90294
0.84,0.16,7.5,7.752385
0.84,0.18,7.35294117647059,7.619945
0.84,0.2,7.22222222222222,7.500825
0.84,0.22,7.10526315789474,7.39138
0.84,0.24,7,7.29533
0.84,0.26,6.90476190476191,7.207615
0.84,0.28,6.81818181818182,7.12653
0.84,0.3,6.73913043478261,7.052685
0.84,0.32,6.66666666666667,6.984075
0.84,0.34,6.6,6.920055
0.84,0.36,6.53846153846154,6.86278
0.84,0.38,6.48148148148148,6.807815
0.84,0.4,6.42857142857143,6.75613
0.84,0.42,6.37931034482759,6.70824
0.84,0.44,6.33333333333333,6.664665
0.84,0.46,6.29032258064516,6.621755
0.84,0.48,6.25,6.58145
0.84,0.5,6.21212121212121,6.543965
0.84,0.52,6.1764705882353,6.50791
0.84,0.54,6.14285714285715,6.47488
0.84,0.56,6.11111111111111,6.443245
0.84,0.58,6.08108108108108,6.412405
0.84,0.6,6.05263157894737,6.38505
0.84,0.62,6.02564102564103,6.3559
0.84,0.64,6,6.32949
0.84,0.66,5.97560975609756,6.304205
0.84,0.68,5.95238095238095,6.279275
0.84,0.7,5.93023255813954,6.256455
0.84,0.72,5.90909090909091,6.233985
0.84,0.74,5.88888888888889,6.212445
0.84,0.76,5.8695652173913,6.1928
0.84,0.78,5.85106382978723,6.171255
0.84,0.8,5.83333333333333,6.15451
0.84,0.82,5.81632653061224,6.13504
0.84,0.84,5.8,6.118495
0.84,0.86,5.7843137254902,6.099835
0.84,0.88,5.76923076923077,6.08371
0.84,0.9,5.75471698113208,6.068575
0.84,0.92,5.74074074074074,6.053355
0.84,0.94,5.72727272727273,6.037795
0.84,0.96,5.71428571428572,6.02366
0.84,0.98,5.70175438596491,6.00933
0.84,1,5.68965517241379,5.99714
0.86,0,10,10
0.86,0.02,9.375,9.43099
0.86,0.04,8.88888888888889,8.99294
0.86,0.06,8.5,8.64467
0.86,0.08,8.18181818181819,8.365695
0.86,0.1,7.91666666666667,8.133175
0.86,0.12,7.69230769230769,7.933235
0.86,0.14,7.5,7.761945
0.86,0.16,7.33333333333334,7.61161
0.86,0.18,7.1875,7.47823
0.86,0.2,7.05882352941177,7.360365
0.86,0.22,6.94444444444445,7.255095
0.86,0.24,6.8421052631579,7.16049
0.86,0.26,6.75,7.075345
0.86,0.28,6.66666666666667,6.996825
0.86,0.3,6.59090909090909,6.92558
0.86,0.32,6.52173913043478,6.859805
0.86,0.34,6.45833333333333,6.798405
0.86,0.36,6.4,6.7435
0.86,0.38,6.34615384615385,6.69088
0.86,0.4,6.2962962962963,6.642895
0.86,0.42,6.25,6.59728
0.86,0.44,6.20689655172414,6.553875
0.86,0.46,6.16666666666667,6.51544
0.86,0.48,6.12903225806452,6.476405
0.86,0.5,6.09375,6.44134
0.86,0.52,6.06060606060606,6.408965
0.86,0.54,6.02941176470588,6.376045
0.86,0.56,6,6.348285
0.86,0.58,5.97222222222222,6.31818
0.86,0.6,5.94594594594595,6.291315
0.86,0.62,5.92105263157895,6.264765
0.86,0.64,5.8974358974359,6.24035
0.86,0.66,5.875,6.215525
0.86,0.68,5.85365853658537,6.193315
0.86,0.7,5.83333333333333,6.171855
0.86,0.72,5.8139534883721,6.151005
0.86,0.74,5.79545454545455,6.131235
0.86,0.76,5.77777777777778,6.11203
0.86,0.78,5.76086956521739,6.09404
0.86,0.8,5.74468085106383,6.07516
0.86,0.82,5.72916666666667,6.058445
0.86,0.84,5.71428571428572,6.042455
0.86,0.86,5.7,6.02634
0.86,0.88,5.68627450980392,6.01068
0.86,0.9,5.67307692307692,5.99577
0.86,0.92,5.66037735849057,5.98202
0.86,0.94,5.64814814814815,5.967435
0.86,0.96,5.63636363636364,5.95417
0.86,0.98,5.625,5.941685
0.86,1,5.6140350877193,5.930515
0.88,0,10,10
0.88,0.02,9.28571428571429,9.35359
0.88,0.04,8.75,8.873935
0.88,0.06,8.33333333333334,8.503095
0.88,0.08,8.00000000000001,8.211605
0.88,0.1,7.72727272727273,7.97136
0.88,0.12,7.5,7.76972
0.88,0.14,7.30769230769231,7.597755
0.88,0.16,7.14285714285714,7.447905
0.88,0.18,7,7.31871
0.88,0.2,6.875,7.204645
0.88,0.22,6.76470588235294,7.10206
0.88,0.24,6.66666666666667,7.01012
0.88,0.26,6.57894736842105,6.92725
0.88,0.28,6.5,6.85539
0.88,0.3,6.42857142857143,6.78677
0.88,0.32,6.36363636363637,6.724105
0.88,0.34,6.30434782608696,6.666715
0.88,0.36,6.25,6.615585
0.88,0.38,6.2,6.565605
0.88,0.4,6.15384615384615,6.520715
0.88,0.42,6.11111111111111,6.47783
0.88,0.44,6.07142857142857,6.436415
0.88,0.46,6.03448275862069,6.399635
0.88,0.48,6,6.36586
0.88,0.5,5.96774193548387,6.333045
0.88,0.52,5.9375,6.301585
0.88,0.54,5.90909090909091,6.272785
0.88,0.56,5.88235294117647,6.24418
0.88,0.58,5.85714285714286,6.21732
0.88,0.6,5.83333333333333,6.19298
0.88,0.62,5.81081081081081,6.16869
0.88,0.64,5.78947368421053,6.14551
0.88,0.66,5.76923076923077,6.12468
0.88,0.68,5.75,6.104045
0.88,0.7,5.73170731707317,6.08281
0.88,0.72,5.71428571428572,6.06392
0.88,0.74,5.69767441860465,6.045065
0.88,0.76,5.68181818181818,6.028325
0.88,0.78,5.66666666666667,6.010845
0.88,0.8,5.65217391304348,5.99522
0.88,0.82,5.63829787234043,5.978805
0.88,0.84,5.625,5.964515
0.88,0.86,5.61224489795918,5.949485
0.88,0.88,5.6,5.934775
0.88,0.9,5.58823529411765,5.92154
0.88,0.92,5.57692307692308,5.908255
0.88,0.94,5.56603773584906,5.895365
0.88,0.96,5.55555555555556,5.88296
0.88,0.98,5.54545454545455,5.870995
0.88,1,5.53571428571429,5.86132
0.9,0,10,10
0.9,0.02,9.16666666666667,9.251215
0.9,0.04,8.57142857142857,8.723215
0.9,0.06,8.125,8.326795
0.9,0.08,7.77777777777778,8.0228
0.9,0.1,7.5,7.77952
0.9,0.12,7.27272727272727,7.577365
0.9,0.14,7.08333333333333,7.40764
0.9,0.16,6.92307692307692,7.262155
0.9,0.18,6.78571428571429,7.136765
0.9,0.2,6.66666666666667,7.02778
0.9,0.22,6.5625,6.92896
0.9,0.24,6.47058823529412,6.843805
0.9,0.26,6.38888888888889,6.764855
0.9,0.28,6.31578947368421,6.69675
0.9,0.3,6.25,6.632565
0.9,0.32,6.19047619047619,6.576815
0.9,0.34,6.13636363636364,6.523365
0.9,0.36,6.08695652173913,6.474995
0.9,0.38,6.04166666666667,6.43127
0.9,0.4,6,6.3877
0.9,0.42,5.96153846153846,6.349055
0.9,0.44,5.92592592592593,6.31222
0.9,0.46,5.89285714285714,6.278775
0.9,0.48,5.86206896551724,6.2467
0.9,0.5,5.83333333333333,6.216165
0.9,0.52,5.80645161290323,6.18886
0.9,0.54,5.78125,6.16162
0.9,0.56,5.75757575757576,6.13557
0.9,0.58,5.73529411764706,6.111605
0.9,0.6,5.71428571428572,6.088165
0.9,0.62,5.69444444444445,6.06672
0.9,0.64,5.67567567567568,6.047185
0.9,0.66,5.65789473684211,6.02625
0.9,0.68,5.64102564102564,6.0077
0.9,0.7,5.625,5.989465
0.9,0.72,5.60975609756098,5.972235
0.9,0.74,5.5952380952381,5.954415
0.9,0.76,5.58139534883721,5.940795
0.9,0.78,5.56818181818182,5.92367
0.9,0.8,5.55555555555556,5.909855
0.9,0.82,5.54347826086957,5.89537
0.9,0.84,5.53191489361702,5.881855
0.9,0.86,5.52083333333333,5.86789
0.9,0.88,5.51020408163266,5.85623
0.9,0.9,5.5,5.842655
0.9,0.92,5.49019607843137,5.83173
0.9,0.94,5.48076923076923,5.819275
0.9,0.96,5.47169811320755,5.809415
0.9,0.98,5.46296296296297,5.79803
0.9,1,5.45454545454546,5.78983
0.92,0,10,10
0.92,0.02,9,9.110195
0.92,0.04,8.33333333333333,8.521015
0.92,0.06,7.85714285714286,8.099465
0.92,0.08,7.5,7.788515
0.92,0.1,7.22222222222222,7.54494
0.92,0.12,7,7.34591
0.92,0.14,6.81818181818182,7.18356
0.92,0.16,6.66666666666667,7.04409
0.92,0.18,6.53846153846154,6.92786
0.92,0.2,6.42857142857143,6.82381
0.92,0.22,6.33333333333333,6.735745
0.92,0.24,6.25,6.65505
0.92,0.26,6.17647058823529,6.58543
0.92,0.28,6.11111111111111,6.522925
0.92,0.3,6.05263157894737,6.46551
0.92,0.32,6,6.414175
0.92,0.34,5.95238095238095,6.365095
0.92,0.36,5.90909090909091,6.32213
0.92,0.38,5.8695652173913,6.28143
0.92,0.4,5.83333333333333,6.245625
0.92,0.42,5.8,6.20982
0.92,0.44,5.76923076923077,6.176325
0.92,0.46,5.74074074074074,6.14645
0.92,0.48,5.71428571428572,6.11921
0.92,0.5,5.68965517241379,6.09207
0.92,0.52,5.66666666666667,6.067045
0.92,0.54,5.64516129032258,6.043465
0.92,0.56,5.625,6.021775
0.92,0.58,5.60606060606061,6.000475
0.92,0.6,5.58823529411765,5.98042
0.92,0.62,5.57142857142857,5.96038
0.92,0.64,5.55555555555556,5.941555
0.92,0.66,5.54054054054054,5.924205
0.92,0.68,5.52631578947368,5.908415
0.92,0.7,5.51282051282051,5.892245
0.92,0.72,5.5,5.8765
0.92,0.74,5.48780487804878,5.861445
0.92,0.76,5.47619047619048,5.84703
0.92,0.78,5.46511627906977,5.83481
0.92,0.8,5.45454545454546,5.82016
0.92,0.82,5.44444444444445,5.80835
0.92,0.84,5.43478260869565,5.79577
0.92,0.86,5.42553191489362,5.783975
0.92,0.88,5.41666666666667,5.77316
0.92,0.9,5.40816326530612,5.7615
0.92,0.92,5.4,5.75189
0.92,0.94,5.3921568627451,5.741895
0.92,0.96,5.38461538461538,5.732595
0.92,0.98,5.37735849056604,5.72189
0.92,1,5.37037037037037,5.714005
0.94,0,10,10
0.94,0.02,8.75,8.897605
0.94,0.04,8,8.238445
0.94,0.06,7.5,7.79866
0.94,0.08,7.14285714285714,7.484965
0.94,0.1,6.875,7.249455
0.94,0.12,6.66666666666667,7.06461
0.94,0.14,6.5,6.913235
0.94,0.16,6.36363636363636,6.78844
0.94,0.18,6.25,6.681505
0.94,0.2,6.15384615384615,6.590095
0.94,0.22,6.07142857142857,6.51148
0.94,0.24,6,6.44286
0.94,0.26,5.9375,6.381445
0.94,0.28,5.88235294117647,6.326335
0.94,0.3,5.83333333333333,6.279175
0.94,0.32,5.78947368421053,6.232855
0.94,0.34,5.75,6.1932
0.94,0.36,5.71428571428571,6.15585
0.94,0.38,5.68181818181818,6.12032
0.94,0.4,5.65217391304348,6.08901
0.94,0.42,5.625,6.05951
0.94,0.44,5.6,6.03147
0.94,0.46,5.57692307692308,6.00622
0.94,0.48,5.55555555555556,5.98255
0.94,0.5,5.53571428571428,5.95985
0.94,0.52,5.51724137931034,5.93689
0.94,0.54,5.5,5.91827
0.94,0.56,5.48387096774194,5.89899
0.94,0.58,5.46875,5.88119
0.94,0.6,5.45454545454546,5.863895
0.94,0.62,5.44117647058824,5.847145
0.94,0.64,5.42857142857143,5.83084
0.94,0.66,5.41666666666667,5.81563
0.94,0.68,5.40540540540541,5.80249
0.94,0.7,5.39473684210526,5.78775
0.94,0.72,5.38461538461538,5.775815
0.94,0.74,5.375,5.763105
0.94,0.76,5.36585365853659,5.75118
0.94,0.78,5.35714285714286,5.739975
0.94,0.8,5.34883720930233,5.728385
0.94,0.82,5.34090909090909,5.71772
0.94,0.84,5.33333333333333,5.706805
0.94,0.86,5.32608695652174,5.69678
0.94,0.88,5.31914893617021,5.686955
0.94,0.9,5.3125,5.677685
0.94,0.92,5.30612244897959,5.66773
0.94,0.94,5.3,5.660915
0.94,0.96,5.29411764705882,5.651805
0.94,0.98,5.28846153846154,5.64442
0.94,1,5.28301886792453,5.63788
0.96,0,10,10
0.96,0.02,8.33333333333334,8.542355
0.96,0.04,7.5,7.816695
0.96,0.06,7.00000000000001,7.375195
0.96,0.08,6.66666666666667,7.08329
0.96,0.1,6.42857142857143,6.874445
0.96,0.12,6.25,6.710615
0.96,0.14,6.11111111111112,6.5841
0.96,0.16,6,6.47907
0.96,0.18,5.90909090909091,6.392655
0.96,0.2,5.83333333333334,6.31939
0.96,0.22,5.76923076923077,6.25608
0.96,0.24,5.71428571428572,6.200785
0.96,0.26,5.66666666666667,6.15063
0.96,0.28,5.625,6.107065
0.96,0.3,5.58823529411765,6.0685
0.96,0.32,5.55555555555556,6.032915
0.96,0.34,5.52631578947369,6.002495
0.96,0.36,5.5,5.972555
0.96,0.38,5.47619047619048,5.94433
0.96,0.4,5.45454545454546,5.920915
0.96,0.42,5.43478260869565,5.89614
0.96,0.44,5.41666666666667,5.872655
0.96,0.46,5.4,5.8538
0.96,0.48,5.38461538461539,5.83538
0.96,0.5,5.37037037037037,5.81783
0.96,0.52,5.35714285714286,5.800305
0.96,0.54,5.3448275862069,5.782575
0.96,0.56,5.33333333333333,5.767625
0.96,0.58,5.32258064516129,5.753625
0.96,0.6,5.3125,5.74025
0.96,0.62,5.3030303030303,5.726845
0.96,0.64,5.29411764705883,5.71501
0.96,0.66,5.28571428571429,5.703755
0.96,0.68,5.27777777777778,5.69047
0.96,0.7,5.27027027027027,5.681125
0.96,0.72,5.26315789473684,5.67007
0.96,0.74,5.25641025641026,5.659575
0.96,0.76,5.25,5.64973
0.96,0.78,5.24390243902439,5.640075
0.96,0.8,5.23809523809524,5.63007
0.96,0.82,5.23255813953488,5.622175
0.96,0.84,5.22727272727273,5.614685
0.96,0.86,5.22222222222222,5.60604
0.96,0.88,5.21739130434783,5.59746
0.96,0.9,5.21276595744681,5.590685
0.96,0.92,5.20833333333333,5.58376
0.96,0.94,5.20408163265306,5.57632
0.96,0.96,5.2,5.56916
0.96,0.98,5.19607843137255,5.56238
0.96,1,5.19230769230769,5.557925
0.98,0,10,10
0.98,0.02,7.50000000000001,7.83759
0.98,0.04,6.66666666666667,7.11247
0.98,0.06,6.25,6.74308
0.98,0.08,6,6.5212
0.98,0.1,5.83333333333333,6.3696
0.98,0.12,5.71428571428572,6.25921
0.98,0.14,5.625,6.17334
0.98,0.16,5.55555555555556,6.103315
0.98,0.18,5.5,6.04504
0.98,0.2,5.45454545454546,5.9984
0.98,0.22,5.41666666666667,5.9575
0.98,0.24,5.38461538461539,5.91963
0.98,0.26,5.35714285714286,5.88687
0.98,0.28,5.33333333333333,5.85924
0.98,0.3,5.3125,5.832285
0.98,0.32,5.29411764705883,5.809815
0.98,0.34,5.27777777777778,5.78803
0.98,0.36,5.26315789473684,5.76991
0.98,0.38,5.25,5.75064
0.98,0.4,5.23809523809524,5.7338
0.98,0.42,5.22727272727273,5.71686
0.98,0.44,5.21739130434783,5.70305
0.98,0.46,5.20833333333333,5.68892
0.98,0.48,5.2,5.67637
0.98,0.5,5.19230769230769,5.662515
0.98,0.52,5.18518518518519,5.652005
0.98,0.54,5.17857142857143,5.63955
0.98,0.56,5.17241379310345,5.62938
0.98,0.58,5.16666666666667,5.618815
0.98,0.6,5.16129032258065,5.60907
0.98,0.62,5.15625,5.59971
0.98,0.64,5.15151515151515,5.591115
0.98,0.66,5.14705882352941,5.58166
0.98,0.68,5.14285714285714,5.57377
0.98,0.7,5.13888888888889,5.56562
0.98,0.72,5.13513513513514,5.55817
0.98,0.74,5.13157894736842,5.549695
0.98,0.76,5.12820512820513,5.5435
0.98,0.78,5.125,5.535995
0.98,0.8,5.1219512195122,5.53023
0.98,0.82,5.11904761904762,5.52291
0.98,0.84,5.11627906976744,5.51596
0.98,0.86,5.11363636363637,5.510845
0.98,0.88,5.11111111111111,5.50445
0.98,0.9,5.10869565217391,5.499055
0.98,0.92,5.10638297872341,5.49391
0.98,0.94,5.10416666666667,5.487945
0.98,0.96,5.10204081632653,5.48256
0.98,0.98,5.1,5.478685
0.98,1,5.09803921568628,5.474185
1,0,10,10
1,0.02,5,5.723845
1,0.04,5,5.73841
1,0.06,5,5.722405
1,0.08,5,5.68076
1,0.1,5,5.66851
1,0.12,5,5.684545
1,0.14,5,5.67295
1,0.16,5,5.63277
1,0.18,5,5.64829
1,0.2,5,5.6388
1,0.22,5,5.603695
1,0.24,5,5.61847
1,0.26,5,5.584265
1,0.28,5,5.575395
1,0.3,5,5.567065
1,0.32,5,5.55961
1,0.34,5,5.57435
1,0.36,5,5.56676
1,0.38,5,5.536425
1,0.4,5,5.529935
1,0.42,5,5.52313
1,0.44,5,5.515655
1,0.46,5,5.50979
1,0.48,5,5.525145
1,0.5,5,5.518155
1,0.52,5,5.491465
1,0.54,5,5.485715
1,0.56,5,5.479975
1,0.58,5,5.4954
1,0.6,5,5.469855
1,0.62,5,5.4843
1,0.64,5,5.47935
1,0.66,5,5.473505
1,0.68,5,5.46909
1,0.7,5,5.465035
1,0.72,5,5.459765
1,0.74,5,5.45372
1,0.76,5,5.431855
1,0.78,5,5.427875
1,0.8,5,5.423275
1,0.82,5,5.419105
1,0.84,5,5.414935
1,0.86,5,5.411695
1,0.88,5,5.408285
1,0.9,5,5.42255
1,0.92,5,5.417715
1,0.94,5,5.414325
1,0.96,5,5.410945
1,0.98,5,5.408395
1,1,5,5.389595
0,0,10,10
0,0.02,9.90196078431373,9.90196
0,0.04,9.80769230769231,9.80769
