"belief_benef_low","belief_benef_high","max_invest","value_AM_infty","policy"
0,0,0,6,"1-1"
0,0.02,0,6.000009,"1-1"
0,0.04,0,6.000018,"1-1"
0,0.06,0,6.000027,"1-1"
0,0.08,0,6.000036,"1-1"
0,0.1,0,6.0070228,"1-2"
0,0.12,0,6.01639608,"1-2"
0,0.14,3,6.02576392,"1-2"
0,0.16,8,6.03516144,"1-2"
0,0.18,11,6.04536036,"1-2"
0,0.2,14,6.0571844,"1-2"
0,0.22,16,6.06900844,"1-2"
0,0.24,18,6.08082936,"1-2"
0,0.26,19,6.09265784,"1-2"
0,0.28,21,6.104482,"1-2"
0,0.3,22,6.1163292,"1-2"
0,0.32,23,6.12819408,"1-2"
0,0.34,24,6.14066052,"1-2"
0,0.36,25,6.15319696,"1-2"
0,0.38,25,6.16573068,"1-2"
0,0.4,26,6.1782644,"1-2"
0,0.42,27,6.19079812,"1-2"
0,0.44,28,6.20333176,"1-2"
0,0.46,28,6.2158682,"1-2"
0,0.48,29,6.22840344,"1-2"
0,0.5,29,6.240956,"1-2"
0,0.52,30,6.25353112,"1-2"
0,0.54,30,6.26630024,"1-2"
0,0.56,31,6.27906936,"1-2"
0,0.58,31,6.29184312,"1-2"
0,0.6,32,6.3046124,"1-2"
0,0.62,32,6.31738216,"1-2"
0,0.64,32,6.33015152,"1-2"
0,0.66,33,6.34292064,"1-2"
0,0.68,33,6.35569256,"1-2"
0,0.7,33,6.3684714,"1-2"
0,0.72,34,6.38129888,"1-2"
0,0.74,34,6.39415996,"1-2"
0,0.76,34,6.40702208,"1-2"
0,0.78,35,6.41988324,"1-2"
0,0.8,35,6.4327428,"1-2"
0,0.82,35,6.44560564,"1-2"
0,0.84,36,6.45847008,"1-2"
0,0.86,36,6.47136228,"1-2"
0,0.88,36,6.48426304,"1-2"
0,0.9,36,6.4971666,"1-2"
0,0.92,37,6.51006928,"1-2"
0,0.94,37,6.52298896,"1-2"
0,0.96,37,6.53590912,"1-2"
0,0.98,37,6.54884316,"1-2"
0,1,38,6.561776,"1-2"
0.02,0,0,6.000009,"1-1"
0.02,0.02,0,6.00001674,"1-1"
0.02,0.04,0,6.00002448,"1-1"
0.02,0.06,0,6.00003222,"1-1"
0.02,0.08,0,6.00003996,"1-1"
0.02,0.1,0,6.007044552,"1-2"
0.02,0.12,0,6.0164112144,"1-2"
0.02,0.14,3,6.0257797168,"1-2"
0.02,0.16,8,6.0351741808,"1-2"
0.02,0.18,11,6.0453793424,"1-2"
0.02,0.2,14,6.057202336,"1-2"
0.02,0.22,16,6.0690253296,"1-2"
0.02,0.24,18,6.0808483232,"1-2"
0.02,0.26,19,6.0926706088,"1-2"
0.02,0.28,21,6.1044970304,"1-2"
0.02,0.3,22,6.116339044,"1-2"
0.02,0.32,23,6.1282033008,"1-2"
0.02,0.34,24,6.1406762552,"1-2"
0.02,0.36,25,6.1532088208,"1-2"
0.02,0.38,25,6.1657413864,"1-2"
0.02,0.4,26,6.178273952,"1-2"
0.02,0.42,27,6.1908052376,"1-2"
0.02,0.44,28,6.2033390832,"1-2"
0.02,0.46,28,6.2158711104,"1-2"
0.02,0.48,29,6.228407496,"1-2"
0.02,0.5,29,6.2409587,"1-2"
0.02,0.52,30,6.2535347632,"1-2"
0.02,0.54,30,6.2663032016,"1-2"
0.02,0.56,31,6.2790714224,"1-2"
0.02,0.58,31,6.2918396432,"1-2"
0.02,0.6,32,6.304607864,"1-2"
0.02,0.62,32,6.3173763,"1-2"
0.02,0.64,32,6.3301448656,"1-2"
0.02,0.66,33,6.3429131,"1-2"
0.02,0.68,33,6.3556828016,"1-2"
0.02,0.7,33,6.36846118,"1-2"
0.02,0.72,34,6.3812887856,"1-2"
0.02,0.74,34,6.3941486656,"1-2"
0.02,0.76,34,6.4070087744,"1-2"
0.02,0.78,35,6.4198688832,"1-2"
0.02,0.8,35,6.432728992,"1-2"
0.02,0.82,35,6.4455894208,"1-2"
0.02,0.84,36,6.4584541696,"1-2"
0.02,0.86,36,6.4713435616,"1-2"
0.02,0.88,36,6.4842450176,"1-2"
0.02,0.9,36,6.497146188,"1-2"
0.02,0.92,37,6.5100476784,"1-2"
0.02,0.94,37,6.5229580632,"1-2"
0.02,0.96,37,6.5358857168,"1-2"
0.02,0.98,37,6.5488110832,"1-2"
0.02,1,38,6.5617426,"1-2"
0.04,0,0,6.000018,"1-1"
0.04,0.02,0,6.00002448,"1-1"
0.04,0.04,0,6.00003096,"1-1"
0.04,0.06,0,6.00003744,"1-1"
0.04,0.08,0,6.00004392,"1-1"
0.04,0.1,0,6.007060816,"1-2"
0.04,0.12,0,6.0164265472,"1-2"
0.04,0.14,3,6.0257932736,"1-2"
0.04,0.16,8,6.0351875744,"1-2"
0.04,0.18,11,6.0453965248,"1-2"
0.04,0.2,14,6.057218272,"1-2"
0.04,0.22,16,6.0690400192,"1-2"
0.04,0.24,18,6.0808594624,"1-2"
0.04,0.26,19,6.0926828576,"1-2"
0.04,0.28,21,6.1045079808,"1-2"
0.04,0.3,22,6.116348888,"1-2"
0.04,0.32,23,6.1282141472,"1-2"
0.04,0.34,24,6.1406858704,"1-2"
0.04,0.36,25,6.1532170816,"1-2"
0.04,0.38,25,6.1657482928,"1-2"
0.04,0.4,26,6.178277472,"1-2"
0.04,0.42,27,6.1908094352,"1-2"
0.04,0.44,28,6.2033418912,"1-2"
0.04,0.46,28,6.2158726176,"1-2"
0.04,0.48,29,6.2284082368,"1-2"
0.04,0.5,29,6.24095756,"1-2"
0.04,0.52,30,6.2535332064,"1-2"
0.04,0.54,30,6.2663002832,"1-2"
0.04,0.56,31,6.2790669248,"1-2"
0.04,0.58,31,6.2918337264,"1-2"
0.04,0.6,32,6.30460056,"1-2"
0.04,0.62,32,6.3173673296,"1-2"
0.04,0.64,32,6.33013456,"1-2"
0.04,0.66,33,6.342901424,"1-2"
0.04,0.68,33,6.35567016,"1-2"
0.04,0.7,33,6.36844736,"1-2"
0.04,0.72,34,6.3812729536,"1-2"
0.04,0.74,34,6.3941316112,"1-2"
0.04,0.76,34,6.4069902688,"1-2"
0.04,0.78,35,6.4198489264,"1-2"
0.04,0.8,35,6.432707584,"1-2"
0.04,0.82,35,6.4455665216,"1-2"
0.04,0.84,36,6.4584298592,"1-2"
0.04,0.86,36,6.4713178832,"1-2"
0.04,0.88,36,6.4842178752,"1-2"
0.04,0.9,36,6.497117576,"1-2"
0.04,0.92,37,6.5100175904,"1-2"
0.04,0.94,37,6.5229267264,"1-2"
0.04,0.96,37,6.5358527136,"1-2"
0.04,0.98,37,6.5487766064,"1-2"
0.04,1,38,6.56170728,"1-2"
0.06,0,0,6.000027,"1-1"
0.06,0.02,0,6.00003222,"1-1"
0.06,0.04,0,6.00003744,"1-1"
0.06,0.06,0,6.00004266,"1-1"
0.06,0.08,0,6.00004788,"1-1"
0.06,0.1,0,6.007076424,"1-2"
0.06,0.12,0,6.0164401584,"1-2"
0.06,0.14,3,6.0258062072,"1-2"
0.06,0.16,8,6.0351990224,"1-2"
0.06,0.18,11,6.0454137072,"1-2"
0.06,0.2,14,6.057234208,"1-2"
0.06,0.22,16,6.0690547088,"1-2"
0.06,0.24,18,6.0808747584,"1-2"
0.06,0.26,19,6.0926951064,"1-2"
0.06,0.28,21,6.1045186912,"1-2"
0.06,0.3,22,6.116359196,"1-2"
0.06,0.32,23,6.1282225808,"1-2"
0.06,0.34,24,6.1406954856,"1-2"
0.06,0.36,25,6.1532231024,"1-2"
0.06,0.38,25,6.1657551992,"1-2"
0.06,0.4,26,6.178283456,"1-2"
0.06,0.42,27,6.1908136328,"1-2"
0.06,0.44,28,6.2033447696,"1-2"
0.06,0.46,28,6.2158742112,"1-2"
0.06,0.48,29,6.2284048256,"1-2"
0.06,0.5,29,6.24095258,"1-2"
0.06,0.52,30,6.253531592,"1-2"
0.06,0.54,30,6.2662970448,"1-2"
0.06,0.56,31,6.2790624272,"1-2"
0.06,0.58,31,6.2918278096,"1-2"
0.06,0.6,32,6.30459324,"1-2"
0.06,0.62,32,6.3173587744,"1-2"
0.06,0.64,32,6.3301244,"1-2"
0.06,0.66,33,6.34288978,"1-2"
0.06,0.68,33,6.35565748,"1-2"
0.06,0.7,33,6.368432032,"1-2"
0.06,0.72,34,6.3812570304,"1-2"
0.06,0.74,34,6.3941141168,"1-2"
0.06,0.76,34,6.4069717632,"1-2"
0.06,0.78,35,6.4198289696,"1-2"
0.06,0.8,35,6.432686176,"1-2"
0.06,0.82,35,6.4455435024,"1-2"
0.06,0.84,36,6.4584055488,"1-2"
0.06,0.86,36,6.4712898048,"1-2"
0.06,0.88,36,6.4841907328,"1-2"
0.06,0.9,36,6.497088964,"1-2"
0.06,0.92,37,6.5099875856,"1-2"
0.06,0.94,37,6.522895848,"1-2"
0.06,0.96,37,6.5358193152,"1-2"
0.06,0.98,37,6.5487421296,"1-2"
0.06,1,38,6.56167192,"1-2"
0.08,0,0,6.000036,"1-1"
0.08,0.02,0,6.0000439568,"1-1"
0.08,0.04,0,6.00004392,"1-1"
0.08,0.06,0,6.00004788,"1-1"
0.08,0.08,0,6.00005184,"1-1"
0.08,0.1,0,6.00710076,"1-2"
0.08,0.12,0,6.0164624448,"1-2"
0.08,0.14,3,6.0258281648,"1-2"
0.08,0.16,8,6.0352195104,"1-2"
0.08,0.18,11,6.0454364736,"1-2"
0.08,0.2,14,6.057254848,"1-2"
0.08,0.22,16,6.0690736624,"1-2"
0.08,0.24,18,6.0808915264,"1-2"
0.08,0.26,19,6.0927122384,"1-2"
0.08,0.28,21,6.1045358976,"1-2"
0.08,0.3,22,6.116376816,"1-2"
0.08,0.32,23,6.1282360736,"1-2"
0.08,0.34,24,6.140709,"1-2"
0.08,0.36,25,6.1532366464,"1-2"
0.08,0.38,25,6.1657649728,"1-2"
0.08,0.4,26,6.178293136,"1-2"
0.08,0.42,27,6.1908207008,"1-2"
0.08,0.44,28,6.2033490656,"1-2"
0.08,0.46,28,6.2158793856,"1-2"
0.08,0.48,29,6.228409952,"1-2"
0.08,0.5,29,6.24095724,"1-2"
0.08,0.52,30,6.2535340576,"1-2"
0.08,0.54,30,6.2662972208,"1-2"
0.08,0.56,31,6.2790608864,"1-2"
0.08,0.58,31,6.2918246432,"1-2"
0.08,0.6,32,6.3045884,"1-2"
0.08,0.62,32,6.3173519616,"1-2"
0.08,0.64,32,6.3301159456,"1-2"
0.08,0.66,33,6.3428806784,"1-2"
0.08,0.68,33,6.3556475232,"1-2"
0.08,0.7,33,6.368418704,"1-2"
0.08,0.72,34,6.3812436704,"1-2"
0.08,0.74,34,6.3940991168,"1-2"
0.08,0.76,34,6.4069535488,"1-2"
0.08,0.78,35,6.4198097664,"1-2"
0.08,0.8,35,6.432664768,"1-2"
0.08,0.82,35,6.4455207472,"1-2"
0.08,0.84,36,6.458381392,"1-2"
0.08,0.86,36,6.471266096,"1-2"
0.08,0.88,36,6.4841623904,"1-2"
0.08,0.9,36,6.497060896,"1-2"
0.08,0.92,37,6.5099572736,"1-2"
0.08,0.94,37,6.5228643696,"1-2"
0.08,0.96,37,6.5357857536,"1-2"
0.08,0.98,37,6.5487076528,"1-2"
0.08,1,38,6.56163656,"1-2"
0.1,0,0,6.013899,"2-1"
0.1,0.02,0,6.013888876,"2-1"
0.1,0.04,0,6.013878216,"2-1"
0.1,0.06,0,6.013866828,"2-1"
0.1,0.08,0,6.013997648,"2-1"
0.1,0.1,0,6.02084074,"2-2"
0.1,0.12,5,6.029936472,"2-2"
0.1,0.14,9,6.039048192,"2-2"
0.1,0.16,12,6.048296664,"2-2"
0.1,0.18,14,6.058379092,"2-2"
0.1,0.2,16,6.06986612,"2-2"
0.1,0.22,18,6.081396988,"2-2"
0.1,0.24,19,6.092904456,"2-2"
0.1,0.26,21,6.104419568,"2-2"
0.1,0.28,22,6.11593844,"2-2"
0.1,0.3,23,6.12751838,"2-2"
0.1,0.32,24,6.139167408,"2-2"
0.1,0.34,25,6.151322944,"2-2"
0.1,0.36,25,6.1635344,"2-2"
0.1,0.38,26,6.175756636,"2-2"
0.1,0.4,27,6.18796788,"2-2"
0.1,0.42,27,6.200184192,"2-2"
0.1,0.44,28,6.212402072,"2-2"
0.1,0.46,29,6.224616744,"2-2"
0.1,0.48,29,6.23686036,"2-2"
0.1,0.5,30,6.2491317,"2-2"
0.1,0.52,30,6.26142052,"2-2"
0.1,0.54,31,6.273883192,"2-2"
0.1,0.56,31,6.286338456,"2-2"
0.1,0.58,31,6.298784824,"2-2"
0.1,0.6,32,6.31124624,"2-2"
0.1,0.62,32,6.323700468,"2-2"
0.1,0.64,33,6.33615344,"2-2"
0.1,0.66,33,6.348616004,"2-2"
0.1,0.68,33,6.361091696,"2-2"
0.1,0.7,34,6.37357346,"2-2"
0.1,0.72,34,6.386096376,"2-2"
0.1,0.74,34,6.398651596,"2-2"
0.1,0.76,35,6.411209312,"2-2"
0.1,0.78,35,6.42376412,"2-2"
0.1,0.8,35,6.43631288,"2-2"
0.1,0.82,35,6.448877836,"2-2"
0.1,0.84,36,6.461443808,"2-2"
0.1,0.86,36,6.474037004,"2-2"
0.1,0.88,36,6.486635872,"2-2"
0.1,0.9,36,6.49923448,"2-2"
0.1,0.92,37,6.511839776,"2-2"
0.1,0.94,37,6.524467804,"2-2"
0.1,0.96,37,6.537091712,"2-2"
0.1,0.98,37,6.549727116,"2-2"
0.1,1,38,6.5623778,"2-2"
0.12,0,4,6.02800608,"2-1"
0.12,0.02,4,6.0280010448,"2-1"
0.12,0.04,4,6.0279891264,"2-1"
0.12,0.06,4,6.0279726944,"2-1"
0.12,0.08,5,6.028150224,"2-1"
0.12,0.1,8,6.035062904,"2-2"
0.12,0.12,11,6.0441870848,"2-2"
0.12,0.14,13,6.0533448736,"2-2"
0.12,0.16,15,6.0625304224,"2-2"
0.12,0.18,17,6.072800192,"2-2"
0.12,0.2,18,6.084290224,"2-2"
0.12,0.22,20,6.095719496,"2-2"
0.12,0.24,21,6.1074557856,"2-2"
0.12,0.26,22,6.1183930624,"2-2"
0.12,0.28,23,6.1305522368,"2-2"
0.12,0.3,24,6.142212056,"2-2"
0.12,0.32,25,6.1539332096,"2-2"
0.12,0.34,26,6.1660762624,"2-2"
0.12,0.36,26,6.17842176,"2-2"
0.12,0.38,27,6.1906925168,"2-2"
0.12,0.4,28,6.202963856,"2-2"
0.12,0.42,28,6.2152216576,"2-2"
0.12,0.44,29,6.2275024128,"2-2"
0.12,0.46,29,6.2397787584,"2-2"
0.12,0.48,30,6.2520238816,"2-2"
0.12,0.5,30,6.264369,"2-2"
0.12,0.52,31,6.2767663584,"2-2"
0.12,0.54,31,6.2892846256,"2-2"
0.12,0.56,31,6.301791744,"2-2"
0.12,0.58,32,6.3143115648,"2-2"
0.12,0.6,32,6.326812144,"2-2"
0.12,0.62,33,6.3393215552,"2-2"
0.12,0.64,33,6.3518620192,"2-2"
0.12,0.66,33,6.364382408,"2-2"
0.12,0.68,34,6.3769121344,"2-2"
0.12,0.7,34,6.389452224,"2-2"
0.12,0.72,34,6.40205032,"2-2"
0.12,0.74,35,6.4146689136,"2-2"
0.12,0.76,35,6.4272788608,"2-2"
0.12,0.78,35,6.4398960896,"2-2"
0.12,0.8,35,6.452508912,"2-2"
0.12,0.82,36,6.4651255056,"2-2"
0.12,0.84,36,6.4777663712,"2-2"
0.12,0.86,36,6.4904253664,"2-2"
0.12,0.88,36,6.5030959392,"2-2"
0.12,0.9,37,6.515758632,"2-2"
0.12,0.92,37,6.5284272224,"2-2"
0.12,0.94,37,6.5411158144,"2-2"
0.12,0.96,37,6.5538123584,"2-2"
0.12,0.98,38,6.5665137552,"2-2"
0.12,1,38,6.57923664,"2-2"
0.14,0,10,6.04212696,"2-1"
0.14,0.02,10,6.042147496,"2-1"
0.14,0.04,10,6.0421378656,"2-1"
0.14,0.06,10,6.0421222112,"2-1"
0.14,0.08,10,6.0423448816,"2-1"
0.14,0.1,12,6.049143176,"2-2"
0.14,0.12,14,6.0582715712,"2-2"
0.14,0.14,16,6.0674994856,"2-2"
0.14,0.16,17,6.0769205456,"2-2"
0.14,0.18,19,6.0871640728,"2-2"
0.14,0.2,20,6.0983978,"2-2"
0.14,0.22,21,6.1103097192,"2-2"
0.14,0.24,22,6.12127024,"2-2"
0.14,0.26,23,6.13302306,"2-2"
0.14,0.28,24,6.1447946128,"2-2"
0.14,0.3,25,6.156954228,"2-2"
0.14,0.32,26,6.1687299392,"2-2"
0.14,0.34,26,6.1810193928,"2-2"
0.14,0.36,27,6.1928843216,"2-2"
0.14,0.38,28,6.2055427456,"2-2"
0.14,0.4,28,6.21789772,"2-2"
0.14,0.42,29,6.230247548,"2-2"
0.14,0.44,29,6.2425758736,"2-2"
0.14,0.46,30,6.2549215696,"2-2"
0.14,0.48,30,6.2672248816,"2-2"
0.14,0.5,31,6.27967206,"2-2"
0.14,0.52,31,6.2920973696,"2-2"
0.14,0.54,32,6.3046555776,"2-2"
0.14,0.56,32,6.317275832,"2-2"
0.14,0.58,32,6.3298446056,"2-2"
0.14,0.6,33,6.342398872,"2-2"
0.14,0.62,33,6.3549939456,"2-2"
0.14,0.64,33,6.3675627888,"2-2"
0.14,0.66,34,6.3801145832,"2-2"
0.14,0.68,34,6.3927074064,"2-2"
0.14,0.7,34,6.40535626,"2-2"
0.14,0.72,35,6.418018032,"2-2"
0.14,0.74,35,6.4306921912,"2-2"
0.14,0.76,35,6.4433708112,"2-2"
0.14,0.78,36,6.456035248,"2-2"
0.14,0.8,36,6.46871772,"2-2"
0.14,0.82,36,6.4814074144,"2-2"
0.14,0.84,36,6.4940961088,"2-2"
0.14,0.86,37,6.5068347704,"2-2"
0.14,0.88,37,6.5195549648,"2-2"
0.14,0.9,37,6.5322883,"2-2"
0.14,0.92,37,6.5450255008,"2-2"
0.14,0.94,37,6.557780304,"2-2"
0.14,0.96,38,6.570532512,"2-2"
0.14,0.98,38,6.5833055112,"2-2"
0.14,1,38,6.59609496,"2-2"
0.16,0,14,6.05648024,"2-1"
0.16,0.02,14,6.0565438624,"2-1"
0.16,0.04,14,6.056530672,"2-1"
0.16,0.06,14,6.0564794112,"2-1"
0.16,0.08,14,6.0567255584,"2-1"
0.16,0.1,15,6.063545824,"2-2"
0.16,0.12,17,6.0729286848,"2-2"
0.16,0.14,18,6.0821305472,"2-2"
0.16,0.16,19,6.091533136,"2-2"
0.16,0.18,20,6.1018916944,"2-2"
0.16,0.2,22,6.113525248,"2-2"
0.16,0.22,23,6.12515148,"2-2"
0.16,0.24,23,6.1360270048,"2-2"
0.16,0.26,24,6.1483233328,"2-2"
0.16,0.28,25,6.1601152256,"2-2"
0.16,0.3,26,6.171832856,"2-2"
0.16,0.32,27,6.1836772544,"2-2"
0.16,0.34,27,6.1960075648,"2-2"
0.16,0.36,28,6.2083784864,"2-2"
0.16,0.38,28,6.2207663968,"2-2"
0.16,0.4,29,6.233118832,"2-2"
0.16,0.42,29,6.2454953328,"2-2"
0.16,0.44,30,6.257865312,"2-2"
0.16,0.46,30,6.270239792,"2-2"
0.16,0.48,31,6.2826813312,"2-2"
0.16,0.5,31,6.29505512,"2-2"
0.16,0.52,32,6.3075783424,"2-2"
0.16,0.54,32,6.3202024112,"2-2"
0.16,0.56,32,6.3328207936,"2-2"
0.16,0.58,33,6.34546,"2-2"
0.16,0.6,33,6.358079504,"2-2"
0.16,0.62,34,6.3707027328,"2-2"
0.16,0.64,34,6.38334416,"2-2"
0.16,0.66,34,6.3959607424,"2-2"
0.16,0.68,34,6.4086139488,"2-2"
0.16,0.7,35,6.421304832,"2-2"
0.16,0.72,35,6.4340276704,"2-2"
0.16,0.74,35,6.4467627456,"2-2"
0.16,0.76,36,6.4595004928,"2-2"
0.16,0.78,36,6.4722317216,"2-2"
0.16,0.8,36,6.484972384,"2-2"
0.16,0.82,36,6.4977164384,"2-2"
0.16,0.84,37,6.510476176,"2-2"
0.16,0.86,37,6.523263488,"2-2"
0.16,0.88,37,6.5360531392,"2-2"
0.16,0.9,37,6.548842176,"2-2"
0.16,0.92,38,6.561643248,"2-2"
0.16,0.94,38,6.5744642944,"2-2"
0.16,0.96,38,6.5872940544,"2-2"
0.16,0.98,38,6.6001265248,"2-2"
0.16,1,38,6.61296864,"2-2"
0.18,0,17,6.07433732,"2-1"
0.18,0.02,17,6.0743851888,"2-1"
0.18,0.04,17,6.0744393856,"2-1"
0.18,0.06,17,6.0744147216,"2-1"
0.18,0.08,17,6.0747877008,"2-1"
0.18,0.1,18,6.081763592,"2-2"
0.18,0.12,19,6.0907919984,"2-2"
0.18,0.14,20,6.0998379024,"2-2"
0.18,0.16,21,6.1097869344,"2-2"
0.18,0.18,22,6.119435308,"2-2"
0.18,0.2,23,6.130897448,"2-2"
0.18,0.22,24,6.1423770744,"2-2"
0.18,0.24,25,6.1538510688,"2-2"
0.18,0.26,25,6.1653371208,"2-2"
0.18,0.28,26,6.176831528,"2-2"
0.18,0.3,27,6.18891266,"2-2"
0.18,0.32,27,6.200155056,"2-2"
0.18,0.34,28,6.2128712544,"2-2"
0.18,0.36,29,6.2246557088,"2-2"
0.18,0.38,29,6.2370062624,"2-2"
0.18,0.4,30,6.249320344,"2-2"
0.18,0.42,30,6.2616966496,"2-2"
0.18,0.44,31,6.2740309296,"2-2"
0.18,0.46,31,6.28638808,"2-2"
0.18,0.48,31,6.2988128928,"2-2"
0.18,0.5,32,6.31123878,"2-2"
0.18,0.52,32,6.3237156896,"2-2"
0.18,0.54,33,6.336323908,"2-2"
0.18,0.56,33,6.3489695296,"2-2"
0.18,0.58,33,6.3616168448,"2-2"
0.18,0.6,34,6.374258704,"2-2"
0.18,0.62,34,6.3869204288,"2-2"
0.18,0.64,34,6.3996516176,"2-2"
0.18,0.66,35,6.412230564,"2-2"
0.18,0.68,35,6.4248910928,"2-2"
0.18,0.7,35,6.437615036,"2-2"
0.18,0.72,35,6.4503531168,"2-2"
0.18,0.74,36,6.4631330624,"2-2"
0.18,0.76,36,6.475910648,"2-2"
0.18,0.78,36,6.4886909296,"2-2"
0.18,0.8,36,6.501464696,"2-2"
0.18,0.82,37,6.5142533904,"2-2"
0.18,0.84,37,6.527055872,"2-2"
0.18,0.86,37,6.5398794136,"2-2"
0.18,0.88,37,6.5527174464,"2-2"
0.18,0.9,38,6.56555202,"2-2"
0.18,0.92,38,6.5784097984,"2-2"
0.18,0.94,38,6.5912741384,"2-2"
0.18,0.96,38,6.6041518096,"2-2"
0.18,0.98,38,6.6170469728,"2-2"
0.18,1,39,6.6299264,"2-2"
0.2,0,19,6.0933656,"2-1"
0.2,0.02,20,6.093515872,"2-1"
0.2,0.04,19,6.093360048,"2-1"
0.2,0.06,19,6.093295024,"2-1"
0.2,0.08,20,6.093717136,"2-1"
0.2,0.1,20,6.10093656,"2-2"
0.2,0.12,21,6.111375952,"2-2"
0.2,0.14,22,6.119043904,"2-2"
0.2,0.16,23,6.1295432,"2-2"
0.2,0.18,24,6.13885584,"2-2"
0.2,0.2,25,6.15039488,"2-2"
0.2,0.22,25,6.161917944,"2-2"
0.2,0.24,26,6.17347032,"2-2"
0.2,0.26,27,6.185032408,"2-2"
0.2,0.28,27,6.196577984,"2-2"
0.2,0.3,28,6.2083214,"2-2"
0.2,0.32,28,6.220114272,"2-2"
0.2,0.34,29,6.232445592,"2-2"
0.2,0.36,29,6.244711488,"2-2"
0.2,0.38,30,6.257003264,"2-2"
0.2,0.4,30,6.26928696,"2-2"
0.2,0.42,31,6.281591336,"2-2"
0.2,0.44,31,6.293886048,"2-2"
0.2,0.46,32,6.306200168,"2-2"
0.2,0.48,32,6.318561744,"2-2"
0.2,0.5,32,6.3309602,"2-2"
0.2,0.52,33,6.3433944,"2-2"
0.2,0.54,33,6.3563458,"2-2"
0.2,0.56,33,6.368510448,"2-2"
0.2,0.58,34,6.381085504,"2-2"
0.2,0.6,34,6.39364856,"2-2"
0.2,0.62,34,6.406217552,"2-2"
0.2,0.64,35,6.418786,"2-2"
0.2,0.66,35,6.431353224,"2-2"
0.2,0.68,35,6.4439732,"2-2"
0.2,0.7,36,6.4565838,"2-2"
0.2,0.72,36,6.469242416,"2-2"
0.2,0.74,36,6.481924528,"2-2"
0.2,0.76,36,6.495006688,"2-2"
0.2,0.78,37,6.507288552,"2-2"
0.2,0.8,37,6.52009728,"2-2"
0.2,0.82,37,6.532661472,"2-2"
0.2,0.84,37,6.545377456,"2-2"
0.2,0.86,37,6.558110232,"2-2"
0.2,0.88,38,6.570845744,"2-2"
0.2,0.9,38,6.58358388,"2-2"
0.2,0.92,38,6.596346032,"2-2"
0.2,0.94,38,6.60910808,"2-2"
0.2,0.96,39,6.621884112,"2-2"
0.2,0.98,39,6.634725456,"2-2"
0.2,1,39,6.64749,"2-2"
0.22,0,22,6.11330684,"2-1"
0.22,0.02,22,6.1132863504,"2-1"
0.22,0.04,22,6.1132569408,"2-1"
0.22,0.06,22,6.1132264112,"2-1"
0.22,0.08,22,6.1151787792,"2-1"
0.22,0.1,22,6.12287674,"2-2"
0.22,0.12,23,6.1318205984,"2-2"
0.22,0.14,24,6.1406913936,"2-2"
0.22,0.16,24,6.1500736832,"2-2"
0.22,0.18,25,6.1606394656,"2-2"
0.22,0.2,26,6.172063712,"2-2"
0.22,0.22,27,6.1835847672,"2-2"
0.22,0.24,27,6.1935208224,"2-2"
0.22,0.26,28,6.2066395232,"2-2"
0.22,0.28,28,6.2171578752,"2-2"
0.22,0.3,29,6.228655908,"2-2"
0.22,0.32,29,6.2425535808,"2-2"
0.22,0.34,30,6.2531844848,"2-2"
0.22,0.36,30,6.265613608,"2-2"
0.22,0.38,31,6.2785826696,"2-2"
0.22,0.4,31,6.29107284,"2-2"
0.22,0.42,32,6.3033164768,"2-2"
0.22,0.44,32,6.3157683392,"2-2"
0.22,0.46,32,6.3282589824,"2-2"
0.22,0.48,33,6.3405188592,"2-2"
0.22,0.5,33,6.35330086,"2-2"
0.22,0.52,33,6.3642141216,"2-2"
0.22,0.54,34,6.3774164728,"2-2"
0.22,0.56,34,6.3914131312,"2-2"
0.22,0.58,34,6.4036708584,"2-2"
0.22,0.6,35,6.41621016,"2-2"
0.22,0.62,35,6.428871136,"2-2"
0.22,0.64,35,6.440051944,"2-2"
0.22,0.66,35,6.4546263072,"2-2"
0.22,0.68,36,6.4671523648,"2-2"
0.22,0.7,36,6.479660992,"2-2"
0.22,0.72,36,6.4924761296,"2-2"
0.22,0.74,36,6.5035803976,"2-2"
0.22,0.76,37,6.5178419328,"2-2"
0.22,0.78,37,6.530735588,"2-2"
0.22,0.8,37,6.54192964,"2-2"
0.22,0.82,37,6.5547041544,"2-2"
0.22,0.84,38,6.5675197344,"2-2"
0.22,0.86,38,6.5803467368,"2-2"
0.22,0.88,38,6.5931798352,"2-2"
0.22,0.9,38,6.60752482,"2-2"
0.22,0.92,39,6.620309544,"2-2"
0.22,0.94,39,6.6317250424,"2-2"
0.22,0.96,39,6.644597128,"2-2"
0.22,0.98,39,6.6574997832,"2-2"
0.22,1,39,6.66884992,"2-2"
0.24,0,23,6.13388136,"2-1"
0.24,0.02,23,6.1338538352,"2-1"
0.24,0.04,23,6.1350859232,"2-1"
0.24,0.06,23,6.135043064,"2-1"
0.24,0.08,23,6.1354918592,"2-1"
0.24,0.1,24,6.14289144,"2-2"
0.24,0.12,25,6.152014144,"2-2"
0.24,0.14,25,6.1611179168,"2-2"
0.24,0.16,26,6.169338,"2-2"
0.24,0.18,26,6.1810899616,"2-2"
0.24,0.2,27,6.192831728,"2-2"
0.24,0.22,28,6.203186352,"2-2"
0.24,0.24,28,6.2152676544,"2-2"
0.24,0.26,29,6.2268243408,"2-2"
0.24,0.28,29,6.2388386528,"2-2"
0.24,0.3,30,6.25130728,"2-2"
0.24,0.32,30,6.2625300864,"2-2"
0.24,0.34,31,6.2749810016,"2-2"
0.24,0.36,31,6.287094672,"2-2"
0.24,0.38,31,6.2993296112,"2-2"
0.24,0.4,32,6.31156168,"2-2"
0.24,0.42,32,6.3237546688,"2-2"
0.24,0.44,33,6.3379560544,"2-2"
0.24,0.46,33,6.3502819008,"2-2"
0.24,0.48,33,6.3613984928,"2-2"
0.24,0.5,34,6.37496804,"2-2"
0.24,0.52,34,6.3867438048,"2-2"
0.24,0.54,34,6.3995452912,"2-2"
0.24,0.56,35,6.4130007392,"2-2"
0.24,0.58,35,6.4239285232,"2-2"
0.24,0.6,35,6.438491008,"2-2"
0.24,0.62,35,6.4500866096,"2-2"
0.24,0.64,36,6.4639688288,"2-2"
0.24,0.66,36,6.4771096864,"2-2"
0.24,0.68,36,6.4873142688,"2-2"
0.24,0.7,36,6.500041168,"2-2"
0.24,0.72,37,6.515106208,"2-2"
0.24,0.74,37,6.5255902432,"2-2"
0.24,0.76,37,6.5409595936,"2-2"
0.24,0.78,37,6.551228768,"2-2"
0.24,0.8,38,6.56673,"2-2"
0.24,0.82,38,6.576806344,"2-2"
0.24,0.84,38,6.5897116,"2-2"
0.24,0.86,38,6.60534444,"2-2"
0.24,0.88,38,6.6176312544,"2-2"
0.24,0.9,39,6.628935912,"2-2"
0.24,0.92,39,6.6414515584,"2-2"
0.24,0.94,39,6.6543670896,"2-2"
0.24,0.96,39,6.6678869952,"2-2"
0.24,0.98,39,6.6802993056,"2-2"
0.24,1,40,6.6933144,"2-2"
0.26,0,25,6.15447156,"2-1"
0.26,0.02,25,6.154446688,"2-1"
0.26,0.04,25,6.154414096,"2-1"
0.26,0.06,25,6.154381504,"2-1"
0.26,0.08,25,6.1550361248,"2-1"
0.26,0.1,25,6.16243494,"2-2"
0.26,0.12,26,6.1721275904,"2-2"
0.26,0.14,26,6.1809435744,"2-2"
0.26,0.16,27,6.1905706256,"2-2"
0.26,0.18,27,6.2010342952,"2-2"
0.26,0.2,28,6.21288536,"2-2"
0.26,0.22,29,6.2245791176,"2-2"
0.26,0.24,29,6.2370833168,"2-2"
0.26,0.26,30,6.2480231384,"2-2"
0.26,0.28,30,6.2602477856,"2-2"
0.26,0.3,30,6.27230526,"2-2"
0.26,0.32,31,6.284424304,"2-2"
0.26,0.34,31,6.2960082832,"2-2"
0.26,0.36,32,6.3082782272,"2-2"
0.26,0.38,32,6.3208833424,"2-2"
0.26,0.4,32,6.333217712,"2-2"
0.26,0.42,33,6.3465882008,"2-2"
0.26,0.44,33,6.358273032,"2-2"
0.26,0.46,33,6.370550548,"2-2"
0.26,0.48,34,6.383488096,"2-2"
0.26,0.5,34,6.39668146,"2-2"
0.26,0.52,34,6.4096297216,"2-2"
0.26,0.54,35,6.4222188712,"2-2"
0.26,0.56,35,6.4348036384,"2-2"
0.26,0.58,35,6.4481573048,"2-2"
0.26,0.6,36,6.460859896,"2-2"
0.26,0.62,36,6.4735181536,"2-2"
0.26,0.64,36,6.486496352,"2-2"
0.26,0.66,36,6.4990883392,"2-2"
0.26,0.68,37,6.5118330896,"2-2"
0.26,0.7,37,6.525121676,"2-2"
0.26,0.72,37,6.5380586704,"2-2"
0.26,0.74,37,6.5497304976,"2-2"
0.26,0.76,38,6.5623822208,"2-2"
0.26,0.78,38,6.5768313208,"2-2"
0.26,0.8,38,6.58845196,"2-2"
0.26,0.82,38,6.6012497672,"2-2"
0.26,0.84,38,6.6155320288,"2-2"
0.26,0.86,39,6.6281873488,"2-2"
0.26,0.88,39,6.6414519008,"2-2"
0.26,0.9,39,6.653517756,"2-2"
0.26,0.92,39,6.666124176,"2-2"
0.26,0.94,39,6.67902276,"2-2"
0.26,0.96,40,6.6935976928,"2-2"
0.26,0.98,40,6.7042156688,"2-2"
0.26,1,40,6.71728064,"2-2"
0.28,0,26,6.17509616,"2-1"
0.28,0.02,26,6.1752097792,"2-1"
0.28,0.04,26,6.1750322144,"2-1"
0.28,0.06,26,6.1753437008,"2-1"
0.28,0.08,26,6.176158992,"2-1"
0.28,0.1,27,6.183805264,"2-2"
0.28,0.12,27,6.1924940576,"2-2"
0.28,0.14,27,6.2016986416,"2-2"
0.28,0.16,28,6.2113987936,"2-2"
0.28,0.18,28,6.2224687344,"2-2"
0.28,0.2,29,6.234334528,"2-2"
0.28,0.22,29,6.245970488,"2-2"
0.28,0.24,30,6.2577970112,"2-2"
0.28,0.26,30,6.2691747904,"2-2"
0.28,0.28,31,6.2808925344,"2-2"
0.28,0.3,31,6.293058688,"2-2"
0.28,0.32,32,6.3052685024,"2-2"
0.28,0.34,32,6.3178361344,"2-2"
0.28,0.36,32,6.3303570592,"2-2"
0.28,0.38,33,6.3434951984,"2-2"
0.28,0.4,33,6.35604632,"2-2"
0.28,0.42,33,6.3680689504,"2-2"
0.28,0.44,34,6.3806266144,"2-2"
0.28,0.46,34,6.393838176,"2-2"
0.28,0.48,34,6.4060114304,"2-2"
0.28,0.5,35,6.41867816,"2-2"
0.28,0.52,35,6.4315121824,"2-2"
0.28,0.54,35,6.4444339616,"2-2"
0.28,0.56,36,6.4575669824,"2-2"
0.28,0.58,36,6.4704768208,"2-2"
0.28,0.6,36,6.482987248,"2-2"
0.28,0.62,36,6.4957336144,"2-2"
0.28,0.64,37,6.5089118976,"2-2"
0.28,0.66,37,6.5218324096,"2-2"
0.28,0.68,37,6.534811488,"2-2"
0.28,0.7,37,6.547721192,"2-2"
0.28,0.72,38,6.5607041504,"2-2"
0.28,0.74,38,6.5738244336,"2-2"
0.28,0.76,38,6.5868527968,"2-2"
0.28,0.78,38,6.5998964896,"2-2"
0.28,0.8,38,6.612897248,"2-2"
0.28,0.82,39,6.6250877824,"2-2"
0.28,0.84,39,6.6373475648,"2-2"
0.28,0.86,39,6.6507608832,"2-2"
0.28,0.88,39,6.6651618848,"2-2"
0.28,0.9,39,6.676915472,"2-2"
0.28,0.92,40,6.6894978304,"2-2"
0.28,0.94,40,6.7025908704,"2-2"
0.28,0.96,40,6.715667472,"2-2"
0.28,0.98,40,6.7287728704,"2-2"
0.28,1,40,6.74194752,"2-2"
0.3,0,27,6.1959472,"2-1"
0.3,0.02,27,6.195916672,"2-1"
0.3,0.04,27,6.195881744,"2-1"
0.3,0.06,27,6.195846816,"2-1"
0.3,0.08,27,6.196641344,"2-1"
0.3,0.1,28,6.20429426,"2-2"
0.3,0.12,28,6.21348892,"2-2"
0.3,0.14,28,6.222647368,"2-2"
0.3,0.16,29,6.23251708,"2-2"
0.3,0.18,29,6.243348952,"2-2"
0.3,0.2,30,6.25514512,"2-2"
0.3,0.22,30,6.266936696,"2-2"
0.3,0.24,31,6.278726592,"2-2"
0.3,0.26,31,6.290508776,"2-2"
0.3,0.28,31,6.30237312,"2-2"
0.3,0.3,32,6.31445514,"2-2"
0.3,0.32,32,6.326759928,"2-2"
0.3,0.34,33,6.339287468,"2-2"
0.3,0.36,33,6.351888,"2-2"
0.3,0.38,33,6.364480572,"2-2"
0.3,0.4,34,6.37712412,"2-2"
0.3,0.42,34,6.389741024,"2-2"
0.3,0.44,34,6.402410096,"2-2"
0.3,0.46,35,6.41500582,"2-2"
0.3,0.48,35,6.427732536,"2-2"
0.3,0.5,35,6.4405354,"2-2"
0.3,0.52,35,6.453362928,"2-2"
0.3,0.54,36,6.466536692,"2-2"
0.3,0.56,36,6.479196736,"2-2"
0.3,0.58,36,6.492118452,"2-2"
0.3,0.6,37,6.50503452,"2-2"
0.3,0.62,37,6.517960304,"2-2"
0.3,0.64,37,6.530883344,"2-2"
0.3,0.66,37,6.543879464,"2-2"
0.3,0.68,37,6.557109616,"2-2"
0.3,0.7,38,6.56985456,"2-2"
0.3,0.72,38,6.583032504,"2-2"
0.3,0.74,38,6.596655892,"2-2"
0.3,0.76,38,6.608985344,"2-2"
0.3,0.78,39,6.622029264,"2-2"
0.3,0.8,39,6.63510316,"2-2"
0.3,0.82,39,6.648186976,"2-2"
0.3,0.84,39,6.661295648,"2-2"
0.3,0.86,39,6.6743938,"2-2"
0.3,0.88,39,6.687540248,"2-2"
0.3,0.9,40,6.7006845,"2-2"
0.3,0.92,40,6.713832712,"2-2"
0.3,0.94,40,6.727006212,"2-2"
0.3,0.96,40,6.740181928,"2-2"
0.3,0.98,40,6.753398236,"2-2"
0.3,1,41,6.766637,"2-2"
0.32,0,28,6.21790312,"2-1"
0.32,0.02,28,6.2178636816,"2-1"
0.32,0.04,28,6.2178252256,"2-1"
0.32,0.06,28,6.2177849584,"2-1"
0.32,0.08,28,6.2186883296,"2-1"
0.32,0.1,29,6.226379752,"2-2"
0.32,0.12,29,6.2355211232,"2-2"
0.32,0.14,29,6.2447082432,"2-2"
0.32,0.16,30,6.2545018208,"2-2"
0.32,0.18,30,6.2653435504,"2-2"
0.32,0.2,31,6.277055968,"2-2"
0.32,0.22,31,6.2888330752,"2-2"
0.32,0.24,31,6.3006451456,"2-2"
0.32,0.26,32,6.312473608,"2-2"
0.32,0.28,32,6.3243822784,"2-2"
0.32,0.3,33,6.336568224,"2-2"
0.32,0.32,33,6.3488379904,"2-2"
0.32,0.34,33,6.3615619584,"2-2"
0.32,0.36,34,6.374187664,"2-2"
0.32,0.38,34,6.386883104,"2-2"
0.32,0.4,34,6.399561744,"2-2"
0.32,0.42,35,6.4122575632,"2-2"
0.32,0.44,35,6.4249201856,"2-2"
0.32,0.46,35,6.43761204,"2-2"
0.32,0.48,35,6.4504696832,"2-2"
0.32,0.5,36,6.46332056,"2-2"
0.32,0.52,36,6.4761748736,"2-2"
0.32,0.54,36,6.4892274768,"2-2"
0.32,0.56,36,6.50225104,"2-2"
0.32,0.58,37,6.515206304,"2-2"
0.32,0.6,37,6.52816336,"2-2"
0.32,0.62,37,6.541226928,"2-2"
0.32,0.64,37,6.5542881728,"2-2"
0.32,0.66,38,6.5673259344,"2-2"
0.32,0.68,38,6.580431296,"2-2"
0.32,0.7,38,6.593506544,"2-2"
0.32,0.72,38,6.6066245664,"2-2"
0.32,0.74,38,6.6198291392,"2-2"
0.32,0.76,39,6.6330357376,"2-2"
0.32,0.78,39,6.6463037648,"2-2"
0.32,0.8,39,6.659498752,"2-2"
0.32,0.82,39,6.6725353184,"2-2"
0.32,0.84,39,6.6852776896,"2-2"
0.32,0.86,40,6.6985023856,"2-2"
0.32,0.88,40,6.7116646848,"2-2"
0.32,0.9,40,6.724926384,"2-2"
0.32,0.92,40,6.7381749792,"2-2"
0.32,0.94,40,6.7514339104,"2-2"
0.32,0.96,41,6.764713792,"2-2"
0.32,0.98,41,6.7780131376,"2-2"
0.32,1,41,6.79135512,"2-2"
0.34,0,29,6.24071508,"2-1"
0.34,0.02,29,6.2406779136,"2-1"
0.34,0.04,29,6.2406366272,"2-1"
0.34,0.06,29,6.2405953408,"2-1"
0.34,0.08,29,6.241568784,"2-1"
0.34,0.1,30,6.249391124,"2-2"
0.34,0.12,30,6.2585790032,"2-2"
0.34,0.14,30,6.267802432,"2-2"
0.34,0.16,31,6.2777017952,"2-2"
0.34,0.18,31,6.2886275904,"2-2"
0.34,0.2,31,6.300446104,"2-2"
0.34,0.22,32,6.312229004,"2-2"
0.34,0.24,32,6.3240411744,"2-2"
0.34,0.26,33,6.335863272,"2-2"
0.34,0.28,33,6.3477379184,"2-2"
0.34,0.3,33,6.359972288,"2-2"
0.34,0.32,34,6.3722581712,"2-2"
0.34,0.34,34,6.3848663712,"2-2"
0.34,0.36,34,6.3975180272,"2-2"
0.34,0.38,34,6.4101545,"2-2"
0.34,0.4,35,6.422796576,"2-2"
0.34,0.42,35,6.43544318,"2-2"
0.34,0.44,35,6.4480975744,"2-2"
0.34,0.46,36,6.460772108,"2-2"
0.34,0.48,36,6.4735621184,"2-2"
0.34,0.5,36,6.48643512,"2-2"
0.34,0.52,36,6.499373464,"2-2"
0.34,0.54,37,6.5124115416,"2-2"
0.34,0.56,37,6.5254397584,"2-2"
0.34,0.58,37,6.5384793008,"2-2"
0.34,0.6,37,6.551516408,"2-2"
0.34,0.62,38,6.5645579888,"2-2"
0.34,0.64,38,6.5775907264,"2-2"
0.34,0.66,38,6.5906458544,"2-2"
0.34,0.68,38,6.6037830208,"2-2"
0.34,0.7,38,6.616959876,"2-2"
0.34,0.72,39,6.6301502736,"2-2"
0.34,0.74,39,6.643365056,"2-2"
0.34,0.76,39,6.6565765792,"2-2"
0.34,0.78,39,6.6697874648,"2-2"
0.34,0.8,39,6.683006224,"2-2"
0.34,0.82,40,6.696233044,"2-2"
0.34,0.84,40,6.7095172816,"2-2"
0.34,0.86,40,6.7228149072,"2-2"
0.34,0.88,40,6.7361073104,"2-2"
0.34,0.9,40,6.74941446,"2-2"
0.34,0.92,40,6.7627332016,"2-2"
0.34,0.94,41,6.7760955752,"2-2"
0.34,0.96,41,6.7894569328,"2-2"
0.34,0.98,41,6.802843972,"2-2"
0.34,1,41,6.8162718,"2-2"
0.36,0,30,6.26352872,"2-1"
0.36,0.02,30,6.2634877168,"2-1"
0.36,0.04,30,6.263446384,"2-1"
0.36,0.06,30,6.2634039504,"2-1"
0.36,0.08,30,6.2644680192,"2-1"
0.36,0.1,30,6.272416096,"2-2"
0.36,0.12,31,6.2816523104,"2-2"
0.36,0.14,31,6.2909220816,"2-2"
0.36,0.16,31,6.3008969792,"2-2"
0.36,0.18,32,6.3119740128,"2-2"
0.36,0.2,32,6.323848064,"2-2"
0.36,0.22,33,6.335730968,"2-2"
0.36,0.24,33,6.3476103232,"2-2"
0.36,0.26,33,6.3595066576,"2-2"
0.36,0.28,34,6.3714507872,"2-2"
0.36,0.3,34,6.38380824,"2-2"
0.36,0.32,34,6.3962027936,"2-2"
0.36,0.34,34,6.4089136864,"2-2"
0.36,0.36,35,6.4216511072,"2-2"
0.36,0.38,35,6.4343793376,"2-2"
0.36,0.4,35,6.447128192,"2-2"
0.36,0.42,36,6.4598722944,"2-2"
0.36,0.44,36,6.4726250944,"2-2"
0.36,0.46,36,6.4853889472,"2-2"
0.36,0.48,36,6.498293152,"2-2"
0.36,0.5,37,6.51124364,"2-2"
0.36,0.52,37,6.5242195872,"2-2"
0.36,0.54,37,6.5372834432,"2-2"
0.36,0.56,37,6.5503431072,"2-2"
0.36,0.58,38,6.5633597264,"2-2"
0.36,0.6,38,6.57646416,"2-2"
0.36,0.62,38,6.5895354768,"2-2"
0.36,0.64,38,6.6026147232,"2-2"
0.36,0.66,38,6.6157093504,"2-2"
0.36,0.68,39,6.6288684192,"2-2"
0.36,0.7,39,6.642030144,"2-2"
0.36,0.72,39,6.6552255456,"2-2"
0.36,0.74,39,6.668458544,"2-2"
0.36,0.76,39,6.6816843616,"2-2"
0.36,0.78,40,6.6948957728,"2-2"
0.36,0.8,40,6.708112688,"2-2"
0.36,0.82,40,6.7213523056,"2-2"
0.36,0.84,40,6.7346360672,"2-2"
0.36,0.86,40,6.7479142,"2-2"
0.36,0.88,40,6.7612349728,"2-2"
0.36,0.9,41,6.774531104,"2-2"
0.36,0.92,41,6.7878564128,"2-2"
0.36,0.94,41,6.8012009104,"2-2"
0.36,0.96,41,6.8145610944,"2-2"
0.36,0.98,41,6.8279391424,"2-2"
0.36,1,41,6.8413584,"2-2"
0.38,0,31,6.28634348,"2-1"
0.38,0.02,31,6.2863032504,"2-1"
0.38,0.04,31,6.2862594288,"2-1"
0.38,0.06,31,6.2862166312,"2-1"
0.38,0.08,31,6.2873813392,"2-1"
0.38,0.1,31,6.295435892,"2-2"
0.38,0.12,32,6.3047216864,"2-2"
0.38,0.14,32,6.3140431192,"2-2"
0.38,0.16,32,6.3241323344,"2-2"
0.38,0.18,33,6.3353136736,"2-2"
0.38,0.2,33,6.347263848,"2-2"
0.38,0.22,33,6.359215012,"2-2"
0.38,0.24,34,6.3711641408,"2-2"
0.38,0.26,34,6.3831616776,"2-2"
0.38,0.28,34,6.3952029984,"2-2"
0.38,0.3,34,6.407648364,"2-2"
0.38,0.32,35,6.420153824,"2-2"
0.38,0.34,35,6.4329571808,"2-2"
0.38,0.36,35,6.4457944128,"2-2"
0.38,0.38,36,6.4586172064,"2-2"
0.38,0.4,36,6.471458464,"2-2"
0.38,0.42,36,6.4842927096,"2-2"
0.38,0.44,36,6.4971432128,"2-2"
0.38,0.46,37,6.510004704,"2-2"
0.38,0.48,37,6.52300776,"2-2"
0.38,0.5,37,6.5360598,"2-2"
0.38,0.52,37,6.5491441808,"2-2"
0.38,0.54,38,6.5623164688,"2-2"
0.38,0.56,38,6.5754874656,"2-2"
0.38,0.58,38,6.5886300328,"2-2"
0.38,0.6,38,6.601815536,"2-2"
0.38,0.62,38,6.6149837056,"2-2"
0.38,0.64,39,6.6281772496,"2-2"
0.38,0.66,39,6.6413577544,"2-2"
0.38,0.68,39,6.6546325312,"2-2"
0.38,0.7,39,6.667914224,"2-2"
0.38,0.72,39,6.681229208,"2-2"
0.38,0.74,40,6.6945478392,"2-2"
0.38,0.76,40,6.7078762256,"2-2"
0.38,0.78,40,6.721188056,"2-2"
0.38,0.8,40,6.734532984,"2-2"
0.38,0.82,40,6.74785832,"2-2"
0.38,0.84,40,6.7612575456,"2-2"
0.38,0.86,41,6.774676156,"2-2"
0.38,0.88,41,6.788082216,"2-2"
0.38,0.9,41,6.801489548,"2-2"
0.38,0.92,41,6.8149237264,"2-2"
0.38,0.94,41,6.828385888,"2-2"
0.38,0.96,41,6.8418592304,"2-2"
0.38,0.98,42,6.855350896,"2-2"
0.38,1,42,6.86888848,"2-2"
0.4,0,32,6.3091584,"2-1"
0.4,0.02,32,6.309121856,"2-1"
0.4,0.04,32,6.309077632,"2-1"
0.4,0.06,32,6.30903216,"2-1"
0.4,0.08,32,6.310298368,"2-1"
0.4,0.1,32,6.31847128,"2-2"
0.4,0.12,32,6.327785888,"2-2"
0.4,0.14,33,6.337156344,"2-2"
0.4,0.16,33,6.347344496,"2-2"
0.4,0.18,33,6.358634664,"2-2"
0.4,0.2,34,6.37066616,"2-2"
0.4,0.22,34,6.382696856,"2-2"
0.4,0.24,34,6.394720768,"2-2"
0.4,0.26,34,6.40680028,"2-2"
0.4,0.28,35,6.418940048,"2-2"
0.4,0.3,35,6.4314804,"2-2"
0.4,0.32,35,6.444098464,"2-2"
0.4,0.34,36,6.457005216,"2-2"
0.4,0.36,36,6.469936464,"2-2"
0.4,0.38,36,6.48283712,"2-2"
0.4,0.4,36,6.49577896,"2-2"
0.4,0.42,37,6.508710792,"2-2"
0.4,0.44,37,6.521662064,"2-2"
0.4,0.46,37,6.534623136,"2-2"
0.4,0.48,37,6.547728512,"2-2"
0.4,0.5,38,6.5608896,"2-2"
0.4,0.52,38,6.574072864,"2-2"
0.4,0.54,38,6.587335768,"2-2"
0.4,0.56,38,6.600622128,"2-2"
0.4,0.58,38,6.613877608,"2-2"
0.4,0.6,39,6.62707632,"2-2"
0.4,0.62,39,6.64044148,"2-2"
0.4,0.64,39,6.6537244,"2-2"
0.4,0.66,39,6.667023432,"2-2"
0.4,0.68,39,6.680401088,"2-2"
0.4,0.7,40,6.6937878,"2-2"
0.4,0.72,40,6.707214512,"2-2"
0.4,0.74,40,6.720644856,"2-2"
0.4,0.76,40,6.734073936,"2-2"
0.4,0.78,40,6.747508384,"2-2"
0.4,0.8,40,6.76094752,"2-2"
0.4,0.82,41,6.774399408,"2-2"
0.4,0.84,41,6.787900576,"2-2"
0.4,0.86,41,6.801423008,"2-2"
0.4,0.88,41,6.814939008,"2-2"
0.4,0.9,41,6.8284548,"2-2"
0.4,0.92,41,6.842006736,"2-2"
0.4,0.94,42,6.855579216,"2-2"
0.4,0.96,42,6.869157712,"2-2"
0.4,0.98,42,6.882766472,"2-2"
0.4,1,42,6.8964176,"2-2"
0.42,0,32,6.3319892,"2-1"
0.42,0.02,32,6.331948304,"2-1"
0.42,0.04,32,6.331903528,"2-1"
0.42,0.06,32,6.3318562336,"2-1"
0.42,0.08,32,6.3332248256,"2-1"
0.42,0.1,33,6.341505264,"2-2"
0.42,0.12,33,6.350876856,"2-2"
0.42,0.14,33,6.3602988184,"2-2"
0.42,0.16,33,6.3705803632,"2-2"
0.42,0.18,34,6.3819842952,"2-2"
0.42,0.2,34,6.394094216,"2-2"
0.42,0.22,34,6.4062114288,"2-2"
0.42,0.24,35,6.4183236992,"2-2"
0.42,0.26,35,6.4304665992,"2-2"
0.42,0.28,35,6.4426796784,"2-2"
0.42,0.3,36,6.455340656,"2-2"
0.42,0.32,36,6.4680550192,"2-2"
0.42,0.34,36,6.4810561472,"2-2"
0.42,0.36,36,6.4940727504,"2-2"
0.42,0.38,37,6.5070986928,"2-2"
0.42,0.4,37,6.520124416,"2-2"
0.42,0.42,37,6.5331503992,"2-2"
0.42,0.44,37,6.5461971456,"2-2"
0.42,0.46,38,6.5592514672,"2-2"
0.42,0.48,38,6.5724672144,"2-2"
0.42,0.5,38,6.58573504,"2-2"
0.42,0.52,38,6.5990185344,"2-2"
0.42,0.54,38,6.6123993384,"2-2"
0.42,0.56,39,6.6257737984,"2-2"
0.42,0.58,39,6.6391482904,"2-2"
0.42,0.6,39,6.652523816,"2-2"
0.42,0.62,39,6.6659023576,"2-2"
0.42,0.64,39,6.6792876704,"2-2"
0.42,0.66,40,6.6926836832,"2-2"
0.42,0.68,40,6.7061692832,"2-2"
0.42,0.7,40,6.719663816,"2-2"
0.42,0.72,40,6.733197832,"2-2"
0.42,0.74,40,6.7467360816,"2-2"
0.42,0.76,40,6.7602747616,"2-2"
0.42,0.78,41,6.7738161384,"2-2"
0.42,0.8,41,6.787366048,"2-2"
0.42,0.82,41,6.8009192568,"2-2"
0.42,0.84,41,6.8145399536,"2-2"
0.42,0.86,41,6.8281727736,"2-2"
0.42,0.88,41,6.8417917248,"2-2"
0.42,0.9,42,6.85542244,"2-2"
0.42,0.92,42,6.8690866512,"2-2"
0.42,0.94,42,6.8827710656,"2-2"
0.42,0.96,42,6.8964596352,"2-2"
0.42,0.98,42,6.910182584,"2-2"
0.42,1,42,6.92395028,"2-2"
0.44,0,33,6.35483,"2-1"
0.44,0.02,33,6.3547902336,"2-1"
0.44,0.04,33,6.3547443872,"2-1"
0.44,0.06,33,6.354699232,"2-1"
0.44,0.08,33,6.356169152,"2-1"
0.44,0.1,33,6.364549408,"2-2"
0.44,0.12,34,6.3739572832,"2-2"
0.44,0.14,34,6.38340668,"2-2"
0.44,0.16,34,6.3937828736,"2-2"
0.44,0.18,34,6.4053219904,"2-2"
0.44,0.2,35,6.41751568,"2-2"
0.44,0.22,35,6.4296958368,"2-2"
0.44,0.24,35,6.4418932,"2-2"
0.44,0.26,35,6.4541119648,"2-2"
0.44,0.28,36,6.4664064928,"2-2"
0.44,0.3,36,6.479172472,"2-2"
0.44,0.32,36,6.4920157856,"2-2"
0.44,0.34,37,6.5051161152,"2-2"
0.44,0.36,37,6.5182090848,"2-2"
0.44,0.38,37,6.5313299904,"2-2"
0.44,0.4,37,6.544440352,"2-2"
0.44,0.42,37,6.5575568112,"2-2"
0.44,0.44,38,6.5706999776,"2-2"
0.44,0.46,38,6.5838425824,"2-2"
0.44,0.48,38,6.5971881504,"2-2"
0.44,0.5,38,6.61056576,"2-2"
0.44,0.52,39,6.6239499424,"2-2"
0.44,0.54,39,6.6374282912,"2-2"
0.44,0.56,39,6.6509131776,"2-2"
0.44,0.58,39,6.6643798928,"2-2"
0.44,0.6,39,6.677864592,"2-2"
0.44,0.62,40,6.69134844,"2-2"
0.44,0.64,40,6.7048354176,"2-2"
0.44,0.66,40,6.7183393168,"2-2"
0.44,0.68,40,6.7319474912,"2-2"
0.44,0.7,40,6.745538744,"2-2"
0.44,0.72,40,6.7591832192,"2-2"
0.44,0.74,41,6.7728250928,"2-2"
0.44,0.76,41,6.7864592512,"2-2"
0.44,0.78,41,6.800118208,"2-2"
0.44,0.8,41,6.813755088,"2-2"
0.44,0.82,41,6.8274375824,"2-2"
0.44,0.84,41,6.841170256,"2-2"
0.44,0.86,42,6.8549106144,"2-2"
0.44,0.88,42,6.8686375808,"2-2"
0.44,0.9,42,6.88238684,"2-2"
0.44,0.92,42,6.896161488,"2-2"
0.44,0.94,42,6.9099413248,"2-2"
0.44,0.96,42,6.9237421088,"2-2"
0.44,0.98,42,6.9375988272,"2-2"
0.44,1,43,6.95148288,"2-2"
0.46,0,34,6.37770712,"2-1"
0.46,0.02,34,6.3776648624,"2-1"
0.46,0.04,34,6.3776180048,"2-1"
0.46,0.06,34,6.377571368,"2-1"
0.46,0.08,34,6.37915216,"2-1"
0.46,0.1,34,6.387637268,"2-2"
0.46,0.12,34,6.3971009344,"2-2"
0.46,0.14,34,6.4066149648,"2-2"
0.46,0.16,35,6.417101904,"2-2"
0.46,0.18,35,6.4287179016,"2-2"
0.46,0.2,35,6.440990568,"2-2"
0.46,0.22,35,6.4532505064,"2-2"
0.46,0.24,36,6.4655279168,"2-2"
0.46,0.26,36,6.4778299544,"2-2"
0.46,0.28,36,6.490215232,"2-2"
0.46,0.3,36,6.503092828,"2-2"
0.46,0.32,37,6.5160074272,"2-2"
0.46,0.34,37,6.529194296,"2-2"
0.46,0.36,37,6.54240632,"2-2"
0.46,0.38,37,6.5556113016,"2-2"
0.46,0.4,38,6.568826584,"2-2"
0.46,0.42,38,6.5820494648,"2-2"
0.46,0.44,38,6.595274008,"2-2"
0.46,0.46,38,6.6085214072,"2-2"
0.46,0.48,39,6.621956352,"2-2"
0.46,0.5,39,6.63543272,"2-2"
0.46,0.52,39,6.6489282976,"2-2"
0.46,0.54,39,6.662500792,"2-2"
0.46,0.56,39,6.6760803872,"2-2"
0.46,0.58,40,6.6896596472,"2-2"
0.46,0.6,40,6.703236472,"2-2"
0.46,0.62,40,6.716828968,"2-2"
0.46,0.64,40,6.7304191648,"2-2"
0.46,0.66,40,6.744023916,"2-2"
0.46,0.68,40,6.7577273248,"2-2"
0.46,0.7,41,6.77142406,"2-2"
0.46,0.72,41,6.7851813888,"2-2"
0.46,0.74,41,6.7989240792,"2-2"
0.46,0.76,41,6.812688712,"2-2"
0.46,0.78,41,6.8264328664,"2-2"
0.46,0.8,41,6.840202856,"2-2"
0.46,0.82,42,6.8539810784,"2-2"
0.46,0.84,42,6.8678125952,"2-2"
0.46,0.86,42,6.881662432,"2-2"
0.46,0.88,42,6.8955072496,"2-2"
0.46,0.9,42,6.909361804,"2-2"
0.46,0.92,42,6.923247648,"2-2"
0.46,0.94,42,6.9371524776,"2-2"
0.46,0.96,43,6.9510701904,"2-2"
0.46,0.98,43,6.965017364,"2-2"
0.46,1,43,6.97902324,"2-2"
0.48,0,34,6.40070848,"2-1"
0.48,0.02,34,6.4006684,"2-1"
0.48,0.04,34,6.40062048,"2-1"
0.48,0.06,34,6.4005728,"2-1"
0.48,0.08,34,6.4022499808,"2-1"
0.48,0.1,35,6.41079532,"2-2"
0.48,0.12,35,6.42029112,"2-2"
0.48,0.14,35,6.4298675632,"2-2"
0.48,0.16,35,6.4404322592,"2-2"
0.48,0.18,35,6.4521785456,"2-2"
0.48,0.2,36,6.464499584,"2-2"
0.48,0.22,36,6.476861896,"2-2"
0.48,0.24,36,6.4891919232,"2-2"
0.48,0.26,36,6.5014828512,"2-2"
0.48,0.28,37,6.514021616,"2-2"
0.48,0.3,37,6.526979032,"2-2"
0.48,0.32,37,6.5400421504,"2-2"
0.48,0.34,37,6.5533469216,"2-2"
0.48,0.36,38,6.5666107072,"2-2"
0.48,0.38,38,6.5799272544,"2-2"
0.48,0.4,38,6.593201616,"2-2"
0.48,0.42,38,6.6065257152,"2-2"
0.48,0.44,38,6.6197866304,"2-2"
0.48,0.46,39,6.6331598832,"2-2"
0.48,0.48,39,6.6466919264,"2-2"
0.48,0.5,39,6.66027236,"2-2"
0.48,0.52,39,6.6738977216,"2-2"
0.48,0.54,39,6.6875832864,"2-2"
0.48,0.56,40,6.7012617568,"2-2"
0.48,0.58,40,6.7149454624,"2-2"
0.48,0.6,40,6.728610064,"2-2"
0.48,0.62,40,6.7422928624,"2-2"
0.48,0.64,40,6.7560034048,"2-2"
0.48,0.66,41,6.7697180016,"2-2"
0.48,0.68,41,6.7835234944,"2-2"
0.48,0.7,41,6.79733156,"2-2"
0.48,0.72,41,6.811192848,"2-2"
0.48,0.74,41,6.8250190384,"2-2"
0.48,0.76,41,6.8389068,"2-2"
0.48,0.78,42,6.8527658544,"2-2"
0.48,0.8,42,6.866628688,"2-2"
0.48,0.82,42,6.880517584,"2-2"
0.48,0.84,42,6.8944577856,"2-2"
0.48,0.86,42,6.9084313072,"2-2"
0.48,0.88,42,6.9223769536,"2-2"
0.48,0.9,42,6.936343744,"2-2"
0.48,0.92,43,6.9503415296,"2-2"
0.48,0.94,43,6.9643484784,"2-2"
0.48,0.96,43,6.9783820608,"2-2"
0.48,0.98,43,6.9924538688,"2-2"
0.48,1,43,7.00657056,"2-2"
0.5,0,35,6.423787,"2-1"
0.5,0.02,35,6.42374542,"2-1"
0.5,0.04,35,6.42369684,"2-1"
0.5,0.06,35,6.42364826,"2-1"
0.5,0.08,35,6.4254266,"2-1"
0.5,0.1,35,6.4340929,"2-2"
0.5,0.12,35,6.44363956,"2-2"
0.5,0.14,35,6.45324294,"2-2"
0.5,0.16,36,6.46393972,"2-2"
0.5,0.18,36,6.47575476,"2-2"
0.5,0.2,36,6.4881576,"2-2"
0.5,0.22,36,6.50056802,"2-2"
0.5,0.24,37,6.51297676,"2-2"
0.5,0.26,37,6.5254124,"2-2"
0.5,0.28,37,6.53797144,"2-2"
0.5,0.3,37,6.5510648,"2-2"
0.5,0.32,38,6.5641838,"2-2"
0.5,0.34,38,6.57755946,"2-2"
0.5,0.36,38,6.59095128,"2-2"
0.5,0.38,38,6.60434418,"2-2"
0.5,0.4,38,6.6177268,"2-2"
0.5,0.42,39,6.63112498,"2-2"
0.5,0.44,39,6.64453104,"2-2"
0.5,0.46,39,6.6579489,"2-2"
0.5,0.48,39,6.67158988,"2-2"
0.5,0.5,39,6.685273,"2-2"
0.5,0.52,40,6.69901548,"2-2"
0.5,0.54,40,6.7127991,"2-2"
0.5,0.56,40,6.7265416,"2-2"
0.5,0.58,40,6.74035532,"2-2"
0.5,0.6,40,6.7540778,"2-2"
0.5,0.62,41,6.76786292,"2-2"
0.5,0.64,41,6.78163804,"2-2"
0.5,0.66,41,6.79545078,"2-2"
0.5,0.68,41,6.80938216,"2-2"
0.5,0.7,41,6.8232937,"2-2"
0.5,0.72,41,6.83724184,"2-2"
0.5,0.74,42,6.8512062,"2-2"
0.5,0.76,42,6.86518652,"2-2"
0.5,0.78,42,6.87913414,"2-2"
0.5,0.8,42,6.8931132,"2-2"
0.5,0.82,42,6.90710436,"2-2"
0.5,0.84,42,6.92115876,"2-2"
0.5,0.86,42,6.93521404,"2-2"
0.5,0.88,43,6.9492992,"2-2"
0.5,0.9,43,6.9633668,"2-2"
0.5,0.92,43,6.9774734,"2-2"
0.5,0.94,43,6.99160998,"2-2"
0.5,0.96,43,7.00573908,"2-2"
0.5,0.98,43,7.01992732,"2-2"
0.5,1,43,7.034158,"2-2"
0.52,0,35,6.44790936,"2-1"
0.52,0.02,35,6.4478630336,"2-1"
0.52,0.04,35,6.4478108672,"2-1"
0.52,0.06,35,6.4477587008,"2-1"
0.52,0.08,35,6.449693152,"2-1"
0.52,0.1,36,6.458417184,"2-2"
0.52,0.12,36,6.4679413376,"2-2"
0.52,0.14,36,6.4775249392,"2-2"
0.52,0.16,36,6.4882791008,"2-2"
0.52,0.18,36,6.5001469952,"2-2"
0.52,0.2,37,6.512549504,"2-2"
0.52,0.22,37,6.5249455216,"2-2"
0.52,0.24,37,6.5373505696,"2-2"
0.52,0.26,37,6.54981096,"2-2"
0.52,0.28,38,6.5624080256,"2-2"
0.52,0.3,38,6.575561376,"2-2"
0.52,0.32,38,6.588775072,"2-2"
0.52,0.34,38,6.6021965152,"2-2"
0.52,0.36,38,6.6156398048,"2-2"
0.52,0.38,39,6.6290791936,"2-2"
0.52,0.4,39,6.642512336,"2-2"
0.52,0.42,39,6.6559688,"2-2"
0.52,0.44,39,6.6694345248,"2-2"
0.52,0.46,39,6.6829432512,"2-2"
0.52,0.48,40,6.696648688,"2-2"
0.52,0.5,40,6.71047772,"2-2"
0.52,0.52,40,6.7242602688,"2-2"
0.52,0.54,40,6.7381594752,"2-2"
0.52,0.56,40,6.7520154112,"2-2"
0.52,0.58,41,6.7658686928,"2-2"
0.52,0.6,41,6.779686464,"2-2"
0.52,0.62,41,6.7935529776,"2-2"
0.52,0.64,41,6.8074666368,"2-2"
0.52,0.66,41,6.8213271568,"2-2"
0.52,0.68,41,6.8353891648,"2-2"
0.52,0.7,42,6.849422112,"2-2"
0.52,0.72,42,6.8634293344,"2-2"
0.52,0.74,42,6.877545512,"2-2"
0.52,0.76,42,6.8915504928,"2-2"
0.52,0.78,42,6.9056121408,"2-2"
0.52,0.8,42,6.919683408,"2-2"
0.52,0.82,42,6.9338110256,"2-2"
0.52,0.84,43,6.9479205056,"2-2"
0.52,0.86,43,6.9621216,"2-2"
0.52,0.88,43,6.9762712448,"2-2"
0.52,0.9,43,6.990450376,"2-2"
0.52,0.92,43,7.0046645312,"2-2"
0.52,0.94,43,7.0188889968,"2-2"
0.52,0.96,43,7.0331232384,"2-2"
0.52,0.98,44,7.0474089856,"2-2"
0.52,1,44,7.0617516,"2-2"
0.54,0,36,6.47217652,"2-1"
0.54,0.02,36,6.4721290272,"2-1"
0.54,0.04,36,6.4720766144,"2-1"
0.54,0.06,36,6.4720237864,"2-1"
0.54,0.08,36,6.4740639968,"2-1"
0.54,0.1,36,6.482913216,"2-2"
0.54,0.12,36,6.4924877472,"2-2"
0.54,0.14,36,6.5021229144,"2-2"
0.54,0.16,37,6.512994736,"2-2"
0.54,0.18,37,6.5249709136,"2-2"
0.54,0.2,37,6.53746616,"2-2"
0.54,0.22,37,6.5499481976,"2-2"
0.54,0.24,38,6.5624508016,"2-2"
0.54,0.26,38,6.5749736296,"2-2"
0.54,0.28,38,6.5876181952,"2-2"
0.54,0.3,38,6.600837732,"2-2"
0.54,0.32,38,6.6141046352,"2-2"
0.54,0.34,39,6.6275793168,"2-2"
0.54,0.36,39,6.641073584,"2-2"
0.54,0.38,39,6.6545509464,"2-2"
0.54,0.4,39,6.668025264,"2-2"
0.54,0.42,39,6.6815070496,"2-2"
0.54,0.44,40,6.6950392912,"2-2"
0.54,0.46,40,6.7085690744,"2-2"
0.54,0.48,40,6.722240576,"2-2"
0.54,0.5,40,6.73616684,"2-2"
0.54,0.52,40,6.7500087968,"2-2"
0.54,0.54,41,6.763893436,"2-2"
0.54,0.56,41,6.7778250832,"2-2"
0.54,0.58,41,6.7917618048,"2-2"
0.54,0.6,41,6.805700392,"2-2"
0.54,0.62,41,6.819627056,"2-2"
0.54,0.64,41,6.8335751936,"2-2"
0.54,0.66,42,6.847522828,"2-2"
0.54,0.68,42,6.8615718688,"2-2"
0.54,0.7,42,6.875679176,"2-2"
0.54,0.72,42,6.8897888208,"2-2"
0.54,0.74,42,6.9039923056,"2-2"
0.54,0.76,42,6.9181404512,"2-2"
0.54,0.78,42,6.9322681328,"2-2"
0.54,0.8,43,6.946409008,"2-2"
0.54,0.82,43,6.9605971368,"2-2"
0.54,0.84,43,6.9748705232,"2-2"
0.54,0.86,43,6.9891783992,"2-2"
0.54,0.88,43,7.0033901664,"2-2"
0.54,0.9,43,7.017725792,"2-2"
0.54,0.92,43,7.032037232,"2-2"
0.54,0.94,44,7.0463846328,"2-2"
0.54,0.96,44,7.0607216592,"2-2"
0.54,0.98,44,7.0751241536,"2-2"
0.54,1,44,7.08957324,"2-2"
0.56,0,36,6.49644424,"2-1"
0.56,0.02,36,6.4963965408,"2-1"
0.56,0.04,36,6.4963431008,"2-1"
0.56,0.06,36,6.4962897312,"2-1"
0.56,0.08,36,6.4984491744,"2-1"
0.56,0.1,37,6.507405552,"2-2"
0.56,0.12,37,6.517030576,"2-2"
0.56,0.14,37,6.526719496,"2-2"
0.56,0.16,37,6.5376790624,"2-2"
0.56,0.18,37,6.5497921328,"2-2"
0.56,0.2,38,6.562378832,"2-2"
0.56,0.22,38,6.5749534672,"2-2"
0.56,0.24,38,6.5875349312,"2-2"
0.56,0.26,38,6.6001528736,"2-2"
0.56,0.28,38,6.6128575904,"2-2"
0.56,0.3,39,6.626211512,"2-2"
0.56,0.32,39,6.6396105248,"2-2"
0.56,0.34,39,6.6531877136,"2-2"
0.56,0.36,39,6.6667874592,"2-2"
0.56,0.38,39,6.6803744352,"2-2"
0.56,0.4,40,6.693975616,"2-2"
0.56,0.42,40,6.7075766928,"2-2"
0.56,0.44,40,6.7211989632,"2-2"
0.56,0.46,40,6.7348418864,"2-2"
0.56,0.48,40,6.7486998208,"2-2"
0.56,0.5,40,6.76261892,"2-2"
0.56,0.52,41,6.7765652544,"2-2"
0.56,0.54,41,6.7905766032,"2-2"
0.56,0.56,41,6.8045609952,"2-2"
0.56,0.58,41,6.8185906032,"2-2"
0.56,0.6,41,6.832516608,"2-2"
0.56,0.62,42,6.8466146608,"2-2"
0.56,0.64,42,6.8606308224,"2-2"
0.56,0.66,42,6.874673624,"2-2"
0.56,0.68,42,6.8888284704,"2-2"
0.56,0.7,42,6.902999552,"2-2"
0.56,0.72,42,6.9171847552,"2-2"
0.56,0.74,42,6.9313888656,"2-2"
0.56,0.76,43,6.9455952064,"2-2"
0.56,0.78,43,6.9597980736,"2-2"
0.56,0.8,43,6.974015584,"2-2"
0.56,0.82,43,6.98825396,"2-2"
0.56,0.84,43,7.002552608,"2-2"
0.56,0.86,43,7.016856032,"2-2"
0.56,0.88,43,7.0311731744,"2-2"
0.56,0.9,44,7.045483648,"2-2"
0.56,0.92,44,7.0598376512,"2-2"
0.56,0.94,44,7.0742204496,"2-2"
0.56,0.96,44,7.0886080672,"2-2"
0.56,0.98,44,7.1030359984,"2-2"
0.56,1,44,7.11751872,"2-2"
0.58,0,37,6.52071272,"2-1"
0.58,0.02,37,6.5206640544,"2-1"
0.58,0.04,37,6.5206097088,"2-1"
0.58,0.06,37,6.5205559928,"2-1"
0.58,0.08,37,6.5228453584,"2-1"
0.58,0.1,37,6.531902376,"2-2"
0.58,0.12,37,6.5415798016,"2-2"
0.58,0.14,37,6.5513224272,"2-2"
0.58,0.16,38,6.5624206592,"2-2"
0.58,0.18,38,6.5746350096,"2-2"
0.58,0.2,38,6.58729064,"2-2"
0.58,0.22,38,6.5999576488,"2-2"
0.58,0.24,38,6.6126265312,"2-2"
0.58,0.26,39,6.6253336576,"2-2"
0.58,0.28,39,6.63815432,"2-2"
0.58,0.3,39,6.651610616,"2-2"
0.58,0.32,39,6.6650933456,"2-2"
0.58,0.34,39,6.6787859936,"2-2"
0.58,0.36,40,6.6924890352,"2-2"
0.58,0.38,40,6.7061921808,"2-2"
0.58,0.4,40,6.719894408,"2-2"
0.58,0.42,40,6.7335960536,"2-2"
0.58,0.44,40,6.7473214912,"2-2"
0.58,0.46,40,6.7610776136,"2-2"
0.58,0.48,41,6.7750450064,"2-2"
0.58,0.5,41,6.7891119,"2-2"
0.58,0.52,41,6.8031620992,"2-2"
0.58,0.54,41,6.8172686968,"2-2"
0.58,0.56,41,6.8313995136,"2-2"
0.58,0.58,41,6.8455131824,"2-2"
0.58,0.6,42,6.859632296,"2-2"
0.58,0.62,42,6.8737371048,"2-2"
0.58,0.64,42,6.8878890128,"2-2"
0.58,0.66,42,6.9020369344,"2-2"
0.58,0.68,42,6.9163233808,"2-2"
0.58,0.7,42,6.930609044,"2-2"
0.58,0.72,43,6.9449256768,"2-2"
0.58,0.74,43,6.9592404592,"2-2"
0.58,0.76,43,6.9735571008,"2-2"
0.58,0.78,43,6.9878745648,"2-2"
0.58,0.8,43,7.002193632,"2-2"
0.58,0.82,43,7.0165487816,"2-2"
0.58,0.84,43,7.0309717184,"2-2"
0.58,0.86,44,7.0454129432,"2-2"
0.58,0.88,44,7.059848736,"2-2"
0.58,0.9,44,7.074284296,"2-2"
0.58,0.92,44,7.0887585936,"2-2"
0.58,0.94,44,7.1032631184,"2-2"
0.58,0.96,44,7.1177729824,"2-2"
0.58,0.98,44,7.1323255744,"2-2"
0.58,1,44,7.14693368,"2-2"
0.6,0,37,6.5449824,"2-1"
0.6,0.02,37,6.544933768,"2-1"
0.6,0.04,37,6.544878976,"2-1"
0.6,0.06,37,6.544823864,"2-1"
0.6,0.08,37,6.54723304,"2-1"
0.6,0.1,37,6.5563898,"2-2"
0.6,0.12,38,6.566120704,"2-2"
0.6,0.14,38,6.57591596,"2-2"
0.6,0.16,38,6.587116128,"2-2"
0.6,0.18,38,6.59943928,"2-2"
0.6,0.2,38,6.6121816,"2-2"
0.6,0.22,39,6.62494648,"2-2"
0.6,0.24,39,6.637697792,"2-2"
0.6,0.26,39,6.650497608,"2-2"
0.6,0.28,39,6.663397728,"2-2"
0.6,0.3,39,6.67697316,"2-2"
0.6,0.32,40,6.690580128,"2-2"
0.6,0.34,40,6.704408288,"2-2"
0.6,0.36,40,6.718207792,"2-2"
0.6,0.38,40,6.732004872,"2-2"
0.6,0.4,40,6.74580848,"2-2"
0.6,0.42,40,6.759621504,"2-2"
0.6,0.44,41,6.773461632,"2-2"
0.6,0.46,41,6.787306504,"2-2"
0.6,0.48,41,6.80140736,"2-2"
0.6,0.5,41,6.8155664,"2-2"
0.6,0.52,41,6.829732288,"2-2"
0.6,0.54,41,6.84398716,"2-2"
0.6,0.56,42,6.858203312,"2-2"
0.6,0.58,42,6.872441984,"2-2"
0.6,0.6,42,6.88666472,"2-2"
0.6,0.62,42,6.900909584,"2-2"
0.6,0.64,42,6.915148544,"2-2"
0.6,0.66,42,6.929421488,"2-2"
0.6,0.68,43,6.94381968,"2-2"
0.6,0.7,43,6.95822792,"2-2"
0.6,0.72,43,6.972649072,"2-2"
0.6,0.74,43,6.987093912,"2-2"
0.6,0.76,43,7.001518768,"2-2"
0.6,0.78,43,7.015955528,"2-2"
0.6,0.8,43,7.0304048,"2-2"
0.6,0.82,44,7.044873136,"2-2"
0.6,0.84,44,7.05942184,"2-2"
0.6,0.86,44,7.073975864,"2-2"
0.6,0.88,44,7.088527936,"2-2"
0.6,0.9,44,7.10307996,"2-2"
0.6,0.92,44,7.1176804,"2-2"
0.6,0.94,44,7.13230408,"2-2"
0.6,0.96,44,7.14694304,"2-2"
0.6,0.98,45,7.16162004,"2-2"
0.6,1,45,7.1763512,"2-2"
0.62,0,38,6.56926164,"2-1"
0.62,0.02,38,6.5692130608,"2-1"
0.62,0.04,38,6.56915288,"2-1"
0.62,0.06,38,6.5690996048,"2-1"
0.62,0.08,38,6.5716352224,"2-1"
0.62,0.1,38,6.580905488,"2-2"
0.62,0.12,38,6.5906865056,"2-2"
0.62,0.14,38,6.6005333912,"2-2"
0.62,0.16,38,6.611860192,"2-2"
0.62,0.18,39,6.6243028192,"2-2"
0.62,0.2,39,6.637135184,"2-2"
0.62,0.22,39,6.649968728,"2-2"
0.62,0.24,39,6.6628100896,"2-2"
0.62,0.26,39,6.675699508,"2-2"
0.62,0.28,40,6.6887037904,"2-2"
0.62,0.3,40,6.702397108,"2-2"
0.62,0.32,40,6.7161143552,"2-2"
0.62,0.34,40,6.7300176952,"2-2"
0.62,0.36,40,6.7439277392,"2-2"
0.62,0.38,40,6.7578310104,"2-2"
0.62,0.4,41,6.771739696,"2-2"
0.62,0.42,41,6.7856517104,"2-2"
0.62,0.44,41,6.7995915984,"2-2"
0.62,0.46,41,6.8135524528,"2-2"
0.62,0.48,41,6.8277642336,"2-2"
0.62,0.5,41,6.84204106,"2-2"
0.62,0.52,42,6.8563317216,"2-2"
0.62,0.54,42,6.8706730744,"2-2"
0.62,0.56,42,6.8850255072,"2-2"
0.62,0.58,42,6.8993569568,"2-2"
0.62,0.6,42,6.913705848,"2-2"
0.62,0.62,42,6.9280527016,"2-2"
0.62,0.64,43,6.9424146064,"2-2"
0.62,0.66,43,6.9567977528,"2-2"
0.62,0.68,43,6.971317064,"2-2"
0.62,0.7,43,6.985842648,"2-2"
0.62,0.72,43,7.0003872704,"2-2"
0.62,0.74,43,7.0149349424,"2-2"
0.62,0.76,43,7.0294788288,"2-2"
0.62,0.78,44,7.044039672,"2-2"
0.62,0.8,44,7.058602216,"2-2"
0.62,0.82,44,7.0731934232,"2-2"
0.62,0.84,44,7.0877818768,"2-2"
0.62,0.86,44,7.1025030096,"2-2"
0.62,0.88,44,7.1171927104,"2-2"
0.62,0.9,44,7.13188188,"2-2"
0.62,0.92,44,7.1465971984,"2-2"
0.62,0.94,45,7.1613438768,"2-2"
0.62,0.96,45,7.176105448,"2-2"
0.62,0.98,45,7.1909067088,"2-2"
0.62,1,45,7.20576832,"2-2"
0.64,0,38,6.59354768,"2-1"
0.64,0.02,38,6.5935075632,"2-1"
0.64,0.04,38,6.5934513152,"2-1"
0.64,0.06,38,6.5933958096,"2-1"
0.64,0.08,38,6.5960466112,"2-1"
0.64,0.1,38,6.605416312,"2-2"
0.64,0.12,38,6.6152495488,"2-2"
0.64,0.14,39,6.6251267104,"2-2"
0.64,0.16,39,6.6365687872,"2-2"
0.64,0.18,39,6.64912924,"2-2"
0.64,0.2,39,6.662039056,"2-2"
0.64,0.22,39,6.674970664,"2-2"
0.64,0.24,40,6.6879012672,"2-2"
0.64,0.26,40,6.7008668624,"2-2"
0.64,0.28,40,6.7139746528,"2-2"
0.64,0.3,40,6.727783984,"2-2"
0.64,0.32,40,6.7416202592,"2-2"
0.64,0.34,40,6.75563408,"2-2"
0.64,0.36,41,6.7696483712,"2-2"
0.64,0.38,41,6.7836547504,"2-2"
0.64,0.4,41,6.797652496,"2-2"
0.64,0.42,41,6.811668808,"2-2"
0.64,0.44,41,6.8257145216,"2-2"
0.64,0.46,41,6.8397809792,"2-2"
0.64,0.48,42,6.8540975232,"2-2"
0.64,0.5,42,6.86851028,"2-2"
0.64,0.52,42,6.8829175808,"2-2"
0.64,0.54,42,6.897366128,"2-2"
0.64,0.56,42,6.911814496,"2-2"
0.64,0.58,42,6.9262765424,"2-2"
0.64,0.6,43,6.940732288,"2-2"
0.64,0.62,43,6.9551934592,"2-2"
0.64,0.64,43,6.9696688576,"2-2"
0.64,0.66,43,6.9841664352,"2-2"
0.64,0.68,43,6.9988052224,"2-2"
0.64,0.7,43,7.013439088,"2-2"
0.64,0.72,43,7.0281069376,"2-2"
0.64,0.74,44,7.0427784304,"2-2"
0.64,0.76,44,7.0574561472,"2-2"
0.64,0.78,44,7.072114768,"2-2"
0.64,0.8,44,7.086791936,"2-2"
0.64,0.82,44,7.1015052816,"2-2"
0.64,0.84,44,7.1162882944,"2-2"
0.64,0.86,44,7.1310932,"2-2"
0.64,0.88,44,7.1458763744,"2-2"
0.64,0.9,45,7.160672344,"2-2"
0.64,0.92,45,7.17551656,"2-2"
0.64,0.94,45,7.1903903056,"2-2"
0.64,0.96,45,7.205278208,"2-2"
0.64,0.98,45,7.2201891216,"2-2"
0.64,1,45,7.2351868,"2-2"
0.66,0,38,6.61787368,"2-1"
0.66,0.02,38,6.6178257608,"2-1"
0.66,0.04,38,6.6177685616,"2-1"
0.66,0.06,38,6.6177125624,"2-1"
0.66,0.08,39,6.620496208,"2-1"
0.66,0.1,39,6.629966324,"2-2"
0.66,0.12,39,6.63984632,"2-2"
0.66,0.14,39,6.6498054536,"2-2"
0.66,0.16,39,6.661362488,"2-2"
0.66,0.18,39,6.6740250072,"2-2"
0.66,0.2,39,6.687028608,"2-2"
0.66,0.22,40,6.7000376176,"2-2"
0.66,0.24,40,6.7130462432,"2-2"
0.66,0.26,40,6.7261144904,"2-2"
0.66,0.28,40,6.7392923056,"2-2"
0.66,0.3,40,6.753230936,"2-2"
0.66,0.32,41,6.7671745888,"2-2"
0.66,0.34,41,6.7812816568,"2-2"
0.66,0.36,41,6.7954008544,"2-2"
0.66,0.38,41,6.8095132784,"2-2"
0.66,0.4,41,6.823624728,"2-2"
0.66,0.42,41,6.8377481312,"2-2"
0.66,0.44,42,6.851896552,"2-2"
0.66,0.46,42,6.8660628352,"2-2"
0.66,0.48,42,6.8805096848,"2-2"
0.66,0.5,42,6.89502008,"2-2"
0.66,0.52,42,6.9095377072,"2-2"
0.66,0.54,42,6.924092588,"2-2"
0.66,0.56,42,6.9386590592,"2-2"
0.66,0.58,43,6.9532243488,"2-2"
0.66,0.6,43,6.96779616,"2-2"
0.66,0.62,43,6.9823648808,"2-2"
0.66,0.64,43,6.9969570512,"2-2"
0.66,0.66,43,7.0115563432,"2-2"
0.66,0.68,43,7.026311008,"2-2"
0.66,0.7,43,7.041077352,"2-2"
0.66,0.72,44,7.0558654272,"2-2"
0.66,0.74,44,7.0706391424,"2-2"
0.66,0.76,44,7.0854277776,"2-2"
0.66,0.78,44,7.1002069608,"2-2"
0.66,0.8,44,7.115005184,"2-2"
0.66,0.82,44,7.1298388736,"2-2"
0.66,0.84,44,7.1447422608,"2-2"
0.66,0.86,45,7.1596602808,"2-2"
0.66,0.88,45,7.1745641088,"2-2"
0.66,0.9,45,7.18948184,"2-2"
0.66,0.92,45,7.204443216,"2-2"
0.66,0.94,45,7.2194389792,"2-2"
0.66,0.96,45,7.2344487984,"2-2"
0.66,0.98,45,7.2494857152,"2-2"
0.66,1,45,7.26461268,"2-2"
0.68,0,39,6.64230744,"2-1"
0.68,0.02,39,6.6422572432,"2-1"
0.68,0.04,39,6.6422002464,"2-1"
0.68,0.06,39,6.6421432496,"2-1"
0.68,0.08,39,6.6450508544,"2-1"
0.68,0.1,39,6.654573936,"2-2"
0.68,0.12,39,6.664514352,"2-2"
0.68,0.14,39,6.6744991808,"2-2"
0.68,0.16,39,6.6861488288,"2-2"
0.68,0.18,40,6.6989551936,"2-2"
0.68,0.2,40,6.712047216,"2-2"
0.68,0.22,40,6.7251368944,"2-2"
0.68,0.24,40,6.7382269472,"2-2"
0.68,0.26,40,6.7513255088,"2-2"
0.68,0.28,41,6.7646501248,"2-2"
0.68,0.3,41,6.778676464,"2-2"
0.68,0.32,41,6.792770592,"2-2"
0.68,0.34,41,6.8069660576,"2-2"
0.68,0.36,41,6.8211857984,"2-2"
0.68,0.38,41,6.835382664,"2-2"
0.68,0.4,42,6.849595776,"2-2"
0.68,0.42,42,6.8638257808,"2-2"
0.68,0.44,42,6.8780198176,"2-2"
0.68,0.46,42,6.8923423392,"2-2"
0.68,0.48,42,6.9068797088,"2-2"
0.68,0.5,42,6.92151684,"2-2"
0.68,0.52,42,6.936171872,"2-2"
0.68,0.54,43,6.9508458704,"2-2"
0.68,0.56,43,6.9654779648,"2-2"
0.68,0.58,43,6.9801789536,"2-2"
0.68,0.6,43,6.994856128,"2-2"
0.68,0.62,43,7.0095464352,"2-2"
0.68,0.64,43,7.024244576,"2-2"
0.68,0.66,43,7.0389556064,"2-2"
0.68,0.68,44,7.0538394944,"2-2"
0.68,0.7,44,7.068711616,"2-2"
0.68,0.72,44,7.0836085824,"2-2"
0.68,0.74,44,7.0985078416,"2-2"
0.68,0.76,44,7.1134107584,"2-2"
0.68,0.78,44,7.128324016,"2-2"
0.68,0.8,44,7.143217024,"2-2"
0.68,0.82,45,7.1581780208,"2-2"
0.68,0.84,45,7.1732019008,"2-2"
0.68,0.86,45,7.188241072,"2-2"
0.68,0.88,45,7.203255792,"2-2"
0.68,0.9,45,7.218296096,"2-2"
0.68,0.92,45,7.2333813664,"2-2"
0.68,0.94,45,7.248501168,"2-2"
0.68,0.96,45,7.2636327456,"2-2"
0.68,0.98,45,7.2788134096,"2-2"
0.68,1,46,7.294046,"2-2"
0.7,0,39,6.6669396,"2-1"
0.7,0.02,39,6.666887292,"2-1"
0.7,0.04,39,6.666828584,"2-1"
0.7,0.06,39,6.666769876,"2-1"
0.7,0.08,39,6.669827064,"2-1"
0.7,0.1,39,6.67945714,"2-2"
0.7,0.12,40,6.689405056,"2-2"
0.7,0.14,40,6.69943636,"2-2"
0.7,0.16,40,6.711230648,"2-2"
0.7,0.18,40,6.724095964,"2-2"
0.7,0.2,40,6.73726032,"2-2"
0.7,0.22,40,6.750415736,"2-2"
0.7,0.24,41,6.763588728,"2-2"
0.7,0.26,41,6.77680272,"2-2"
0.7,0.28,41,6.790185064,"2-2"
0.7,0.3,41,6.80432968,"2-2"
0.7,0.32,41,6.818501736,"2-2"
0.7,0.34,41,6.832808224,"2-2"
0.7,0.36,42,6.847093288,"2-2"
0.7,0.38,42,6.861399232,"2-2"
0.7,0.4,42,6.87570064,"2-2"
0.7,0.42,42,6.890028448,"2-2"
0.7,0.44,42,6.904382304,"2-2"
0.7,0.46,42,6.918759976,"2-2"
0.7,0.48,42,6.933411856,"2-2"
0.7,0.5,43,6.9481508,"2-2"
0.7,0.52,43,6.962915248,"2-2"
0.7,0.54,43,6.977686144,"2-2"
0.7,0.56,43,6.992482528,"2-2"
0.7,0.58,43,7.007240968,"2-2"
0.7,0.6,43,7.02200036,"2-2"
0.7,0.62,43,7.036786836,"2-2"
0.7,0.64,44,7.051575544,"2-2"
0.7,0.66,44,7.066417692,"2-2"
0.7,0.68,44,7.0814102,"2-2"
0.7,0.7,44,7.09643276,"2-2"
0.7,0.72,44,7.11144476,"2-2"
0.7,0.74,44,7.126436428,"2-2"
0.7,0.76,44,7.141448968,"2-2"
0.7,0.78,44,7.156459192,"2-2"
0.7,0.8,45,7.17148432,"2-2"
0.7,0.82,45,7.186552144,"2-2"
0.7,0.84,45,7.20170368,"2-2"
0.7,0.86,45,7.2168507,"2-2"
0.7,0.88,45,7.231971744,"2-2"
0.7,0.9,45,7.24715502,"2-2"
0.7,0.92,45,7.262357816,"2-2"
0.7,0.94,45,7.277580916,"2-2"
0.7,0.96,46,7.292843328,"2-2"
0.7,0.98,46,7.308152212,"2-2"
0.7,1,46,7.323516,"2-2"
0.72,0,40,6.69210624,"2-1"
0.72,0.02,40,6.6920514352,"2-1"
0.72,0.04,40,6.691991968,"2-1"
0.72,0.06,40,6.691932792,"2-1"
0.72,0.08,40,6.6951210976,"2-1"
0.72,0.1,40,6.704857208,"2-2"
0.72,0.12,40,6.7148597696,"2-2"
0.72,0.14,40,6.7249424464,"2-2"
0.72,0.16,40,6.7368316992,"2-2"
0.72,0.18,40,6.7497977328,"2-2"
0.72,0.2,41,6.763012912,"2-2"
0.72,0.22,41,6.77623112,"2-2"
0.72,0.24,41,6.7894588576,"2-2"
0.72,0.26,41,6.8027377424,"2-2"
0.72,0.28,41,6.8161699136,"2-2"
0.72,0.3,41,6.830409632,"2-2"
0.72,0.32,41,6.8446649312,"2-2"
0.72,0.34,42,6.8590255168,"2-2"
0.72,0.36,42,6.8733989312,"2-2"
0.72,0.38,42,6.8877713984,"2-2"
0.72,0.4,42,6.902144384,"2-2"
0.72,0.42,42,6.9165430784,"2-2"
0.72,0.44,42,6.9309727488,"2-2"
0.72,0.46,43,6.945439808,"2-2"
0.72,0.48,43,6.9601972064,"2-2"
0.72,0.5,43,6.97503316,"2-2"
0.72,0.52,43,6.9898685728,"2-2"
0.72,0.54,43,7.00475116,"2-2"
0.72,0.56,43,7.0196260992,"2-2"
0.72,0.58,43,7.0344828944,"2-2"
0.72,0.6,44,7.049362624,"2-2"
0.72,0.62,44,7.0642509408,"2-2"
0.72,0.64,44,7.0791580928,"2-2"
0.72,0.66,44,7.0940775344,"2-2"
0.72,0.68,44,7.1091924256,"2-2"
0.72,0.7,44,7.124266512,"2-2"
0.72,0.72,44,7.1394121472,"2-2"
0.72,0.74,44,7.1545026128,"2-2"
0.72,0.76,45,7.1696492672,"2-2"
0.72,0.78,45,7.1847494992,"2-2"
0.72,0.8,45,7.199890912,"2-2"
0.72,0.82,45,7.215063632,"2-2"
0.72,0.84,45,7.2303488768,"2-2"
0.72,0.86,45,7.2456094496,"2-2"
0.72,0.88,45,7.2608509824,"2-2"
0.72,0.9,45,7.27613588,"2-2"
0.72,0.92,46,7.2914457824,"2-2"
0.72,0.94,46,7.3068161776,"2-2"
0.72,0.96,46,7.322193344,"2-2"
0.72,0.98,46,7.3375633888,"2-2"
0.72,1,46,7.3530768,"2-2"
0.74,0,40,6.71727332,"2-1"
0.74,0.02,40,6.7172170984,"2-1"
0.74,0.04,40,6.71715756,"2-1"
0.74,0.06,40,6.7170975488,"2-1"
0.74,0.08,40,6.72042404,"2-1"
0.74,0.1,40,6.730265816,"2-2"
0.74,0.12,40,6.7403212464,"2-2"
0.74,0.14,40,6.7504630944,"2-2"
0.74,0.16,40,6.7624786608,"2-2"
0.74,0.18,41,6.7755506208,"2-2"
0.74,0.2,41,6.788866216,"2-2"
0.74,0.22,41,6.802175328,"2-2"
0.74,0.24,41,6.8155,"2-2"
0.74,0.26,41,6.8288689096,"2-2"
0.74,0.28,41,6.8424148544,"2-2"
0.74,0.3,42,6.856769036,"2-2"
0.74,0.32,42,6.871137384,"2-2"
0.74,0.34,42,6.8856135144,"2-2"
0.74,0.36,42,6.9000991488,"2-2"
0.74,0.38,42,6.9145859456,"2-2"
0.74,0.4,42,6.929070592,"2-2"
0.74,0.42,43,6.9435653896,"2-2"
0.74,0.44,43,6.9580920496,"2-2"
0.74,0.46,43,6.9726480504,"2-2"
0.74,0.48,43,6.9874980944,"2-2"
0.74,0.5,43,7.00243834,"2-2"
0.74,0.52,43,7.0173731424,"2-2"
0.74,0.54,43,7.0323519696,"2-2"
0.74,0.56,44,7.0473222544,"2-2"
0.74,0.58,44,7.0622969864,"2-2"
0.74,0.6,44,7.077263168,"2-2"
0.74,0.62,44,7.0922472304,"2-2"
0.74,0.64,44,7.1072453968,"2-2"
0.74,0.66,44,7.122254496,"2-2"
0.74,0.68,44,7.137444216,"2-2"
0.74,0.7,44,7.15264088,"2-2"
0.74,0.72,45,7.1678466416,"2-2"
0.74,0.74,45,7.1830517344,"2-2"
0.74,0.76,45,7.1982616656,"2-2"
0.74,0.78,45,7.213478732,"2-2"
0.74,0.8,45,7.228702824,"2-2"
0.74,0.82,45,7.2439731568,"2-2"
0.74,0.84,45,7.259305168,"2-2"
0.74,0.86,45,7.2746564256,"2-2"
0.74,0.88,46,7.2900054464,"2-2"
0.74,0.9,46,7.305361376,"2-2"
0.74,0.92,46,7.3207604768,"2-2"
0.74,0.94,46,7.3361950592,"2-2"
0.74,0.96,46,7.3516435776,"2-2"
0.74,0.98,46,7.3671427984,"2-2"
0.74,1,46,7.3827406,"2-2"
0.76,0,40,6.74244024,"2-1"
0.76,0.02,40,6.74238432,"2-1"
0.76,0.04,40,6.7423260032,"2-1"
0.76,0.06,40,6.742265576,"2-1"
0.76,0.08,40,6.7457466912,"2-2"
0.76,0.1,40,6.755673584,"2-2"
0.76,0.12,41,6.7657811904,"2-2"
0.76,0.14,41,6.7759796832,"2-2"
0.76,0.16,41,6.7881239904,"2-2"
0.76,0.18,41,6.8013102496,"2-2"
0.76,0.2,41,6.81471776,"2-2"
0.76,0.22,41,6.8281141184,"2-2"
0.76,0.24,41,6.8415344672,"2-2"
0.76,0.26,42,6.8550053504,"2-2"
0.76,0.28,42,6.8686317344,"2-2"
0.76,0.3,42,6.883121064,"2-2"
0.76,0.32,42,6.897610896,"2-2"
0.76,0.34,42,6.9122043744,"2-2"
0.76,0.36,42,6.9267963008,"2-2"
0.76,0.38,43,6.9413962176,"2-2"
0.76,0.4,43,6.95599112,"2-2"
0.76,0.42,43,6.970591088,"2-2"
0.76,0.44,43,6.985236016,"2-2"
0.76,0.46,43,6.99989584,"2-2"
0.76,0.48,43,7.0148791712,"2-2"
0.76,0.5,43,7.02994244,"2-2"
0.76,0.52,44,7.044999472,"2-2"
0.76,0.54,44,7.0600899216,"2-2"
0.76,0.56,44,7.0751816896,"2-2"
0.76,0.58,44,7.0902739552,"2-2"
0.76,0.6,44,7.105363648,"2-2"
0.76,0.62,44,7.1204626096,"2-2"
0.76,0.64,44,7.1355761792,"2-2"
0.76,0.66,44,7.1507146992,"2-2"
0.76,0.68,45,7.1660276256,"2-2"
0.76,0.7,45,7.181354352,"2-2"
0.76,0.72,45,7.1966809152,"2-2"
0.76,0.74,45,7.2120173504,"2-2"
0.76,0.76,45,7.2273534848,"2-2"
0.76,0.78,45,7.2426817328,"2-2"
0.76,0.8,45,7.258029888,"2-2"
0.76,0.82,45,7.273415624,"2-2"
0.76,0.84,46,7.288891936,"2-2"
0.76,0.86,46,7.304368728,"2-2"
0.76,0.88,46,7.319849328,"2-2"
0.76,0.9,46,7.335325728,"2-2"
0.76,0.92,46,7.350860864,"2-2"
0.76,0.94,46,7.3664284176,"2-2"
0.76,0.96,46,7.3820089504,"2-2"
0.76,0.98,46,7.3976389664,"2-2"
0.76,1,46,7.41333144,"2-2"
0.78,0,41,6.76761164,"2-1"
0.78,0.02,41,6.76755746,"2-1"
0.78,0.04,41,6.76749684,"2-1"
0.78,0.06,41,6.76743578,"2-1"
0.78,0.08,41,6.7710805856,"2-2"
0.78,0.1,41,6.781077076,"2-2"
0.78,0.12,41,6.791245696,"2-2"
0.78,0.14,41,6.8014995704,"2-2"
0.78,0.16,41,6.8137664752,"2-2"
0.78,0.18,41,6.8270704856,"2-2"
0.78,0.2,41,6.840563968,"2-2"
0.78,0.22,42,6.8540696568,"2-2"
0.78,0.24,42,6.8675756864,"2-2"
0.78,0.26,42,6.8811386968,"2-2"
0.78,0.28,42,6.8948713552,"2-2"
0.78,0.3,42,6.909474572,"2-2"
0.78,0.32,42,6.9240898208,"2-2"
0.78,0.34,42,6.938793924,"2-2"
0.78,0.36,43,6.9534940928,"2-2"
0.78,0.38,43,6.9682067816,"2-2"
0.78,0.4,43,6.98292088,"2-2"
0.78,0.42,43,6.9976330824,"2-2"
0.78,0.44,43,7.012384032,"2-2"
0.78,0.46,43,7.0271532336,"2-2"
0.78,0.48,43,7.0422573488,"2-2"
0.78,0.5,44,7.05743366,"2-2"
0.78,0.52,44,7.0726140688,"2-2"
0.78,0.54,44,7.087829528,"2-2"
0.78,0.56,44,7.103045208,"2-2"
0.78,0.58,44,7.1182509952,"2-2"
0.78,0.6,44,7.133475696,"2-2"
0.78,0.62,44,7.1486721344,"2-2"
0.78,0.64,45,7.163916512,"2-2"
0.78,0.66,45,7.1791726848,"2-2"
0.78,0.68,45,7.19461212,"2-2"
0.78,0.7,45,7.210058456,"2-2"
0.78,0.72,45,7.2255156816,"2-2"
0.78,0.74,45,7.240975224,"2-2"
0.78,0.76,45,7.2564349376,"2-2"
0.78,0.78,45,7.2718877016,"2-2"
0.78,0.8,46,7.287347568,"2-2"
0.78,0.82,46,7.3028761016,"2-2"
0.78,0.84,46,7.3184759632,"2-2"
0.78,0.86,46,7.3340706856,"2-2"
0.78,0.88,46,7.3496805552,"2-2"
0.78,0.9,46,7.365296988,"2-2"
0.78,0.92,46,7.3809625744,"2-2"
0.78,0.94,46,7.3966560584,"2-2"
0.78,0.96,46,7.4123687408,"2-2"
0.78,0.98,47,7.428126676,"2-2"
0.78,1,47,7.44395952,"2-2"
0.8,0,41,6.7928004,"2-1"
0.8,0.02,41,6.792740768,"2-1"
0.8,0.04,41,6.792679936,"2-1"
0.8,0.06,41,6.792619104,"2-1"
0.8,0.08,41,6.79642304,"2-2"
0.8,0.1,41,6.80649784,"2-2"
0.8,0.12,41,6.816720784,"2-2"
0.8,0.14,41,6.827024576,"2-2"
0.8,0.16,41,6.83941328,"2-2"
0.8,0.18,42,6.852841096,"2-2"
0.8,0.2,42,6.86643016,"2-2"
0.8,0.22,42,6.880013,"2-2"
0.8,0.24,42,6.893614976,"2-2"
0.8,0.26,42,6.907268264,"2-2"
0.8,0.28,42,6.921121248,"2-2"
0.8,0.3,42,6.93583232,"2-2"
0.8,0.32,43,6.950567408,"2-2"
0.8,0.34,43,6.965379696,"2-2"
0.8,0.36,43,6.98019552,"2-2"
0.8,0.38,43,6.995015048,"2-2"
0.8,0.4,43,7.00983688,"2-2"
0.8,0.42,43,7.024661008,"2-2"
0.8,0.44,43,7.039520448,"2-2"
0.8,0.46,44,7.054410416,"2-2"
0.8,0.48,44,7.069648032,"2-2"
0.8,0.5,44,7.0849414,"2-2"
0.8,0.52,44,7.100236576,"2-2"
0.8,0.54,44,7.115577952,"2-2"
0.8,0.56,44,7.13090352,"2-2"
0.8,0.58,44,7.146233192,"2-2"
0.8,0.6,45,7.16156624,"2-2"
0.8,0.62,45,7.176898816,"2-2"
0.8,0.64,45,7.192265568,"2-2"
0.8,0.66,45,7.207635808,"2-2"
0.8,0.68,45,7.223200144,"2-2"
0.8,0.7,45,7.23877052,"2-2"
0.8,0.72,45,7.254342096,"2-2"
0.8,0.74,45,7.269920872,"2-2"
0.8,0.76,46,7.285515472,"2-2"
0.8,0.78,46,7.301098848,"2-2"
0.8,0.8,46,7.3166992,"2-2"
0.8,0.82,46,7.332336224,"2-2"
0.8,0.84,46,7.348068272,"2-2"
0.8,0.86,46,7.363795648,"2-2"
0.8,0.88,46,7.379518128,"2-2"
0.8,0.9,46,7.39526,"2-2"
0.8,0.92,46,7.411055216,"2-2"
0.8,0.94,47,7.426892992,"2-2"
0.8,0.96,47,7.442731984,"2-2"
0.8,0.98,47,7.458621208,"2-2"
0.8,1,47,7.4745856,"2-2"
0.82,0,41,6.81802228,"2-1"
0.82,0.02,41,6.8179711824,"2-1"
0.82,0.04,41,6.8179098704,"2-1"
0.82,0.06,41,6.8178485656,"2-1"
0.82,0.08,41,6.8218072544,"2-2"
0.82,0.1,41,6.831945868,"2-2"
0.82,0.12,41,6.8422201344,"2-2"
0.82,0.14,42,6.8525519272,"2-2"
0.82,0.16,42,6.8650812608,"2-2"
0.82,0.18,42,6.878640912,"2-2"
0.82,0.2,42,6.892322096,"2-2"
0.82,0.22,42,6.905999248,"2-2"
0.82,0.24,42,6.919672296,"2-2"
0.82,0.26,42,6.9334317376,"2-2"
0.82,0.28,43,6.9473759264,"2-2"
0.82,0.3,43,6.962221576,"2-2"
0.82,0.32,43,6.9770813552,"2-2"
0.82,0.34,43,6.9919914752,"2-2"
0.82,0.36,43,7.0069174928,"2-2"
0.82,0.38,43,7.0218375696,"2-2"
0.82,0.4,43,7.036771064,"2-2"
0.82,0.42,44,7.05172364,"2-2"
0.82,0.44,44,7.0666953584,"2-2"
0.82,0.46,44,7.081684664,"2-2"
0.82,0.48,44,7.0970407664,"2-2"
0.82,0.5,44,7.11246186,"2-2"
0.82,0.52,44,7.1278795488,"2-2"
0.82,0.54,44,7.1433344696,"2-2"
0.82,0.56,45,7.1587803712,"2-2"
0.82,0.58,45,7.1742216776,"2-2"
0.82,0.6,45,7.189681008,"2-2"
0.82,0.62,45,7.2051363224,"2-2"
0.82,0.64,45,7.2206198576,"2-2"
0.82,0.66,45,7.2361130208,"2-2"
0.82,0.68,45,7.2517883728,"2-2"
0.82,0.7,45,7.26749806,"2-2"
0.82,0.72,45,7.2832061728,"2-2"
0.82,0.74,46,7.298903336,"2-2"
0.82,0.76,46,7.31459916,"2-2"
0.82,0.78,46,7.3303294984,"2-2"
0.82,0.8,46,7.34604268,"2-2"
0.82,0.82,46,7.3618113824,"2-2"
0.82,0.84,46,7.377674648,"2-2"
0.82,0.86,46,7.3935258232,"2-2"
0.82,0.88,46,7.4093856864,"2-2"
0.82,0.9,46,7.425238896,"2-2"
0.82,0.92,47,7.4411697568,"2-2"
0.82,0.94,47,7.4571282784,"2-2"
0.82,0.96,47,7.4730990656,"2-2"
0.82,0.98,47,7.4891186776,"2-2"
0.82,1,47,7.50522324,"2-2"
0.84,0,41,6.8434184,"2-1"
0.84,0.02,41,6.8433624688,"2-1"
0.84,0.04,41,6.8433004416,"2-1"
0.84,0.06,41,6.8432383824,"2-1"
0.84,0.08,42,6.847386672,"2-2"
0.84,0.1,42,6.85758892,"2-2"
0.84,0.12,42,6.867898784,"2-2"
0.84,0.14,42,6.8783207888,"2-2"
0.84,0.16,42,6.8909758752,"2-2"
0.84,0.18,42,6.9046045104,"2-2"
0.84,0.2,42,6.918367632,"2-2"
0.84,0.22,42,6.932125664,"2-2"
0.84,0.24,43,6.9459068928,"2-2"
0.84,0.26,43,6.959747208,"2-2"
0.84,0.28,43,6.9737617504,"2-2"
0.84,0.3,43,6.988751592,"2-2"
0.84,0.32,43,7.0037170336,"2-2"
0.84,0.34,43,7.0187467712,"2-2"
0.84,0.36,43,7.0337649856,"2-2"
0.84,0.38,44,7.0488015504,"2-2"
0.84,0.4,44,7.063834832,"2-2"
0.84,0.42,44,7.0788844064,"2-2"
0.84,0.44,44,7.0939573664,"2-2"
0.84,0.46,44,7.1090598304,"2-2"
0.84,0.48,44,7.1245346784,"2-2"
0.84,0.5,44,7.14006644,"2-2"
0.84,0.52,44,7.1556261728,"2-2"
0.84,0.54,45,7.1711694992,"2-2"
0.84,0.56,45,7.186734432,"2-2"
0.84,0.58,45,7.2022981248,"2-2"
0.84,0.6,45,7.217864976,"2-2"
0.84,0.62,45,7.2334378592,"2-2"
0.84,0.64,45,7.2490274176,"2-2"
0.84,0.66,45,7.2646302912,"2-2"
0.84,0.68,45,7.280451904,"2-2"
0.84,0.7,46,7.296269872,"2-2"
0.84,0.72,46,7.312102336,"2-2"
0.84,0.74,46,7.3279396864,"2-2"
0.84,0.76,46,7.3437458016,"2-2"
0.84,0.78,46,7.3595859328,"2-2"
0.84,0.8,46,7.37543352,"2-2"
0.84,0.82,46,7.3913138384,"2-2"
0.84,0.84,46,7.4073016224,"2-2"
0.84,0.86,46,7.423274528,"2-2"
0.84,0.88,47,7.4392642848,"2-2"
0.84,0.9,47,7.455253712,"2-2"
0.84,0.92,47,7.4713089536,"2-2"
0.84,0.94,47,7.487390416,"2-2"
0.84,0.96,47,7.503490176,"2-2"
0.84,0.98,47,7.5196431696,"2-2"
0.84,1,47,7.53588736,"2-2"
0.86,0,42,6.86922308,"2-1"
0.86,0.02,42,6.8691671376,"2-1"
0.86,0.04,42,6.8691045552,"2-1"
0.86,0.06,42,6.8690420928,"2-1"
0.86,0.08,42,6.8733601184,"2-2"
0.86,0.1,42,6.883637364,"2-2"
0.86,0.12,42,6.8940161104,"2-2"
0.86,0.14,42,6.904484688,"2-2"
0.86,0.16,42,6.9172566608,"2-2"
0.86,0.18,42,6.9309956448,"2-2"
0.86,0.2,43,6.944840528,"2-2"
0.86,0.22,43,6.95868978,"2-2"
0.86,0.24,43,6.9725505824,"2-2"
0.86,0.26,43,6.9864715656,"2-2"
0.86,0.28,43,7.0005995504,"2-2"
0.86,0.3,43,7.015678492,"2-2"
0.86,0.32,43,7.0307505312,"2-2"
0.86,0.34,44,7.0458771688,"2-2"
0.86,0.36,44,7.0610057728,"2-2"
0.86,0.38,44,7.0761304248,"2-2"
0.86,0.4,44,7.091260336,"2-2"
0.86,0.42,44,7.1064018544,"2-2"
0.86,0.44,44,7.1215792352,"2-2"
0.86,0.46,44,7.13678388,"2-2"
0.86,0.48,44,7.1523524976,"2-2"
0.86,0.5,45,7.1680061,"2-2"
0.86,0.52,45,7.183654424,"2-2"
0.86,0.54,45,7.1993261608,"2-2"
0.86,0.56,45,7.214991712,"2-2"
0.86,0.58,45,7.2306630544,"2-2"
0.86,0.6,45,7.24633132,"2-2"
0.86,0.62,45,7.2619999408,"2-2"
0.86,0.64,45,7.2777009824,"2-2"
0.86,0.66,46,7.2934137672,"2-2"
0.86,0.68,46,7.309337384,"2-2"
0.86,0.7,46,7.32526834,"2-2"
0.86,0.72,46,7.3412098544,"2-2"
0.86,0.74,46,7.3571473408,"2-2"
0.86,0.76,46,7.3730927856,"2-2"
0.86,0.78,46,7.3890304736,"2-2"
0.86,0.8,46,7.40499724,"2-2"
0.86,0.82,46,7.420982308,"2-2"
0.86,0.84,47,7.4371013376,"2-2"
0.86,0.86,47,7.4532048368,"2-2"
0.86,0.88,47,7.4693011536,"2-2"
0.86,0.9,47,7.485406616,"2-2"
0.86,0.92,47,7.5015887232,"2-2"
0.86,0.94,47,7.5177911168,"2-2"
0.86,0.96,47,7.5340124784,"2-2"
0.86,0.98,47,7.550277188,"2-2"
0.86,1,47,7.56666828,"2-2"
0.88,0,42,6.89502904,"2-1"
0.88,0.02,42,6.8949729008,"2-1"
0.88,0.04,42,6.8949105312,"2-1"
0.88,0.06,42,6.8948468768,"2-1"
0.88,0.08,42,6.89934496,"2-2"
0.88,0.1,42,6.909690864,"2-2"
0.88,0.12,42,6.920122512,"2-2"
0.88,0.14,42,6.9306606032,"2-2"
0.88,0.16,43,6.9435595552,"2-2"
0.88,0.18,43,6.957414528,"2-2"
0.88,0.2,43,6.971362416,"2-2"
0.88,0.22,43,6.9853008912,"2-2"
0.88,0.24,43,6.9992646016,"2-2"
0.88,0.26,43,7.0132815008,"2-2"
0.88,0.28,43,7.0275183872,"2-2"
0.88,0.3,44,7.042723064,"2-2"
0.88,0.32,44,7.057919904,"2-2"
0.88,0.34,44,7.0731649248,"2-2"
0.88,0.36,44,7.0884071872,"2-2"
0.88,0.38,44,7.1036458384,"2-2"
0.88,0.4,44,7.118898944,"2-2"
0.88,0.42,44,7.134157368,"2-2"
0.88,0.44,44,7.1494463776,"2-2"
0.88,0.46,45,7.1647638688,"2-2"
0.88,0.48,45,7.180472064,"2-2"
0.88,0.5,45,7.19624748,"2-2"
0.88,0.52,45,7.2120319872,"2-2"
0.88,0.54,45,7.2278243328,"2-2"
0.88,0.56,45,7.2436122272,"2-2"
0.88,0.58,45,7.2594026832,"2-2"
0.88,0.6,45,7.27520416,"2-2"
0.88,0.62,46,7.2909994,"2-2"
0.88,0.64,46,7.3068226496,"2-2"
0.88,0.66,46,7.3226720592,"2-2"
0.88,0.68,46,7.3387152736,"2-2"
0.88,0.7,46,7.354775384,"2-2"
0.88,0.72,46,7.370838304,"2-2"
0.88,0.74,46,7.386907456,"2-2"
0.88,0.76,46,7.4029714464,"2-2"
0.88,0.78,46,7.419040176,"2-2"
0.88,0.8,47,7.435117728,"2-2"
0.88,0.82,47,7.451235064,"2-2"
0.88,0.84,47,7.4674721312,"2-2"
0.88,0.86,47,7.4836997904,"2-2"
0.88,0.88,47,7.4999173184,"2-2"
0.88,0.9,47,7.516147824,"2-2"
0.88,0.92,47,7.5324367456,"2-2"
0.88,0.94,47,7.5487677616,"2-2"
0.88,0.96,47,7.565113776,"2-2"
0.88,0.98,47,7.5815114512,"2-2"
0.88,1,48,7.59798368,"2-2"
0.9,0,42,6.9208446,"2-1"
0.9,0.02,42,6.92079164,"2-1"
0.9,0.04,42,6.920729136,"2-1"
0.9,0.06,42,6.92066572,"2-1"
0.9,0.08,42,6.92532768,"2-2"
0.9,0.1,42,6.9357546,"2-2"
0.9,0.12,43,6.9462394,"2-2"
0.9,0.14,43,6.956825412,"2-2"
0.9,0.16,43,6.969876072,"2-2"
0.9,0.18,43,6.983839084,"2-2"
0.9,0.2,43,6.9978754,"2-2"
0.9,0.22,43,7.011922344,"2-2"
0.9,0.24,43,7.025978456,"2-2"
0.9,0.26,43,7.040087884,"2-2"
0.9,0.28,44,7.054450416,"2-2"
0.9,0.3,44,7.06977224,"2-2"
0.9,0.32,44,7.08509108,"2-2"
0.9,0.34,44,7.100451136,"2-2"
0.9,0.36,44,7.115807824,"2-2"
0.9,0.38,44,7.131162916,"2-2"
0.9,0.4,44,7.14653136,"2-2"
0.9,0.42,45,7.161902312,"2-2"
0.9,0.44,45,7.177315,"2-2"
0.9,0.46,45,7.192747768,"2-2"
0.9,0.48,45,7.20857972,"2-2"
0.9,0.5,45,7.224481,"2-2"
0.9,0.52,45,7.240391704,"2-2"
0.9,0.54,45,7.256310216,"2-2"
0.9,0.56,45,7.272225792,"2-2"
0.9,0.58,46,7.288143608,"2-2"
0.9,0.6,46,7.30406228,"2-2"
0.9,0.62,46,7.319987736,"2-2"
0.9,0.64,46,7.335939608,"2-2"
0.9,0.66,46,7.351909464,"2-2"
0.9,0.68,46,7.368090632,"2-2"
0.9,0.7,46,7.38428718,"2-2"
0.9,0.72,46,7.400465368,"2-2"
0.9,0.74,46,7.416673604,"2-2"
0.9,0.76,47,7.432866328,"2-2"
0.9,0.78,47,7.44906248,"2-2"
0.9,0.8,47,7.46527512,"2-2"
0.9,0.82,47,7.4815299,"2-2"
0.9,0.84,47,7.497897392,"2-2"
0.9,0.86,47,7.514246172,"2-2"
0.9,0.88,47,7.530596144,"2-2"
0.9,0.9,47,7.54697592,"2-2"
0.9,0.92,47,7.563398504,"2-2"
0.9,0.94,47,7.579861572,"2-2"
0.9,0.96,48,7.596334504,"2-2"
0.9,0.98,48,7.612872456,"2-2"
0.9,1,48,7.6294902,"2-2"
0.92,0,43,6.9467444,"2-1"
0.92,0.02,43,6.9466925616,"2-1"
0.92,0.04,43,6.9466295232,"2-1"
0.92,0.06,43,6.9465666352,"2-1"
0.92,0.08,43,6.9514117344,"2-2"
0.92,0.1,43,6.96189948,"2-2"
0.92,0.12,43,6.9724468032,"2-2"
0.92,0.14,43,6.9831024656,"2-2"
0.92,0.16,43,6.9962730688,"2-2"
0.92,0.18,43,7.010349736,"2-2"
0.92,0.2,43,7.024490224,"2-2"
0.92,0.22,43,7.0386166784,"2-2"
0.92,0.24,44,7.0527779904,"2-2"
0.92,0.26,44,7.0669824208,"2-2"
0.92,0.28,44,7.0814253568,"2-2"
0.92,0.3,44,7.096896088,"2-2"
0.92,0.32,44,7.1123338944,"2-2"
0.92,0.34,44,7.1278023248,"2-2"
0.92,0.36,44,7.14327472,"2-2"
0.92,0.38,45,7.1587481824,"2-2"
0.92,0.4,45,7.174228864,"2-2"
0.92,0.42,45,7.1897155168,"2-2"
0.92,0.44,45,7.2052370592,"2-2"
0.92,0.46,45,7.2207902832,"2-2"
0.92,0.48,45,7.2367497728,"2-2"
0.92,0.5,45,7.25278176,"2-2"
0.92,0.52,45,7.2688100672,"2-2"
0.92,0.54,46,7.2848464304,"2-2"
0.92,0.56,46,7.300888656,"2-2"
0.92,0.58,46,7.3169283536,"2-2"
0.92,0.6,46,7.33296896,"2-2"
0.92,0.62,46,7.3490088688,"2-2"
0.92,0.64,46,7.3650863008,"2-2"
0.92,0.66,46,7.381189776,"2-2"
0.92,0.68,46,7.3974990912,"2-2"
0.92,0.7,46,7.413826456,"2-2"
0.92,0.72,47,7.430131104,"2-2"
0.92,0.74,47,7.4464646944,"2-2"
0.92,0.76,47,7.4627786464,"2-2"
0.92,0.78,47,7.4791085264,"2-2"
0.92,0.8,47,7.495450512,"2-2"
0.92,0.82,47,7.5118471712,"2-2"
0.92,0.84,47,7.5283402496,"2-2"
0.92,0.86,47,7.544828288,"2-2"
0.92,0.88,47,7.5613134272,"2-2"
0.92,0.9,47,7.577810232,"2-2"
0.92,0.92,48,7.5943857504,"2-2"
0.92,0.94,48,7.6109694864,"2-2"
0.92,0.96,48,7.6275769344,"2-2"
0.92,0.98,48,7.6442542448,"2-2"
0.92,1,48,7.6610172,"2-2"
0.94,0,43,6.973036,"2-1"
0.94,0.02,43,6.9729778144,"2-1"
0.94,0.04,43,6.972914984,"2-1"
0.94,0.06,43,6.9728511232,"2-1"
0.94,0.08,43,6.9778825744,"2-2"
0.94,0.1,43,6.988444816,"2-2"
0.94,0.12,43,6.9990425072,"2-2"
0.94,0.14,43,7.0097582504,"2-2"
0.94,0.16,43,7.023065232,"2-2"
0.94,0.18,43,7.0372499296,"2-2"
0.94,0.2,44,7.051481512,"2-2"
0.94,0.22,44,7.0657094536,"2-2"
0.94,0.24,44,7.079955408,"2-2"
0.94,0.26,44,7.0942644464,"2-2"
0.94,0.28,44,7.108832928,"2-2"
0.94,0.3,44,7.124401988,"2-2"
0.94,0.32,44,7.1399644144,"2-2"
0.94,0.34,44,7.1555456192,"2-2"
0.94,0.36,45,7.1711340816,"2-2"
0.94,0.38,45,7.1867166056,"2-2"
0.94,0.4,45,7.202304792,"2-2"
0.94,0.42,45,7.21791006,"2-2"
0.94,0.44,45,7.2335403136,"2-2"
0.94,0.46,45,7.2492047144,"2-2"
0.94,0.48,45,7.26528624,"2-2"
0.94,0.5,45,7.2814462,"2-2"
0.94,0.52,46,7.297604656,"2-2"
0.94,0.54,46,7.3137612232,"2-2"
0.94,0.56,46,7.3299193728,"2-2"
0.94,0.58,46,7.3460843136,"2-2"
0.94,0.6,46,7.362242224,"2-2"
0.94,0.62,46,7.37841686,"2-2"
0.94,0.64,46,7.3946081968,"2-2"
0.94,0.66,46,7.410823868,"2-2"
0.94,0.68,47,7.4272515328,"2-2"
0.94,0.7,47,7.44370726,"2-2"
0.94,0.72,47,7.4601565344,"2-2"
0.94,0.74,47,7.476599636,"2-2"
0.94,0.76,47,7.4930495504,"2-2"
0.94,0.78,47,7.5095007216,"2-2"
0.94,0.8,47,7.525969472,"2-2"
0.94,0.82,47,7.5424866072,"2-2"
0.94,0.84,47,7.5590994928,"2-2"
0.94,0.86,47,7.5757181472,"2-2"
0.94,0.88,48,7.592330304,"2-2"
0.94,0.9,48,7.608949912,"2-2"
0.94,0.92,48,7.6256412576,"2-2"
0.94,0.94,48,7.6423619048,"2-2"
0.94,0.96,48,7.659105528,"2-2"
0.94,0.98,48,7.6759014904,"2-2"
0.94,1,48,7.6927758,"2-2"
0.96,0,43,6.99936104,"2-1"
0.96,0.02,43,6.9993094448,"2-1"
0.96,0.04,43,6.9992460896,"2-1"
0.96,0.06,43,6.9991827648,"2-1"
0.96,0.08,43,7.0043910368,"2-2"
0.96,0.1,43,7.015021456,"2-2"
0.96,0.12,43,7.0256845696,"2-2"
0.96,0.14,43,7.0364563712,"2-2"
0.96,0.16,44,7.0499030848,"2-2"
0.96,0.18,44,7.0642123744,"2-2"
0.96,0.2,44,7.078535008,"2-2"
0.96,0.22,44,7.0928700992,"2-2"
0.96,0.24,44,7.107213184,"2-2"
0.96,0.26,44,7.1216232112,"2-2"
0.96,0.28,44,7.1363120576,"2-2"
0.96,0.3,44,7.152002536,"2-2"
0.96,0.32,45,7.1676915584,"2-2"
0.96,0.34,45,7.1833970448,"2-2"
0.96,0.36,45,7.1990997984,"2-2"
0.96,0.38,45,7.2148016656,"2-2"
0.96,0.4,45,7.23051,"2-2"
0.96,0.42,45,7.2462316624,"2-2"
0.96,0.44,45,7.2619856352,"2-2"
0.96,0.46,45,7.2777744864,"2-2"
0.96,0.48,46,7.293987792,"2-2"
0.96,0.5,46,7.31027408,"2-2"
0.96,0.52,46,7.3265589568,"2-2"
0.96,0.54,46,7.3428476592,"2-2"
0.96,0.56,46,7.359133728,"2-2"
0.96,0.58,46,7.375423072,"2-2"
0.96,0.6,46,7.3917124,"2-2"
0.96,0.62,46,7.4080161808,"2-2"
0.96,0.64,46,7.4243369152,"2-2"
0.96,0.66,47,7.4406946512,"2-2"
0.96,0.68,47,7.4572538176,"2-2"
0.96,0.7,47,7.473837936,"2-2"
0.96,0.72,47,7.4904082816,"2-2"
0.96,0.74,47,7.5069911216,"2-2"
0.96,0.76,47,7.523580144,"2-2"
0.96,0.78,47,7.5401671168,"2-2"
0.96,0.8,47,7.556770576,"2-2"
0.96,0.82,47,7.5734261072,"2-2"
0.96,0.84,48,7.5901715936,"2-2"
0.96,0.86,48,7.606925928,"2-2"
0.96,0.88,48,7.6236837376,"2-2"
0.96,0.9,48,7.640443648,"2-2"
0.96,0.92,48,7.6572778624,"2-2"
0.96,0.94,48,7.6741339696,"2-2"
0.96,0.96,48,7.6910158656,"2-2"
0.96,0.98,48,7.70795092,"2-2"
0.96,1,48,7.72498032,"2-2"
0.98,0,43,7.02603496,"2-1"
0.98,0.02,43,7.0259815128,"2-1"
0.98,0.04,43,7.025917952,"2-1"
0.98,0.06,43,7.025854576,"2-1"
0.98,0.08,43,7.0312579872,"2-2"
0.98,0.1,43,7.041957512,"2-2"
0.98,0.12,44,7.0526781616,"2-2"
0.98,0.14,44,7.0635165656,"2-2"
0.98,0.16,44,7.077108416,"2-2"
0.98,0.18,44,7.0915253432,"2-2"
0.98,0.2,44,7.105956888,"2-2"
0.98,0.22,44,7.1203813552,"2-2"
0.98,0.24,44,7.134823384,"2-2"
0.98,0.26,44,7.1493437872,"2-2"
0.98,0.28,45,7.1641467456,"2-2"
0.98,0.3,45,7.17996794,"2-2"
0.98,0.32,45,7.1957838112,"2-2"
0.98,0.34,45,7.2116077656,"2-2"
0.98,0.36,45,7.2274231968,"2-2"
0.98,0.38,45,7.2432521232,"2-2"
0.98,0.4,45,7.25907896,"2-2"
0.98,0.42,45,7.2749118232,"2-2"
0.98,0.44,46,7.2907927344,"2-2"
0.98,0.46,46,7.3067022368,"2-2"
0.98,0.48,46,7.3230387936,"2-2"
0.98,0.5,46,7.33945704,"2-2"
0.98,0.52,46,7.3558784512,"2-2"
0.98,0.54,46,7.3722979224,"2-2"
0.98,0.56,46,7.3887165184,"2-2"
0.98,0.58,46,7.40513432,"2-2"
0.98,0.6,46,7.421551952,"2-2"
0.98,0.62,47,7.4379722744,"2-2"
0.98,0.64,47,7.45442988,"2-2"
0.98,0.66,47,7.4709092184,"2-2"
0.98,0.68,47,7.4876189168,"2-2"
0.98,0.7,47,7.50432054,"2-2"
0.98,0.72,47,7.5210389872,"2-2"
0.98,0.74,47,7.537761076,"2-2"
0.98,0.76,47,7.5544732112,"2-2"
0.98,0.78,47,7.5711929592,"2-2"
0.98,0.8,48,7.587921824,"2-2"
0.98,0.82,48,7.6047161664,"2-2"
0.98,0.84,48,7.6216168784,"2-2"
0.98,0.86,48,7.6384958136,"2-2"
0.98,0.88,48,7.6553802064,"2-2"
0.98,0.9,48,7.672288216,"2-2"
0.98,0.92,48,7.6892539424,"2-2"
0.98,0.94,48,7.706251384,"2-2"
0.98,0.96,48,7.7232697392,"2-2"
0.98,0.98,48,7.740347708,"2-2"
0.98,1,49,7.75750688,"2-2"
1,0,44,7.053236,"2-1"
1,0.02,44,7.05317588,"2-1"
1,0.04,44,7.05311344,"2-1"
1,0.06,44,7.05305164,"2-1"
1,0.08,44,7.05866,"2-2"
1,0.1,44,7.0694322,"2-2"
1,0.12,44,7.08021528,"2-2"
1,0.14,44,7.09112324,"2-2"
1,0.16,44,7.1048708,"2-2"
1,0.18,44,7.11940276,"2-2"
1,0.2,44,7.133936,"2-2"
1,0.22,44,7.1484738,"2-2"
1,0.24,45,7.16302696,"2-2"
1,0.26,45,7.177643,"2-2"
1,0.28,45,7.19257704,"2-2"
1,0.3,45,7.2085244,"2-2"
1,0.32,45,7.2244724,"2-2"
1,0.34,45,7.24041932,"2-2"
1,0.36,45,7.25636816,"2-2"
1,0.38,45,7.27231872,"2-2"
1,0.4,46,7.2882736,"2-2"
1,0.42,46,7.30423388,"2-2"
1,0.44,46,7.32023704,"2-2"
1,0.46,46,7.33627916,"2-2"
1,0.48,46,7.35275912,"2-2"
1,0.5,46,7.36931,"2-2"
1,0.52,46,7.38586328,"2-2"
1,0.54,46,7.40241528,"2-2"
1,0.56,46,7.4189692,"2-2"
1,0.58,47,7.43552308,"2-2"
1,0.6,47,7.4520816,"2-2"
1,0.62,47,7.46864104,"2-2"
1,0.64,47,7.48523208,"2-2"
1,0.66,47,7.50184528,"2-2"
1,0.68,47,7.51868976,"2-2"
1,0.7,47,7.5355444,"2-2"
1,0.72,47,7.55239808,"2-2"
1,0.74,47,7.56925252,"2-2"
1,0.76,48,7.58610864,"2-2"
1,0.78,48,7.60296992,"2-2"
1,0.8,48,7.6198424,"2-2"
1,0.82,48,7.6367756,"2-2"
1,0.84,48,7.65380488,"2-2"
1,0.86,48,7.67083428,"2-2"
1,0.88,48,7.68786512,"2-2"
1,0.9,48,7.7049004,"2-2"
1,0.92,48,7.72200736,"2-2"
1,0.94,48,7.73915168,"2-2"
1,0.96,48,7.75631248,"2-2"
1,0.98,49,7.77352804,"2-2"
1,1,49,7.790822,"2-2"
